codigo_mesa,codigo_recinto,nro_mesa,votantes_habilitados
1010200001001,1010200001,1,877
1010200001002,1010200001,2,949
1010200001003,1010200001,3,987
1010200001004,1010200001,4,119
1010200001005,1010200001,5,924
1010200001006,1010200001,6,54
1010200001007,1010200001,7,972
1010200001008,1010200001,8,186
1010200001009,1010200001,9,828
1010300010001,1010300010,1,911
1010300011001,1010300011,1,678
1010300011002,1010300011,2,930
1010300011003,1010300011,3,279
1010300011004,1010300011,4,429
1010300011005,1010300011,5,187
1010300011006,1010300011,6,212
1010300011007,1010300011,7,727
1010300011008,1010300011,8,588
1010300011009,1010300011,9,237
1010300011010,1010300011,10,23
1010300011011,1010300011,11,693
1010300011012,1010300011,12,952
1010300011013,1010300011,13,404
1010300011014,1010300011,14,10
1010300011015,1010300011,15,202
1010300011016,1010300011,16,413
1010300027001,1010300027,1,144
1010300027002,1010300027,2,162
1010300027003,1010300027,3,805
1010300027004,1010300027,4,940
1010300027005,1010300027,5,60
1010300027006,1010300027,6,588
1010300027007,1010300027,7,569
1010300027008,1010300027,8,460
1010300027009,1010300027,9,806
1010300027010,1010300027,10,479
1010300027011,1010300027,11,409
1010300027012,1010300027,12,252
1010300027013,1010300027,13,593
1010300027014,1010300027,14,776
1020100041001,1020100041,1,762
1020100041002,1020100041,2,987
1020100041003,1020100041,3,677
1020100041004,1020100041,4,34
1020100045001,1020100045,1,423
1020100045002,1020100045,2,7
1020100045003,1020100045,3,121
1020100045004,1020100045,4,262
1020100045005,1020100045,5,356
1020100045006,1020100045,6,190
1020100045007,1020100045,7,684
1020100045008,1020100045,8,722
1020100045009,1020100045,9,382
1020100045010,1020100045,10,933
1020100045011,1020100045,11,70
1020100045012,1020100045,12,368
1020100045013,1020100045,13,338
1020100045014,1020100045,14,760
1020100045015,1020100045,15,62
1020100045016,1020100045,16,214
1020100045017,1020100045,17,79
1020100062001,1020100062,1,92
1020100062002,1020100062,2,893
1020100062003,1020100062,3,539
1020100062004,1020100062,4,131
1020100062005,1020100062,5,528
1030100067001,1030100067,1,587
1030100067002,1030100067,2,927
1030100067003,1030100067,3,144
1030100067004,1030100067,4,778
1030100067005,1030100067,5,880
1030100067006,1030100067,6,341
1030100067007,1030100067,7,606
1030100067008,1030100067,8,601
1030100067009,1030100067,9,405
1030100067010,1030100067,10,176
1030100067011,1030100067,11,959
1030100067012,1030100067,12,440
1030100067013,1030100067,13,621
1030100067014,1030100067,14,583
1030200081001,1030200081,1,781
1030200081002,1030200081,2,757
1030200081003,1030200081,3,347
1030200081004,1030200081,4,459
1030200081005,1030200081,5,468
1030200081006,1030200081,6,80
1030200087001,1030200087,1,45
1030200087002,1030200087,2,236
1030200087003,1030200087,3,788
1030200087004,1030200087,4,501
1030200087005,1030200087,5,257
1030200087006,1030200087,6,734
1030200087007,1030200087,7,276
1030200087008,1030200087,8,235
1030200087009,1030200087,9,752
1030200087010,1030200087,10,37
1030300097001,1030300097,1,10
1030300097002,1030300097,2,702
1030300097003,1030300097,3,582
1030300097004,1030300097,4,745
1030300097005,1030300097,5,706
1030300097006,1030300097,6,553
1030300097007,1030300097,7,248
1030300097008,1030300097,8,421
1030300097009,1030300097,9,153
1030300097010,1030300097,10,674
1030300097011,1030300097,11,233
1030300097012,1030300097,12,257
1030300097013,1030300097,13,223
1030300097014,1030300097,14,721
1030300097015,1030300097,15,457
1030300097016,1030300097,16,859
1030300097017,1030300097,17,331
1030300097018,1030300097,18,366
1030400115001,1030400115,1,718
1030400115002,1030400115,2,266
1030400115003,1030400115,3,323
1030400115004,1030400115,4,893
1030400115005,1030400115,5,699
1030400115006,1030400115,6,992
1030400121001,1030400121,1,364
1030400121002,1030400121,2,745
1030400121003,1030400121,3,912
1030400121004,1030400121,4,847
1040100125001,1040100125,1,542
1040100125002,1040100125,2,97
1040100125003,1040100125,3,13
1040100125004,1040100125,4,645
1040100125005,1040100125,5,126
1040100125006,1040100125,6,733
1040100125007,1040100125,7,48
1040100132001,1040100132,1,717
1040100132002,1040100132,2,195
1040100132003,1040100132,3,714
1040100132004,1040100132,4,482
1040100132005,1040100132,5,705
1040100132006,1040100132,6,722
1040100132007,1040100132,7,945
1040100132008,1040100132,8,532
1040100132009,1040100132,9,774
1040100132010,1040100132,10,141
1040100132011,1040100132,11,520
1040100143001,1040100143,1,621
1040100143002,1040100143,2,92
1040100143003,1040100143,3,257
1040100143004,1040100143,4,126
1040100143005,1040100143,5,158
1040100143006,1040100143,6,173
1040100143007,1040100143,7,279
1040200150001,1040200150,1,133
1040200150002,1040200150,2,215
1040200150003,1040200150,3,630
1040200150004,1040200150,4,195
1040200150005,1040200150,5,917
1040200150006,1040200150,6,648
1040200150007,1040200150,7,608
1040200150008,1040200150,8,845
1040200150009,1040200150,9,353
1040200150010,1040200150,10,11
1040200150011,1040200150,11,377
1040200161001,1040200161,1,712
1040200161002,1040200161,2,642
1040200161003,1040200161,3,444
1040200161004,1040200161,4,787
1040200161005,1040200161,5,382
1040200161006,1040200161,6,110
1040200161007,1040200161,7,619
1040200161008,1040200161,8,570
1040200161009,1040200161,9,119
1040200161010,1040200161,10,583
1040200161011,1040200161,11,324
1040200161012,1040200161,12,923
1040200161013,1040200161,13,493
1040200161014,1040200161,14,91
1040200161015,1040200161,15,261
1040200161016,1040200161,16,792
1040200161017,1040200161,17,179
1040300178001,1040300178,1,39
1040300178002,1040300178,2,854
1040300178003,1040300178,3,244
1040300181001,1040300181,1,62
1040300181002,1040300181,2,748
1040300181003,1040300181,3,708
1040300181004,1040300181,4,273
1040300181005,1040300181,5,400
1040400186001,1040400186,1,837
1040400186002,1040400186,2,989
1040400186003,1040400186,3,982
1040400189001,1040400189,1,314
1040400189002,1040400189,2,573
1040400189003,1040400189,3,636
1040400189004,1040400189,4,324
1040400189005,1040400189,5,6
1040400189006,1040400189,6,427
1040400189007,1040400189,7,557
1040400189008,1040400189,8,858
1040400197001,1040400197,1,369
1040400197002,1040400197,2,757
1040400197003,1040400197,3,522
1040400197004,1040400197,4,220
1040400197005,1040400197,5,784
1040400197006,1040400197,6,876
1040400197007,1040400197,7,681
1040400197008,1040400197,8,569
1040400197009,1040400197,9,510
1040500206001,1040500206,1,35
1040500206002,1040500206,2,661
1040500206003,1040500206,3,287
1040500206004,1040500206,4,970
1040500206005,1040500206,5,570
1040500206006,1040500206,6,138
1040500206007,1040500206,7,310
1040500206008,1040500206,8,652
1040500206009,1040500206,9,466
1040500206010,1040500206,10,28
1040500206011,1040500206,11,618
1040500206012,1040500206,12,31
1060100218001,1060100218,1,847
1060100218002,1060100218,2,365
1060100218003,1060100218,3,721
1060100221001,1060100221,1,564
1060100221002,1060100221,2,140
1060100221003,1060100221,3,253
1060100221004,1060100221,4,466
1060100221005,1060100221,5,197
1060100221006,1060100221,6,873
1060100221007,1060100221,7,364
1060100221008,1060100221,8,260
1060100221009,1060100221,9,69
1060100221010,1060100221,10,326
1060100231001,1060100231,1,413
1060100231002,1060100231,2,805
1060100231003,1060100231,3,839
1060100231004,1060100231,4,562
1060100231005,1060100231,5,103
1060100231006,1060100231,6,736
1060100231007,1060100231,7,984
1060100231008,1060100231,8,435
1060100231009,1060100231,9,700
1060100231010,1060100231,10,410
1060100231011,1060100231,11,313
1060200242001,1060200242,1,339
1060200242002,1060200242,2,942
1060200242003,1060200242,3,752
1060200242004,1060200242,4,420
1060200242005,1060200242,5,305
1060200242006,1060200242,6,636
1060200242007,1060200242,7,366
1060200242008,1060200242,8,334
1060200242009,1060200242,9,289
1060200242010,1060200242,10,93
1060200242011,1060200242,11,751
1060200242012,1060200242,12,327
1060200242013,1060200242,13,635
1060200242014,1060200242,14,754
1060200242015,1060200242,15,635
1060200242016,1060200242,16,218
1060200242017,1060200242,17,71
1060200242018,1060200242,18,481
1060200242019,1060200242,19,427
1060200261001,1060200261,1,759
1060200261002,1060200261,2,918
1060200261003,1060200261,3,184
1060200261004,1060200261,4,764
1060200261005,1060200261,5,641
1060200261006,1060200261,6,890
1060200261007,1060200261,7,487
1060200261008,1060200261,8,596
1060200261009,1060200261,9,758
1070100270001,1070100270,1,648
1070100270002,1070100270,2,909
1070200272001,1070200272,1,413
1070200272002,1070200272,2,623
1070200274001,1070200274,1,668
1070200274002,1070200274,2,435
1070200274003,1070200274,3,258
1070200274004,1070200274,4,527
1070200274005,1070200274,5,258
1070200274006,1070200274,6,242
1070200274007,1070200274,7,143
1070200274008,1070200274,8,170
1070200274009,1070200274,9,868
1070200274010,1070200274,10,539
1070200274011,1070200274,11,878
1070200285001,1070200285,1,199
1070200285002,1070200285,2,945
1070200285003,1070200285,3,770
1070200285004,1070200285,4,430
1070200285005,1070200285,5,478
1070200285006,1070200285,6,192
1070200285007,1070200285,7,7
1070200285008,1070200285,8,472
1070200285009,1070200285,9,976
1070200285010,1070200285,10,237
1070300295001,1070300295,1,186
1070300295002,1070300295,2,942
1070300295003,1070300295,3,831
1070300295004,1070300295,4,686
1070300295005,1070300295,5,105
1070300300001,1070300300,1,292
1070300300002,1070300300,2,438
1070300300003,1070300300,3,679
1070300300004,1070300300,4,674
1070300300005,1070300300,5,693
1070300300006,1070300300,6,454
1070300300007,1070300300,7,982
1070300300008,1070300300,8,64
1070300300009,1070300300,9,129
1070300300010,1070300300,10,898
1070300300011,1070300300,11,289
1070300300012,1070300300,12,720
1070300300013,1070300300,13,591
1070300300014,1070300300,14,27
1070300300015,1070300300,15,845
1070300300016,1070300300,16,497
1070300300017,1070300300,17,400
1070300300018,1070300300,18,646
1070300318001,1070300318,1,71
1070300318002,1070300318,2,993
1070300318003,1070300318,3,17
1070300318004,1070300318,4,193
1070300318005,1070300318,5,985
1070300318006,1070300318,6,531
1070300318007,1070300318,7,113
1070300318008,1070300318,8,673
1070400326001,1070400326,1,640
1070400326002,1070400326,2,370
1070400326003,1070400326,3,978
1070400326004,1070400326,4,26
1070400326005,1070400326,5,860
1070400326006,1070400326,6,626
1070400326007,1070400326,7,194
1070400326008,1070400326,8,393
1070400326009,1070400326,9,244
1070400326010,1070400326,10,411
1070400326011,1070400326,11,300
1070400326012,1070400326,12,918
1070400326013,1070400326,13,666
1070400326014,1070400326,14,739
1070400326015,1070400326,15,960
1070400326016,1070400326,16,847
1070400342001,1070400342,1,654
1070400342002,1070400342,2,612
1070400342003,1070400342,3,4
1070400342004,1070400342,4,972
1070400342005,1070400342,5,721
1070400342006,1070400342,6,922
1070400342007,1070400342,7,416
1090100349001,1090100349,1,461
1090100349002,1090100349,2,758
1090100349003,1090100349,3,522
1090100349004,1090100349,4,278
1090100349005,1090100349,5,304
1090100349006,1090100349,6,33
1090100349007,1090100349,7,903
1090100349008,1090100349,8,353
1090100349009,1090100349,9,558
1090100349010,1090100349,10,315
1090100349011,1090100349,11,573
1090100349012,1090100349,12,338
1090100349013,1090100349,13,249
1090100349014,1090100349,14,458
1090100363001,1090100363,1,406
1090100363002,1090100363,2,87
1090200365001,1090200365,1,702
1090200365002,1090200365,2,748
1090200365003,1090200365,3,805
1090200365004,1090200365,4,492
1090200365005,1090200365,5,286
1090300370001,1090300370,1,606
1090300370002,1090300370,2,223
1090300370003,1090300370,3,512
1090300370004,1090300370,4,670
1090300370005,1090300370,5,223
1090300370006,1090300370,6,87
1090300370007,1090300370,7,911
1090300370008,1090300370,8,53
1090300370009,1090300370,9,877
1090300370010,1090300370,10,227
1090300370011,1090300370,11,565
1090300370012,1090300370,12,893
1090300370013,1090300370,13,557
1090300370014,1090300370,14,605
1090300384001,1090300384,1,775
1090300384002,1090300384,2,472
1090300384003,1090300384,3,121
1090300384004,1090300384,4,779
1090300384005,1090300384,5,769
1090300384006,1090300384,6,598
1090300384007,1090300384,7,110
1090300384008,1090300384,8,506
1090300384009,1090300384,9,528
1090300384010,1090300384,10,643
1090300384011,1090300384,11,150
1090300384012,1090300384,12,374
1090300396001,1090300396,1,147
1090300396002,1090300396,2,969
1090300396003,1090300396,3,554
1090300396004,1090300396,4,242
1090300396005,1090300396,5,390
1100100401001,1100100401,1,664
1100100401002,1100100401,2,401
1100100401003,1100100401,3,160
1100100401004,1100100401,4,763
1100100401005,1100100401,5,478
1100100401006,1100100401,6,94
1100100401007,1100100401,7,227
1100100401008,1100100401,8,512
1100100401009,1100100401,9,207
1100200410001,1100200410,1,903
1100200410002,1100200410,2,53
1100200410003,1100200410,3,598
1100200410004,1100200410,4,168
1100200410005,1100200410,5,660
1100200410006,1100200410,6,539
1100200410007,1100200410,7,23
1100200417001,1100200417,1,628
1100200417002,1100200417,2,158
1100200417003,1100200417,3,741
1100200417004,1100200417,4,550
1100200417005,1100200417,5,643
1100200417006,1100200417,6,359
2010200423001,2010200423,1,251
2010200423002,2010200423,2,229
2010200423003,2010200423,3,20
2010200423004,2010200423,4,968
2010200423005,2010200423,5,868
2010200423006,2010200423,6,758
2010200423007,2010200423,7,53
2010200423008,2010200423,8,788
2010200423009,2010200423,9,123
2010200423010,2010200423,10,892
2010200423011,2010200423,11,204
2010200423012,2010200423,12,640
2010200423013,2010200423,13,69
2010200423014,2010200423,14,118
2010200423015,2010200423,15,223
2010200423016,2010200423,16,935
2010200423017,2010200423,17,789
2010200423018,2010200423,18,336
2010200441001,2010200441,1,898
2010200441002,2010200441,2,457
2010200441003,2010200441,3,734
2010400444001,2010400444,1,190
2010400444002,2010400444,2,980
2010400444003,2010400444,3,341
2010400444004,2010400444,4,812
2010400444005,2010400444,5,359
2010400449001,2010400449,1,673
2010400449002,2010400449,2,569
2010400449003,2010400449,3,755
2010400449004,2010400449,4,135
2010400449005,2010400449,5,616
2010400449006,2010400449,6,67
2010400449007,2010400449,7,803
2010400449008,2010400449,8,661
2010400449009,2010400449,9,468
2010400449010,2010400449,10,94
2010400449011,2010400449,11,168
2010400449012,2010400449,12,359
2010400449013,2010400449,13,191
2010400449014,2010400449,14,525
2010400449015,2010400449,15,19
2010400449016,2010400449,16,556
2010400465001,2010400465,1,555
2010400465002,2010400465,2,961
2010400465003,2010400465,3,323
2010400465004,2010400465,4,521
2010400465005,2010400465,5,768
2010400465006,2010400465,6,650
2010400465007,2010400465,7,833
2010400465008,2010400465,8,180
2010400465009,2010400465,9,843
2010400465010,2010400465,10,993
2010400465011,2010400465,11,960
2010400465012,2010400465,12,535
2010400465013,2010400465,13,110
2010400465014,2010400465,14,562
2010400465015,2010400465,15,916
2010400465016,2010400465,16,220
2010400465017,2010400465,17,25
2010400465018,2010400465,18,20
2010400465019,2010400465,19,723
2010500484001,2010500484,1,834
2010500484002,2010500484,2,460
2010500484003,2010500484,3,915
2010500484004,2010500484,4,795
2010500484005,2010500484,5,142
2010500484006,2010500484,6,506
2010500484007,2010500484,7,642
2010500484008,2010500484,8,315
2010500484009,2010500484,9,65
2020100493001,2020100493,1,987
2020100493002,2020100493,2,913
2020100495001,2020100495,1,226
2020100495002,2020100495,2,58
2020200497001,2020200497,1,633
2020200497002,2020200497,2,882
2020200497003,2020200497,3,79
2020200497004,2020200497,4,335
2020200497005,2020200497,5,195
2020200497006,2020200497,6,496
2020200497007,2020200497,7,137
2020200497008,2020200497,8,802
2020200505001,2020200505,1,509
2020200505002,2020200505,2,908
2020200505003,2020200505,3,72
2020200505004,2020200505,4,692
2020300509001,2020300509,1,210
2020300509002,2020300509,2,11
2020300509003,2020300509,3,970
2020300509004,2020300509,4,377
2020300509005,2020300509,5,592
2020300509006,2020300509,6,914
2020300509007,2020300509,7,776
2020300509008,2020300509,8,695
2020300509009,2020300509,9,427
2020300509010,2020300509,10,920
2020300509011,2020300509,11,35
2020300509012,2020300509,12,200
2020300509013,2020300509,13,182
2020300522001,2020300522,1,637
2020300522002,2020300522,2,67
2020300522003,2020300522,3,609
2020300522004,2020300522,4,213
2020300522005,2020300522,5,610
2020300522006,2020300522,6,202
2020300522007,2020300522,7,391
2020300522008,2020300522,8,271
2020300522009,2020300522,9,487
2020300522010,2020300522,10,791
2020300522011,2020300522,11,890
2020400533001,2020400533,1,429
2020400533002,2020400533,2,522
2020400533003,2020400533,3,44
2020400533004,2020400533,4,223
2020400533005,2020400533,5,242
2020400533006,2020400533,6,749
2020400533007,2020400533,7,442
2020400533008,2020400533,8,587
2020400533009,2020400533,9,267
2020400533010,2020400533,10,149
2020400533011,2020400533,11,771
2020400533012,2020400533,12,112
2020400533013,2020400533,13,410
2020400533014,2020400533,14,590
2020400533015,2020400533,15,330
2020400533016,2020400533,16,386
2020400533017,2020400533,17,82
2020400533018,2020400533,18,214
2020400533019,2020400533,19,221
2020400533020,2020400533,20,126
2020600553001,2020600553,1,784
2020600553002,2020600553,2,289
2020600553003,2020600553,3,884
2020600556001,2020600556,1,490
2020600556002,2020600556,2,121
2020600556003,2020600556,3,705
2020600556004,2020600556,4,153
2020600556005,2020600556,5,222
2020600556006,2020600556,6,256
2020600556007,2020600556,7,83
2020600556008,2020600556,8,725
2020600556009,2020600556,9,621
2020600556010,2020600556,10,218
2020600556011,2020600556,11,631
2020600556012,2020600556,12,138
2020600556013,2020600556,13,887
2020600556014,2020600556,14,112
2020600570001,2020600570,1,711
2020600570002,2020600570,2,597
2020600570003,2020600570,3,524
2020600570004,2020600570,4,878
2020600570005,2020600570,5,169
2020600570006,2020600570,6,728
2020600570007,2020600570,7,911
2020600570008,2020600570,8,9
2020600570009,2020600570,9,660
2020600570010,2020600570,10,245
2020600570011,2020600570,11,96
2020600570012,2020600570,12,260
2020600570013,2020600570,13,510
2020600570014,2020600570,14,415
2020600570015,2020600570,15,600
2020600570016,2020600570,16,549
2020600570017,2020600570,17,151
2020600570018,2020600570,18,655
2020600570019,2020600570,19,850
2020600570020,2020600570,20,780
2030100590001,2030100590,1,564
2030100591001,2030100591,1,180
2030100591002,2030100591,2,301
2030100591003,2030100591,3,877
2030100591004,2030100591,4,767
2030100591005,2030100591,5,330
2030100591006,2030100591,6,378
2030100591007,2030100591,7,363
2030100591008,2030100591,8,88
2030100591009,2030100591,9,159
2030100591010,2030100591,10,541
2030100591011,2030100591,11,124
2030100591012,2030100591,12,178
2030100591013,2030100591,13,566
2030100591014,2030100591,14,823
2030100591015,2030100591,15,212
2030100591016,2030100591,16,189
2030100591017,2030100591,17,460
2030100591018,2030100591,18,190
2030200609001,2030200609,1,497
2030200609002,2030200609,2,853
2030200609003,2030200609,3,730
2030200609004,2030200609,4,240
2030200609005,2030200609,5,501
2030200609006,2030200609,6,269
2030200615001,2030200615,1,878
2030200615002,2030200615,2,12
2030200615003,2030200615,3,59
2030200615004,2030200615,4,771
2030200615005,2030200615,5,643
2030200615006,2030200615,6,729
2030200615007,2030200615,7,353
2030200622001,2030200622,1,792
2030300623001,2030300623,1,398
2030300623002,2030300623,2,291
2030300623003,2030300623,3,221
2030300623004,2030300623,4,288
2030300623005,2030300623,5,624
2030300623006,2030300623,6,200
2030300623007,2030300623,7,842
2030300623008,2030300623,8,785
2030300623009,2030300623,9,252
2030300623010,2030300623,10,433
2030300623011,2030300623,11,411
2030300623012,2030300623,12,371
2030300623013,2030300623,13,783
2030300623014,2030300623,14,829
2030300623015,2030300623,15,880
2030300623016,2030300623,16,950
2030300623017,2030300623,17,182
2030300623018,2030300623,18,830
2030300623019,2030300623,19,820
2030300642001,2030300642,1,99
2030300642002,2030300642,2,515
2030300642003,2030300642,3,162
2030300642004,2030300642,4,403
2030300642005,2030300642,5,277
2030300642006,2030300642,6,42
2030300642007,2030300642,7,579
2030300642008,2030300642,8,979
2030300642009,2030300642,9,7
2030300642010,2030300642,10,126
2030300642011,2030300642,11,69
2030300642012,2030300642,12,762
2030300642013,2030300642,13,170
2030300642014,2030300642,14,502
2030300656001,2030300656,1,287
2030300656002,2030300656,2,829
2030300656003,2030300656,3,247
2030300656004,2030300656,4,795
2030300656005,2030300656,5,403
2030500661001,2030500661,1,417
2030500661002,2030500661,2,827
2030500661003,2030500661,3,880
2030500664001,2030500664,1,403
2030500664002,2030500664,2,797
2030500664003,2030500664,3,938
2030500664004,2030500664,4,867
2030500664005,2030500664,5,472
2030500664006,2030500664,6,5
2030500664007,2030500664,7,313
2030500664008,2030500664,8,291
2030500664009,2030500664,9,914
2030500664010,2030500664,10,321
2030500664011,2030500664,11,365
2030500664012,2030500664,12,473
2030600676001,2030600676,1,525
2030600676002,2030600676,2,747
2030600676003,2030600676,3,357
2030600676004,2030600676,4,275
2030600676005,2030600676,5,875
2030600676006,2030600676,6,743
2030600676007,2030600676,7,584
2030600676008,2030600676,8,90
2030600676009,2030600676,9,194
2030600676010,2030600676,10,504
2030600676011,2030600676,11,696
2030600676012,2030600676,12,547
2030600676013,2030600676,13,202
2030600676014,2030600676,14,880
2030700690001,2030700690,1,607
2030700690002,2030700690,2,352
2030700690003,2030700690,3,695
2030700690004,2030700690,4,60
2030700690005,2030700690,5,566
2030700690006,2030700690,6,608
2030700690007,2030700690,7,439
2030700690008,2030700690,8,471
2030700690009,2030700690,9,895
2030700699001,2030700699,1,223
2030700699002,2030700699,2,940
2030700699003,2030700699,3,111
2030800702001,2030800702,1,749
2030800702002,2030800702,2,280
2030800702003,2030800702,3,969
2030800702004,2030800702,4,775
2030800702005,2030800702,5,980
2030800702006,2030800702,6,929
2030800702007,2030800702,7,548
2030800702008,2030800702,8,330
2030800702009,2030800702,9,911
2030800702010,2030800702,10,276
2030800702011,2030800702,11,314
2030800702012,2030800702,12,714
2040100714001,2040100714,1,105
2040100714002,2040100714,2,421
2040100714003,2040100714,3,782
2040100714004,2040100714,4,58
2040100714005,2040100714,5,783
2040100714006,2040100714,6,778
2040100714007,2040100714,7,265
2040100714008,2040100714,8,341
2040100714009,2040100714,9,34
2040100714010,2040100714,10,534
2040100714011,2040100714,11,65
2040100714012,2040100714,12,489
2040100726001,2040100726,1,227
2040100726002,2040100726,2,526
2040100726003,2040100726,3,547
2040100726004,2040100726,4,143
2040100726005,2040100726,5,267
2040100726006,2040100726,6,963
2040100726007,2040100726,7,559
2040100726008,2040100726,8,815
2040100726009,2040100726,9,284
2040100726010,2040100726,10,20
2040100726011,2040100726,11,804
2040100726012,2040100726,12,160
2040100726013,2040100726,13,962
2040200739001,2040200739,1,475
2040200739002,2040200739,2,161
2040200739003,2040200739,3,289
2040200739004,2040200739,4,863
2040200739005,2040200739,5,172
2040200739006,2040200739,6,592
2040200739007,2040200739,7,421
2040200739008,2040200739,8,989
2040200739009,2040200739,9,833
2040200739010,2040200739,10,511
2040300749001,2040300749,1,784
2040300749002,2040300749,2,530
2040300749003,2040300749,3,193
2040300749004,2040300749,4,558
2040300749005,2040300749,5,843
2040300749006,2040300749,6,992
2040300749007,2040300749,7,606
2040300749008,2040300749,8,844
2040300749009,2040300749,9,888
2040300749010,2040300749,10,6
2040300749011,2040300749,11,913
2040300749012,2040300749,12,887
2040300749013,2040300749,13,431
2040300749014,2040300749,14,508
2040300749015,2040300749,15,863
2040300749016,2040300749,16,111
2040300749017,2040300749,17,357
2040300749018,2040300749,18,922
2040300749019,2040300749,19,987
2040300749020,2040300749,20,695
2040300769001,2040300769,1,945
2040300769002,2040300769,2,656
2040300769003,2040300769,3,995
2040300769004,2040300769,4,496
2040300769005,2040300769,5,994
2040300769006,2040300769,6,926
2040300769007,2040300769,7,280
2040300769008,2040300769,8,850
2040300769009,2040300769,9,205
2040300769010,2040300769,10,949
2040300769011,2040300769,11,812
2040300769012,2040300769,12,397
2040300769013,2040300769,13,272
2040300782001,2040300782,1,361
2040300782002,2040300782,2,281
2040300782003,2040300782,3,416
2040300782004,2040300782,4,539
2040300782005,2040300782,5,690
2040300782006,2040300782,6,452
2040300782007,2040300782,7,146
2040300782008,2040300782,8,204
2040300782009,2040300782,9,516
2040400791001,2040400791,1,801
2040400791002,2040400791,2,801
2040400791003,2040400791,3,9
2040400791004,2040400791,4,985
2040500795001,2040500795,1,545
2040500795002,2040500795,2,243
2040500795003,2040500795,3,361
2040500795004,2040500795,4,38
2040500795005,2040500795,5,870
2040500795006,2040500795,6,954
2040500795007,2040500795,7,638
2040500795008,2040500795,8,658
2040500795009,2040500795,9,875
2040500795010,2040500795,10,464
2040500795011,2040500795,11,474
2040500795012,2040500795,12,807
2040500795013,2040500795,13,761
2040500795014,2040500795,14,72
2040500795015,2040500795,15,92
2040500795016,2040500795,16,788
2050100811001,2050100811,1,334
2050100811002,2050100811,2,581
2050100811003,2050100811,3,577
2050100811004,2050100811,4,430
2050100811005,2050100811,5,162
2050100811006,2050100811,6,27
2050100811007,2050100811,7,843
2050100818001,2050100818,1,217
2050100818002,2050100818,2,645
2050100818003,2050100818,3,760
2050100818004,2050100818,4,891
2050100818005,2050100818,5,500
2050100818006,2050100818,6,305
2050100818007,2050100818,7,898
2050100818008,2050100818,8,784
2050100818009,2050100818,9,290
2050100818010,2050100818,10,330
2050100818011,2050100818,11,640
2050100818012,2050100818,12,100
2050100818013,2050100818,13,981
2050100818014,2050100818,14,555
2050100818015,2050100818,15,876
2050100818016,2050100818,16,299
2050100818017,2050100818,17,554
2050200835001,2050200835,1,440
2050200835002,2050200835,2,902
2050200835003,2050200835,3,990
2050200835004,2050200835,4,811
2050300839001,2050300839,1,765
2050300839002,2050300839,2,758
2050300839003,2050300839,3,8
2050300839004,2050300839,4,530
2050300839005,2050300839,5,665
2050300844001,2050300844,1,4
2050300844002,2050300844,2,649
2050300844003,2050300844,3,884
2050300844004,2050300844,4,782
2050300844005,2050300844,5,126
2050300844006,2050300844,6,704
2050300844007,2050300844,7,26
2050300844008,2050300844,8,966
2050300844009,2050300844,9,320
2050300844010,2050300844,10,864
2050300844011,2050300844,11,624
2050300844012,2050300844,12,150
2050300844013,2050300844,13,550
2050300844014,2050300844,14,400
2050300844015,2050300844,15,408
2050300844016,2050300844,16,767
2050300844017,2050300844,17,579
2060100861001,2060100861,1,793
2060100861002,2060100861,2,904
2060100861003,2060100861,3,862
2060100861004,2060100861,4,159
2060100861005,2060100861,5,544
2060100861006,2060100861,6,618
2060100861007,2060100861,7,313
2060100861008,2060100861,8,628
2060100861009,2060100861,9,540
2060100861010,2060100861,10,679
2060200871001,2060200871,1,186
2060200871002,2060200871,2,662
2060200871003,2060200871,3,43
2060200871004,2060200871,4,969
2060200871005,2060200871,5,830
2060200871006,2060200871,6,597
2060200871007,2060200871,7,730
2060200871008,2060200871,8,758
2060200871009,2060200871,9,201
2060200871010,2060200871,10,140
2060200871011,2060200871,11,743
2060200871012,2060200871,12,696
2060200871013,2060200871,13,662
2060200871014,2060200871,14,297
2060200871015,2060200871,15,480
2060200871016,2060200871,16,873
2060200871017,2060200871,17,665
2060200888001,2060200888,1,896
2060200889001,2060200889,1,786
2060200889002,2060200889,2,740
2060200889003,2060200889,3,853
2060200889004,2060200889,4,189
2060200889005,2060200889,5,539
2060200889006,2060200889,6,42
2060200889007,2060200889,7,449
2060200889008,2060200889,8,235
2060200889009,2060200889,9,863
2060200889010,2060200889,10,705
2060200889011,2060200889,11,138
2060200900001,2060200900,1,723
2060200900002,2060200900,2,450
2060200900003,2060200900,3,404
2060200900004,2060200900,4,605
2060200900005,2060200900,5,271
2060200900006,2060200900,6,620
2060200900007,2060200900,7,735
2060200900008,2060200900,8,978
2060200900009,2060200900,9,357
2060300909001,2060300909,1,58
2060300909002,2060300909,2,671
2060300909003,2060300909,3,491
2060300909004,2060300909,4,591
2060300909005,2060300909,5,697
2060300909006,2060300909,6,107
2060300909007,2060300909,7,130
2060300909008,2060300909,8,400
2060300909009,2060300909,9,875
2060300909010,2060300909,10,485
2060300909011,2060300909,11,641
2060300909012,2060300909,12,524
2060300909013,2060300909,13,233
2060300909014,2060300909,14,198
2060300909015,2060300909,15,602
2060300909016,2060300909,16,940
2060300909017,2060300909,17,327
2060300926001,2060300926,1,688
2060300926002,2060300926,2,51
2060300926003,2060300926,3,220
2060300926004,2060300926,4,729
2060300926005,2060300926,5,184
2060300926006,2060300926,6,154
2060300926007,2060300926,7,379
2060300926008,2060300926,8,112
2060300926009,2060300926,9,342
2060300926010,2060300926,10,240
2060300926011,2060300926,11,188
2060300926012,2060300926,12,966
2060300926013,2060300926,13,843
2060300926014,2060300926,14,624
2060400940001,2060400940,1,67
2060400940002,2060400940,2,992
2060400940003,2060400940,3,942
2060400940004,2060400940,4,762
2060400940005,2060400940,5,651
2060400940006,2060400940,6,294
2060400940007,2060400940,7,245
2060400940008,2060400940,8,996
2060400948001,2060400948,1,935
2060500949001,2060500949,1,143
2060500949002,2060500949,2,17
2060500949003,2060500949,3,635
2060500949004,2060500949,4,210
2060500949005,2060500949,5,54
2060500949006,2060500949,6,260
2060500949007,2060500949,7,653
2060500949008,2060500949,8,159
2060500949009,2060500949,9,546
2060500949010,2060500949,10,216
2060500949011,2060500949,11,200
2060500949012,2060500949,12,658
2060500949013,2060500949,13,484
2060500962001,2060500962,1,655
2060500962002,2060500962,2,951
2060500962003,2060500962,3,278
2060500962004,2060500962,4,167
2060500962005,2060500962,5,201
2060500962006,2060500962,6,450
2060500962007,2060500962,7,807
2060500962008,2060500962,8,82
2060500962009,2060500962,9,770
2060600971001,2060600971,1,790
2060600971002,2060600971,2,750
2060600971003,2060600971,3,73
2060600971004,2060600971,4,277
2060600971005,2060600971,5,173
2060600971006,2060600971,6,571
2060700977001,2060700977,1,37
2060700977002,2060700977,2,407
2060700977003,2060700977,3,113
2060700977004,2060700977,4,514
2060700977005,2060700977,5,677
2060800982001,2060800982,1,543
2060800982002,2060800982,2,956
2060800982003,2060800982,3,559
2060800982004,2060800982,4,791
2060800982005,2060800982,5,51
2060800982006,2060800982,6,950
2060800982007,2060800982,7,921
2060800982008,2060800982,8,551
2060800982009,2060800982,9,248
2060800982010,2060800982,10,422
2060800982011,2060800982,11,37
2060800982012,2060800982,12,222
2060800982013,2060800982,13,1
2060800982014,2060800982,14,255
2070100996001,2070100996,1,807
2070100996002,2070100996,2,584
2070100996003,2070100996,3,458
2070100996004,2070100996,4,675
2070100996005,2070100996,5,141
2070100996006,2070100996,6,228
2070100996007,2070100996,7,615
2070100996008,2070100996,8,749
2070100996009,2070100996,9,601
2070100996010,2070100996,10,848
2070100996011,2070100996,11,43
2070100996012,2070100996,12,51
2070100996013,2070100996,13,195
2070101009001,2070101009,1,808
2070101009002,2070101009,2,824
2070101009003,2070101009,3,395
2070101009004,2070101009,4,748
2070101009005,2070101009,5,357
2070101009006,2070101009,6,45
2070101015001,2070101015,1,468
2070101015002,2070101015,2,721
2070101015003,2070101015,3,204
2070101015004,2070101015,4,7
2070101015005,2070101015,5,610
2070101020001,2070101020,1,305
2070101020002,2070101020,2,308
2070101020003,2070101020,3,810
2070101020004,2070101020,4,945
2070101020005,2070101020,5,213
2070101020006,2070101020,6,885
2070101020007,2070101020,7,966
2070101020008,2070101020,8,291
2080101028001,2080101028,1,475
2080101028002,2080101028,2,668
2080101028003,2080101028,3,61
2080101028004,2080101028,4,11
2080101028005,2080101028,5,389
2080101028006,2080101028,6,83
2080101034001,2080101034,1,756
2080101034002,2080101034,2,821
2080101034003,2080101034,3,347
2080201037001,2080201037,1,443
2080201037002,2080201037,2,209
2080201037003,2080201037,3,115
2080201037004,2080201037,4,775
2080201037005,2080201037,5,123
2080201037006,2080201037,6,367
2080201037007,2080201037,7,747
2080201037008,2080201037,8,891
2080201037009,2080201037,9,737
2080201046001,2080201046,1,857
2080201046002,2080201046,2,619
2080201046003,2080201046,3,128
2080201046004,2080201046,4,71
2080201046005,2080201046,5,428
2080201046006,2080201046,6,396
2080201046007,2080201046,7,114
2080201046008,2080201046,8,985
2080201046009,2080201046,9,603
2080201046010,2080201046,10,297
2080201046011,2080201046,11,338
2080201046012,2080201046,12,180
2080201046013,2080201046,13,498
2080201046014,2080201046,14,204
2080201046015,2080201046,15,417
2080201046016,2080201046,16,749
2080201046017,2080201046,17,148
2080201046018,2080201046,18,456
2080201046019,2080201046,19,641
2080201046020,2080201046,20,247
2080201066001,2080201066,1,649
2080201066002,2080201066,2,525
2080201066003,2080201066,3,234
2080201066004,2080201066,4,660
2080301070001,2080301070,1,4
2080301070002,2080301070,2,532
2080301070003,2080301070,3,731
2080301070004,2080301070,4,794
2080301070005,2080301070,5,977
2080301070006,2080301070,6,121
2080301070007,2080301070,7,436
2080301070008,2080301070,8,425
2080301070009,2080301070,9,667
2080301070010,2080301070,10,600
2080301070011,2080301070,11,277
2080301070012,2080301070,12,71
2080301070013,2080301070,13,782
2080301070014,2080301070,14,104
2080301070015,2080301070,15,776
2080301070016,2080301070,16,544
2080301086001,2080301086,1,842
2080301086002,2080301086,2,353
2080301086003,2080301086,3,283
2080301089001,2080301089,1,581
2080301089002,2080301089,2,204
2080301089003,2080301089,3,857
2080301089004,2080301089,4,311
2080301089005,2080301089,5,965
2080301089006,2080301089,6,542
2080301089007,2080301089,7,363
2080301089008,2080301089,8,403
2080301089009,2080301089,9,104
2080301089010,2080301089,10,659
2080301089011,2080301089,11,655
2080301089012,2080301089,12,114
2080301089013,2080301089,13,428
2080301089014,2080301089,14,639
2080401103001,2080401103,1,189
2080401103002,2080401103,2,24
2080401103003,2080401103,3,169
2080401103004,2080401103,4,967
2080401107001,2080401107,1,628
2080501108001,2080501108,1,112
2080501108002,2080501108,2,967
2080501108003,2080501108,3,974
2080501108004,2080501108,4,291
2080501108005,2080501108,5,440
2080501108006,2080501108,6,903
2080501108007,2080501108,7,686
2080501108008,2080501108,8,794
2080501108009,2080501108,9,931
2080501108010,2080501108,10,225
2080501108011,2080501108,11,66
2080501108012,2080501108,12,512
2080501108013,2080501108,13,832
2080501108014,2080501108,14,41
2080501108015,2080501108,15,300
2080501108016,2080501108,16,863
2080501108017,2080501108,17,797
2080501108018,2080501108,18,250
2080501126001,2080501126,1,236
2080501126002,2080501126,2,143
2080501128001,2080501128,1,153
2080501128002,2080501128,2,94
2080501128003,2080501128,3,246
2080501128004,2080501128,4,264
2080501128005,2080501128,5,167
2080501128006,2080501128,6,156
2080501128007,2080501128,7,116
2080501128008,2080501128,8,470
2080501136001,2080501136,1,750
2080501136002,2080501136,2,5
2080501136003,2080501136,3,616
2080501136004,2080501136,4,674
2080501136005,2080501136,5,635
2080501136006,2080501136,6,372
2080501136007,2080501136,7,155
2080501136008,2080501136,8,61
2080501136009,2080501136,9,825
2080501136010,2080501136,10,163
2080501136011,2080501136,11,56
2080501136012,2080501136,12,640
2080501136013,2080501136,13,178
2080601149001,2080601149,1,498
2080601149002,2080601149,2,431
2080601149003,2080601149,3,64
2080601149004,2080601149,4,584
2080601149005,2080601149,5,15
2080601149006,2080601149,6,213
2080601149007,2080601149,7,508
2080601149008,2080601149,8,142
2080601149009,2080601149,9,979
2080601149010,2080601149,10,693
2080601149011,2080601149,11,870
2080601149012,2080601149,12,958
2080601149013,2080601149,13,569
2080601149014,2080601149,14,598
2080601149015,2080601149,15,321
2080601149016,2080601149,16,142
2080601149017,2080601149,17,165
2080601149018,2080601149,18,996
2080601149019,2080601149,19,682
2080601149020,2080601149,20,45
2080701169001,2080701169,1,630
2080701169002,2080701169,2,963
2080701169003,2080701169,3,910
2080701169004,2080701169,4,765
2080701169005,2080701169,5,595
2080701169006,2080701169,6,702
2080701175001,2080701175,1,541
2080701175002,2080701175,2,382
2080701175003,2080701175,3,238
2090101178001,2090101178,1,219
2090101178002,2090101178,2,864
2090101180001,2090101180,1,533
2090101180002,2090101180,2,634
2090101180003,2090101180,3,74
2090101180004,2090101180,4,697
2090101180005,2090101180,5,524
2090101180006,2090101180,6,738
2090101180007,2090101180,7,914
2090101180008,2090101180,8,811
2090101188001,2090101188,1,55
2090101188002,2090101188,2,534
2090101188003,2090101188,3,451
2090101188004,2090101188,4,551
2090101188005,2090101188,5,317
2090301193001,2090301193,1,297
2090301193002,2090301193,2,226
2090301193003,2090301193,3,434
2090301193004,2090301193,4,714
2090301193005,2090301193,5,924
2090301193006,2090301193,6,976
2090301193007,2090301193,7,23
2090301193008,2090301193,8,330
2090301193009,2090301193,9,876
2090501202001,2090501202,1,976
2090501202002,2090501202,2,985
2090501202003,2090501202,3,179
2090501202004,2090501202,4,827
2090501202005,2090501202,5,629
2090501202006,2090501202,6,635
2090501202007,2090501202,7,973
2090501202008,2090501202,8,731
2090501202009,2090501202,9,106
2090501202010,2090501202,10,60
2090501202011,2090501202,11,212
2100101213001,2100101213,1,81
2100101213002,2100101213,2,392
2100101213003,2100101213,3,147
2100101213004,2100101213,4,530
2100101213005,2100101213,5,865
2100101213006,2100101213,6,828
2100101213007,2100101213,7,527
2100101220001,2100101220,1,340
2100101220002,2100101220,2,124
2100101220003,2100101220,3,894
2100101220004,2100101220,4,791
2100101220005,2100101220,5,48
2100101220006,2100101220,6,930
2100101220007,2100101220,7,24
2100101220008,2100101220,8,149
2100101220009,2100101220,9,55
2100101220010,2100101220,10,395
2100101220011,2100101220,11,103
2100101220012,2100101220,12,588
2100101220013,2100101220,13,16
2100101220014,2100101220,14,159
2100101220015,2100101220,15,583
2100101220016,2100101220,16,883
2100101220017,2100101220,17,448
2100101220018,2100101220,18,592
2100101220019,2100101220,19,331
2100101220020,2100101220,20,605
2100201240001,2100201240,1,715
2100201240002,2100201240,2,730
2100201240003,2100201240,3,754
2100201240004,2100201240,4,260
2100201240005,2100201240,5,498
2100201240006,2100201240,6,687
2100201240007,2100201240,7,750
2100201240008,2100201240,8,782
2100201240009,2100201240,9,738
2100201240010,2100201240,10,59
2100201240011,2100201240,11,642
2100201240012,2100201240,12,199
2100201240013,2100201240,13,135
2100201253001,2100201253,1,195
2100201253002,2100201253,2,121
2100201253003,2100201253,3,40
2100201253004,2100201253,4,746
2100201253005,2100201253,5,26
2100201253006,2100201253,6,835
2100201253007,2100201253,7,957
2100201253008,2100201253,8,756
2100201253009,2100201253,9,150
2100201253010,2100201253,10,975
2100201253011,2100201253,11,241
2100201253012,2100201253,12,773
2100201253013,2100201253,13,67
2100201253014,2100201253,14,377
2100201253015,2100201253,15,168
2100201253016,2100201253,16,926
2100201253017,2100201253,17,612
2100201253018,2100201253,18,35
2100201253019,2100201253,19,251
2100301272001,2100301272,1,727
2100301272002,2100301272,2,706
2100301272003,2100301272,3,507
2100301272004,2100301272,4,102
2100301272005,2100301272,5,319
2100301272006,2100301272,6,433
2100301272007,2100301272,7,808
2100301272008,2100301272,8,477
2100301272009,2100301272,9,537
2100301272010,2100301272,10,823
2100301272011,2100301272,11,968
2100301272012,2100301272,12,350
2100301272013,2100301272,13,714
2100301272014,2100301272,14,7
2100301272015,2100301272,15,172
2100301272016,2100301272,16,343
2100301272017,2100301272,17,87
2100301272018,2100301272,18,749
2100301272019,2100301272,19,712
2100501291001,2100501291,1,448
2100501291002,2100501291,2,569
2100501291003,2100501291,3,288
2100501291004,2100501291,4,157
2100501291005,2100501291,5,262
2100501291006,2100501291,6,428
2100501291007,2100501291,7,976
2100501291008,2100501291,8,484
2100501291009,2100501291,9,400
2100601300001,2100601300,1,688
2100601300002,2100601300,2,624
2100601300003,2100601300,3,199
2100601300004,2100601300,4,98
2100601300005,2100601300,5,140
2100601300006,2100601300,6,443
2100601300007,2100601300,7,595
2100601300008,2100601300,8,678
2100601308001,2100601308,1,585
2100601308002,2100601308,2,824
2100601308003,2100601308,3,676
2100601308004,2100601308,4,751
2100601308005,2100601308,5,785
2100601308006,2100601308,6,744
2100601308007,2100601308,7,849
2100601308008,2100601308,8,436
2100601308009,2100601308,9,189
2100601308010,2100601308,10,132
2110101318001,2110101318,1,849
2110101318002,2110101318,2,258
2110101318003,2110101318,3,998
2110101318004,2110101318,4,571
2110101318005,2110101318,5,694
2110101318006,2110101318,6,543
2110101318007,2110101318,7,893
2110101318008,2110101318,8,15
2110101318009,2110101318,9,362
2110101318010,2110101318,10,484
2110101318011,2110101318,11,748
2110101318012,2110101318,12,956
2110101318013,2110101318,13,991
2110101318014,2110101318,14,324
2110101332001,2110101332,1,359
2110101332002,2110101332,2,573
2110101332003,2110101332,3,340
2110101332004,2110101332,4,526
2110101332005,2110101332,5,189
2110101332006,2110101332,6,317
2110101332007,2110101332,7,409
2110101332008,2110101332,8,715
2110101332009,2110101332,9,512
2110101332010,2110101332,10,868
2110101332011,2110101332,11,531
2110101332012,2110101332,12,810
2110101332013,2110101332,13,123
2110101332014,2110101332,14,269
2110101332015,2110101332,15,73
2110201347001,2110201347,1,982
2110201347002,2110201347,2,315
2110201347003,2110201347,3,959
2110201347004,2110201347,4,258
2110201347005,2110201347,5,221
2110201347006,2110201347,6,939
2110301353001,2110301353,1,746
2110301353002,2110301353,2,92
2110301353003,2110301353,3,841
2110301353004,2110301353,4,407
2110301353005,2110301353,5,950
2110301353006,2110301353,6,662
2110301353007,2110301353,7,296
2110301353008,2110301353,8,736
2110301353009,2110301353,9,969
2110301353010,2110301353,10,768
2110301363001,2110301363,1,989
2110301363002,2110301363,2,301
2110301363003,2110301363,3,344
2110301363004,2110301363,4,740
2110301363005,2110301363,5,946
2110301363006,2110301363,6,589
2110301363007,2110301363,7,255
2110301363008,2110301363,8,486
2110301363009,2110301363,9,689
2110301363010,2110301363,10,415
2110401373001,2110401373,1,886
2110401373002,2110401373,2,628
2110401373003,2110401373,3,169
2110401373004,2110401373,4,519
2110401373005,2110401373,5,948
2110401373006,2110401373,6,122
2110401373007,2110401373,7,66
2110401373008,2110401373,8,256
2110401381001,2110401381,1,988
2110401381002,2110401381,2,177
2110401381003,2110401381,3,52
2110501384001,2110501384,1,436
2110501384002,2110501384,2,603
2110501384003,2110501384,3,813
2120101387001,2120101387,1,108
2120101387002,2120101387,2,139
2120101387003,2120101387,3,365
2120101387004,2120101387,4,104
2120101387005,2120101387,5,668
2120101387006,2120101387,6,692
2120101387007,2120101387,7,948
2120101387008,2120101387,8,876
2120101387009,2120101387,9,512
2120101387010,2120101387,10,54
2120101387011,2120101387,11,241
2120101387012,2120101387,12,197
2120101399001,2120101399,1,210
2120101399002,2120101399,2,619
2120301401001,2120301401,1,672
2120301401002,2120301401,2,68
2120301401003,2120301401,3,993
2120301401004,2120301401,4,136
2120301401005,2120301401,5,885
2120301401006,2120301401,6,254
2120301401007,2120301401,7,343
2120301401008,2120301401,8,91
2120301401009,2120301401,9,546
2120301401010,2120301401,10,442
2120301401011,2120301401,11,172
2120301401012,2120301401,12,759
2120301401013,2120301401,13,792
2120301401014,2120301401,14,351
2120301401015,2120301401,15,727
2120301401016,2120301401,16,973
2120301417001,2120301417,1,483
2120401418001,2120401418,1,187
2120401418002,2120401418,2,141
2120401418003,2120401418,3,213
2120401418004,2120401418,4,773
2120401418005,2120401418,5,846
2120401418006,2120401418,6,830
2120401418007,2120401418,7,889
2120401418008,2120401418,8,351
2120401418009,2120401418,9,365
2120401418010,2120401418,10,185
2120401418011,2120401418,11,210
2120401418012,2120401418,12,566
2120401418013,2120401418,13,796
2120401418014,2120401418,14,873
2120401418015,2120401418,15,119
2120401418016,2120401418,16,942
2120401418017,2120401418,17,906
2130101435001,2130101435,1,395
2130101435002,2130101435,2,788
2130101435003,2130101435,3,522
2130101435004,2130101435,4,189
2130101435005,2130101435,5,760
2130101435006,2130101435,6,348
2130101435007,2130101435,7,226
2130101435008,2130101435,8,241
2130201443001,2130201443,1,114
2130301444001,2130301444,1,247
2130301444002,2130301444,2,888
2130301444003,2130301444,3,434
2130301444004,2130301444,4,291
2130301444005,2130301444,5,825
2130301444006,2130301444,6,114
2130301444007,2130301444,7,919
2130301444008,2130301444,8,620
2130301444009,2130301444,9,965
2130301444010,2130301444,10,254
2130301444011,2130301444,11,991
2130301444012,2130301444,12,994
2130301444013,2130301444,13,129
2130301444014,2130301444,14,947
2130401458001,2130401458,1,623
2130401458002,2130401458,2,477
2130401458003,2130401458,3,645
2130401458004,2130401458,4,879
2130401462001,2130401462,1,770
2130401462002,2130401462,2,503
2130401462003,2130401462,3,526
2130401462004,2130401462,4,377
2130401462005,2130401462,5,844
2130401462006,2130401462,6,397
2130401462007,2130401462,7,18
2130401462008,2130401462,8,251
2130401462009,2130401462,9,268
2130401462010,2130401462,10,141
2130401462011,2130401462,11,247
2130401462012,2130401462,12,421
2130401462013,2130401462,13,328
2130401462014,2130401462,14,602
2130401462015,2130401462,15,808
2130401462016,2130401462,16,569
2130401462017,2130401462,17,278
2130401462018,2130401462,18,396
2140101480001,2140101480,1,815
2140101480002,2140101480,2,785
2140101480003,2140101480,3,636
2140101480004,2140101480,4,557
2140101480005,2140101480,5,957
2140101480006,2140101480,6,901
2140101480007,2140101480,7,390
2140101480008,2140101480,8,967
2140101480009,2140101480,9,735
2140101480010,2140101480,10,517
2140101480011,2140101480,11,384
2140101480012,2140101480,12,294
2140101480013,2140101480,13,245
2140101480014,2140101480,14,219
2140101480015,2140101480,15,50
2140101480016,2140101480,16,578
2140101480017,2140101480,17,222
2140101480018,2140101480,18,837
2140101480019,2140101480,19,878
2140101499001,2140101499,1,560
2140101499002,2140101499,2,139
2140101499003,2140101499,3,609
2140101499004,2140101499,4,961
2140101499005,2140101499,5,617
2140101499006,2140101499,6,140
2140101499007,2140101499,7,218
2140101499008,2140101499,8,340
2140201507001,2140201507,1,630
2140201507002,2140201507,2,827
2140201507003,2140201507,3,764
2140201507004,2140201507,4,480
2140201511001,2140201511,1,323
2140201511002,2140201511,2,519
2140201511003,2140201511,3,575
2140201511004,2140201511,4,412
2140201511005,2140201511,5,622
2140201511006,2140201511,6,45
2140201511007,2140201511,7,452
2140201511008,2140201511,8,424
2140201511009,2140201511,9,222
2140201511010,2140201511,10,340
2140201511011,2140201511,11,477
2140201511012,2140201511,12,734
2140201511013,2140201511,13,914
2140201511014,2140201511,14,282
2140201511015,2140201511,15,456
2140201511016,2140201511,16,615
2140201511017,2140201511,17,96
2150101528001,2150101528,1,289
2150101528002,2150101528,2,722
2150101528003,2150101528,3,657
2150101528004,2150101528,4,648
2150101528005,2150101528,5,852
2150101528006,2150101528,6,531
2150101528007,2150101528,7,46
2150101528008,2150101528,8,11
2150101528009,2150101528,9,146
2150101528010,2150101528,10,365
2150101528011,2150101528,11,114
2150101528012,2150101528,12,13
2150101528013,2150101528,13,522
2150101528014,2150101528,14,599
2150101528015,2150101528,15,482
2150101528016,2150101528,16,57
2150101544001,2150101544,1,868
2150101544002,2150101544,2,554
2150101544003,2150101544,3,844
2150101544004,2150101544,4,434
2150101544005,2150101544,5,51
2150101544006,2150101544,6,881
2150101544007,2150101544,7,932
2150101544008,2150101544,8,596
2150101544009,2150101544,9,848
2150101544010,2150101544,10,755
2150101544011,2150101544,11,977
2150101544012,2150101544,12,518
2150101544013,2150101544,13,280
2150101544014,2150101544,14,776
2150101558001,2150101558,1,609
2150101558002,2150101558,2,494
2150101558003,2150101558,3,465
2150101558004,2150101558,4,443
2150101558005,2150101558,5,532
2150101558006,2150101558,6,796
2150101558007,2150101558,7,751
2150201565001,2150201565,1,641
2150201565002,2150201565,2,738
2150201565003,2150201565,3,488
2150201565004,2150201565,4,382
2150201565005,2150201565,5,551
2150201565006,2150201565,6,143
2150201565007,2150201565,7,12
2150201565008,2150201565,8,585
2150201565009,2150201565,9,606
2150201565010,2150201565,10,391
2150201575001,2150201575,1,558
2160101576001,2160101576,1,865
2160101577001,2160101577,1,122
2160101577002,2160101577,2,788
2160101577003,2160101577,3,727
2160101577004,2160101577,4,262
2160101577005,2160101577,5,148
2160101577006,2160101577,6,391
2160101577007,2160101577,7,332
2160101577008,2160101577,8,670
2160101577009,2160101577,9,480
2160101577010,2160101577,10,541
2160101577011,2160101577,11,566
2160101577012,2160101577,12,857
2160101577013,2160101577,13,30
2160101577014,2160101577,14,456
2160101577015,2160101577,15,986
2160101577016,2160101577,16,80
2160101577017,2160101577,17,42
2160101577018,2160101577,18,282
2160101577019,2160101577,19,325
2160101577020,2160101577,20,839
2160101597001,2160101597,1,839
2160101597002,2160101597,2,626
2160101597003,2160101597,3,743
2160101597004,2160101597,4,892
2160101597005,2160101597,5,926
2160101597006,2160101597,6,77
2160101597007,2160101597,7,798
2160101597008,2160101597,8,274
2160101597009,2160101597,9,254
2160101597010,2160101597,10,587
2160101597011,2160101597,11,327
2160101597012,2160101597,12,920
2160101597013,2160101597,13,14
2160101597014,2160101597,14,376
2160101597015,2160101597,15,151
2160101597016,2160101597,16,697
2160101597017,2160101597,17,902
2160101597018,2160101597,18,341
2160101597019,2160101597,19,902
2160101597020,2160101597,20,51
2160101617001,2160101617,1,738
2160101617002,2160101617,2,555
2160101617003,2160101617,3,212
2160101617004,2160101617,4,508
2160101617005,2160101617,5,670
2160101617006,2160101617,6,678
2160101617007,2160101617,7,864
2160201624001,2160201624,1,737
2160201624002,2160201624,2,973
2160201624003,2160201624,3,865
2160201624004,2160201624,4,535
2160201624005,2160201624,5,888
2160201624006,2160201624,6,687
2170201630001,2170201630,1,967
2170201630002,2170201630,2,204
2170201630003,2170201630,3,753
2170201630004,2170201630,4,860
2170201630005,2170201630,5,597
2170201630006,2170201630,6,503
2170201630007,2170201630,7,697
2170201630008,2170201630,8,574
2170201630009,2170201630,9,853
2170201630010,2170201630,10,65
2170201630011,2170201630,11,708
2170201630012,2170201630,12,811
2170201630013,2170201630,13,684
2170201630014,2170201630,14,648
2170201630015,2170201630,15,820
2170301645001,2170301645,1,737
2170301645002,2170301645,2,808
2170301645003,2170301645,3,846
2170301645004,2170301645,4,274
2170301645005,2170301645,5,868
2170301645006,2170301645,6,326
2170301645007,2170301645,7,909
2170301645008,2170301645,8,286
2170301645009,2170301645,9,230
2170301645010,2170301645,10,350
2170301645011,2170301645,11,861
2170301645012,2170301645,12,992
2170301645013,2170301645,13,787
2170301645014,2170301645,14,508
2170301659001,2170301659,1,666
2170301659002,2170301659,2,919
2170301659003,2170301659,3,117
2170301659004,2170301659,4,253
2170301659005,2170301659,5,815
2170301659006,2170301659,6,846
2170301659007,2170301659,7,763
2170301659008,2170301659,8,462
2170301659009,2170301659,9,29
2170301659010,2170301659,10,245
2170301659011,2170301659,11,427
2170301659012,2170301659,12,447
2170301659013,2170301659,13,231
2170301659014,2170301659,14,392
2170301659015,2170301659,15,566
2170301659016,2170301659,16,626
2170301659017,2170301659,17,179
2170301659018,2170301659,18,893
2170301659019,2170301659,19,599
2170301659020,2170301659,20,152
2180101679001,2180101679,1,493
2180101679002,2180101679,2,982
2180101679003,2180101679,3,279
2180101682001,2180101682,1,620
2180101682002,2180101682,2,325
2180101682003,2180101682,3,434
2180201685001,2180201685,1,953
2180201685002,2180201685,2,355
2180301687001,2180301687,1,24
2180301687002,2180301687,2,489
2180301687003,2180301687,3,835
2180301687004,2180301687,4,453
2180301687005,2180301687,5,93
2180301687006,2180301687,6,237
2180301687007,2180301687,7,599
2180301687008,2180301687,8,261
2180301687009,2180301687,9,254
2180301687010,2180301687,10,505
2180301687011,2180301687,11,136
2180301687012,2180301687,12,3
2180301687013,2180301687,13,244
2180301687014,2180301687,14,267
2180301687015,2180301687,15,785
2180301687016,2180301687,16,763
2180301687017,2180301687,17,942
2180301687018,2180301687,18,913
2190201705001,2190201705,1,619
2190201705002,2190201705,2,513
2190201705003,2190201705,3,261
2190201705004,2190201705,4,240
2190201705005,2190201705,5,615
2190201705006,2190201705,6,904
2190201705007,2190201705,7,139
2190201705008,2190201705,8,21
2190201705009,2190201705,9,643
2190201705010,2190201705,10,447
2190201705011,2190201705,11,52
2190201705012,2190201705,12,741
2200201717001,2200201717,1,12
2200201717002,2200201717,2,341
2200201717003,2200201717,3,591
2200201717004,2200201717,4,907
2200201717005,2200201717,5,340
2200201717006,2200201717,6,912
2200201717007,2200201717,7,715
2200201717008,2200201717,8,966
2200201717009,2200201717,9,766
2200201717010,2200201717,10,497
2200201717011,2200201717,11,456
2200201728001,2200201728,1,951
2200201728002,2200201728,2,328
2200201728003,2200201728,3,737
2200201731001,2200201731,1,368
2200201731002,2200201731,2,832
2200201731003,2200201731,3,14
2200201731004,2200201731,4,345
2200201731005,2200201731,5,567
2200201731006,2200201731,6,761
2200201731007,2200201731,7,60
2200201731008,2200201731,8,313
2200201731009,2200201731,9,151
2200201731010,2200201731,10,139
2200201731011,2200201731,11,334
2200201731012,2200201731,12,533
2200201731013,2200201731,13,460
2200201731014,2200201731,14,904
2200201731015,2200201731,15,416
2200201731016,2200201731,16,1
2200201731017,2200201731,17,645
2200201731018,2200201731,18,356
2200201731019,2200201731,19,415
3020101750001,3020101750,1,69
3020101750002,3020101750,2,519
3020101750003,3020101750,3,924
3020101750004,3020101750,4,832
3020101750005,3020101750,5,610
3020101750006,3020101750,6,95
3020101750007,3020101750,7,145
3020101750008,3020101750,8,257
3020101750009,3020101750,9,534
3020101750010,3020101750,10,815
3020101750011,3020101750,11,790
3020201761001,3020201761,1,296
3020201761002,3020201761,2,819
3020201761003,3020201761,3,921
3020201761004,3020201761,4,551
3020201761005,3020201761,5,696
3020201761006,3020201761,6,851
3020201761007,3020201761,7,775
3020201761008,3020201761,8,507
3020201761009,3020201761,9,237
3020201761010,3020201761,10,394
3020201761011,3020201761,11,978
3020201761012,3020201761,12,451
3020201761013,3020201761,13,213
3020201761014,3020201761,14,658
3020201761015,3020201761,15,849
3020201776001,3020201776,1,261
3020201776002,3020201776,2,297
3020201776003,3020201776,3,471
3020201776004,3020201776,4,349
3020201776005,3020201776,5,464
3020201776006,3020201776,6,366
3020201776007,3020201776,7,437
3020201776008,3020201776,8,521
3020201776009,3020201776,9,877
3020201776010,3020201776,10,831
3020201776011,3020201776,11,212
3020201776012,3020201776,12,44
3020201776013,3020201776,13,85
3020201776014,3020201776,14,286
3020201776015,3020201776,15,422
3020201776016,3020201776,16,441
3020201776017,3020201776,17,114
3020201793001,3020201793,1,472
3020201793002,3020201793,2,613
3020201793003,3020201793,3,228
3020201793004,3020201793,4,382
3020201793005,3020201793,5,561
3020201793006,3020201793,6,532
3020201793007,3020201793,7,515
3020201793008,3020201793,8,201
3020201793009,3020201793,9,255
3020201793010,3020201793,10,693
3020201793011,3020201793,11,241
3020201793012,3020201793,12,964
3020201793013,3020201793,13,293
3020201793014,3020201793,14,810
3020201793015,3020201793,15,652
3020201793016,3020201793,16,769
3020201793017,3020201793,17,426
3020201793018,3020201793,18,451
3020201793019,3020201793,19,596
3020301812001,3020301812,1,834
3020301812002,3020301812,2,905
3020301812003,3020301812,3,735
3020301812004,3020301812,4,686
3020301812005,3020301812,5,601
3020301812006,3020301812,6,749
3020301812007,3020301812,7,511
3020301812008,3020301812,8,597
3030201820001,3030201820,1,744
3030201820002,3030201820,2,274
3030201820003,3030201820,3,176
3030201820004,3030201820,4,391
3030201820005,3030201820,5,33
3030201820006,3030201820,6,772
3030201826001,3030201826,1,991
3030201826002,3030201826,2,722
3030201826003,3030201826,3,40
3030201826004,3030201826,4,861
3030201826005,3030201826,5,853
3030201826006,3030201826,6,955
3030201826007,3030201826,7,906
3030201826008,3030201826,8,253
3030201826009,3030201826,9,490
3030201826010,3030201826,10,89
3030201836001,3030201836,1,979
3030201836002,3030201836,2,931
3030201836003,3030201836,3,930
3030201836004,3030201836,4,876
3030201836005,3030201836,5,92
3030201836006,3030201836,6,27
3030201836007,3030201836,7,742
3030201836008,3030201836,8,102
3030201836009,3030201836,9,718
3030201836010,3030201836,10,168
3030201836011,3030201836,11,207
3030201836012,3030201836,12,279
3030201836013,3030201836,13,70
3030201836014,3030201836,14,735
3030201836015,3030201836,15,432
3030301851001,3030301851,1,575
3030301851002,3030301851,2,80
3030301851003,3030301851,3,511
3030301851004,3030301851,4,441
3030301851005,3030301851,5,305
3030301851006,3030301851,6,673
3030301851007,3030301851,7,337
3030301851008,3030301851,8,103
3030301851009,3030301851,9,176
3030301851010,3030301851,10,859
3030301851011,3030301851,11,566
3030301851012,3030301851,12,735
3030301851013,3030301851,13,874
3030301851014,3030301851,14,152
3030301851015,3030301851,15,310
3030301851016,3030301851,16,85
3030301851017,3030301851,17,428
3030301851018,3030301851,18,740
3030301851019,3030301851,19,872
3040101870001,3040101870,1,271
3040101870002,3040101870,2,158
3040101870003,3040101870,3,20
3040101870004,3040101870,4,627
3040101870005,3040101870,5,257
3040101870006,3040101870,6,548
3040101870007,3040101870,7,819
3040101870008,3040101870,8,308
3040101870009,3040101870,9,536
3040101870010,3040101870,10,213
3040101880001,3040101880,1,947
3040101880002,3040101880,2,11
3040101880003,3040101880,3,786
3040101880004,3040101880,4,574
3040101880005,3040101880,5,503
3040101880006,3040101880,6,426
3040101880007,3040101880,7,499
3040101880008,3040101880,8,655
3040201888001,3040201888,1,121
3040201888002,3040201888,2,699
3040301890001,3040301890,1,308
3040301890002,3040301890,2,630
3040301890003,3040301890,3,680
3040301890004,3040301890,4,815
3040301890005,3040301890,5,706
3050101895001,3050101895,1,819
3050101895002,3050101895,2,72
3050101897001,3050101897,1,821
3050101897002,3050101897,2,319
3050101897003,3050101897,3,198
3050101897004,3050101897,4,836
3050101897005,3050101897,5,78
3050101897006,3050101897,6,624
3050101897007,3050101897,7,952
3050101897008,3050101897,8,754
3050101897009,3050101897,9,878
3050101897010,3050101897,10,408
3050101897011,3050101897,11,866
3050101908001,3050101908,1,542
3050101908002,3050101908,2,826
3050101908003,3050101908,3,216
3050101908004,3050101908,4,342
3050101908005,3050101908,5,277
3050101908006,3050101908,6,255
3050101908007,3050101908,7,402
3050101908008,3050101908,8,573
3050101908009,3050101908,9,879
3050101908010,3050101908,10,291
3050101908011,3050101908,11,329
3050101908012,3050101908,12,319
3060201920001,3060201920,1,108
3060201920002,3060201920,2,170
3060201920003,3060201920,3,584
3060201920004,3060201920,4,4
3060201920005,3060201920,5,991
3060201920006,3060201920,6,86
3060201920007,3060201920,7,597
3060201920008,3060201920,8,119
3060201920009,3060201920,9,111
3060201920010,3060201920,10,473
3060201920011,3060201920,11,979
3060201920012,3060201920,12,220
3060201920013,3060201920,13,942
3070201933001,3070201933,1,453
3070201933002,3070201933,2,794
3070201933003,3070201933,3,724
3070201936001,3070201936,1,4
3070201936002,3070201936,2,952
3070201936003,3070201936,3,267
3070201936004,3070201936,4,373
3070201936005,3070201936,5,575
3070201941001,3070201941,1,204
3070201941002,3070201941,2,157
3070201941003,3070201941,3,989
3070201941004,3070201941,4,101
3070201941005,3070201941,5,688
3070201941006,3070201941,6,688
3070201941007,3070201941,7,257
3070201941008,3070201941,8,857
3070201941009,3070201941,9,832
3070201941010,3070201941,10,34
3070201941011,3070201941,11,856
3070201941012,3070201941,12,936
3070201941013,3070201941,13,499
3070201941014,3070201941,14,418
3070201941015,3070201941,15,210
3070201956001,3070201956,1,82
3070201956002,3070201956,2,702
3070201956003,3070201956,3,189
3070201956004,3070201956,4,572
3070201956005,3070201956,5,413
3070201956006,3070201956,6,26
3070201956007,3070201956,7,700
3070201956008,3070201956,8,254
3070201956009,3070201956,9,393
3070201956010,3070201956,10,733
3070201956011,3070201956,11,675
3070201956012,3070201956,12,553
3070201956013,3070201956,13,392
3070201956014,3070201956,14,864
3070201956015,3070201956,15,774
3070201956016,3070201956,16,641
3070201956017,3070201956,17,671
3070201956018,3070201956,18,444
3070201956019,3070201956,19,463
3080101975001,3080101975,1,93
3080101975002,3080101975,2,337
3080101975003,3080101975,3,58
3080101975004,3080101975,4,829
3080101975005,3080101975,5,193
3080101975006,3080101975,6,25
3080101975007,3080101975,7,356
3080101975008,3080101975,8,355
3080101975009,3080101975,9,378
3080101984001,3080101984,1,759
3080101984002,3080101984,2,172
3080101984003,3080101984,3,728
3080101984004,3080101984,4,237
3080101984005,3080101984,5,843
3080101984006,3080101984,6,364
3080101984007,3080101984,7,18
3080101991001,3080101991,1,31
3080101991002,3080101991,2,248
3080101991003,3080101991,3,610
3080101991004,3080101991,4,599
3080101991005,3080101991,5,293
3080101991006,3080101991,6,220
3080101991007,3080101991,7,544
3080101991008,3080101991,8,587
3080101991009,3080101991,9,341
3080101991010,3080101991,10,958
3080101991011,3080101991,11,308
3080101991012,3080101991,12,306
3080202003001,3080202003,1,360
3080202003002,3080202003,2,667
3080202003003,3080202003,3,744
3080202003004,3080202003,4,305
3080202003005,3080202003,5,676
3080202003006,3080202003,6,419
3080202003007,3080202003,7,749
3080302010001,3080302010,1,384
3080302010002,3080302010,2,293
3080302010003,3080302010,3,373
3080302010004,3080302010,4,598
3080302010005,3080302010,5,973
3080302010006,3080302010,6,604
3080302010007,3080302010,7,159
3080302010008,3080302010,8,583
3080302010009,3080302010,9,896
3080302010010,3080302010,10,405
3080302010011,3080302010,11,633
3080302010012,3080302010,12,73
3080302010013,3080302010,13,623
3080302010014,3080302010,14,919
3080302010015,3080302010,15,472
3080302010016,3080302010,16,260
3080302010017,3080302010,17,141
3080302010018,3080302010,18,337
3080302010019,3080302010,19,843
3080302010020,3080302010,20,40
3090102030001,3090102030,1,603
3090102030002,3090102030,2,758
3090102030003,3090102030,3,867
3090102030004,3090102030,4,64
3090102030005,3090102030,5,580
3090102030006,3090102030,6,752
3090102030007,3090102030,7,596
3090102030008,3090102030,8,709
3090102030009,3090102030,9,868
3090102030010,3090102030,10,206
3090102030011,3090102030,11,105
3090102030012,3090102030,12,212
3090102030013,3090102030,13,402
3090102030014,3090102030,14,597
3090102030015,3090102030,15,926
3090102030016,3090102030,16,305
3090102030017,3090102030,17,375
3090102030018,3090102030,18,77
3090102030019,3090102030,19,284
3090102049001,3090102049,1,854
3090102049002,3090102049,2,967
3090202051001,3090202051,1,693
3090202051002,3090202051,2,778
3090202051003,3090202051,3,16
3090202051004,3090202051,4,772
3090202051005,3090202051,5,365
3090202051006,3090202051,6,275
3090202051007,3090202051,7,668
3090202051008,3090202051,8,514
3090202051009,3090202051,9,935
3090202051010,3090202051,10,539
3090202051011,3090202051,11,429
3090202051012,3090202051,12,353
3090202051013,3090202051,13,856
3090202051014,3090202051,14,946
3090202051015,3090202051,15,143
3090202051016,3090202051,16,576
3090202051017,3090202051,17,677
3090302068001,3090302068,1,628
3090302068002,3090302068,2,966
3090302068003,3090302068,3,440
3090302068004,3090302068,4,132
3090302072001,3090302072,1,791
3090302072002,3090302072,2,130
3090302072003,3090302072,3,669
3100102075001,3100102075,1,753
3100102076001,3100102076,1,864
3100102076002,3100102076,2,812
3100102076003,3100102076,3,997
3100102076004,3100102076,4,519
3100102076005,3100102076,5,239
3100102076006,3100102076,6,284
3100102076007,3100102076,7,196
3100102076008,3100102076,8,571
3100102076009,3100102076,9,180
3100102076010,3100102076,10,885
3100102076011,3100102076,11,360
3100102076012,3100102076,12,871
3100102076013,3100102076,13,602
3100102076014,3100102076,14,468
3100102076015,3100102076,15,609
3100102076016,3100102076,16,755
3100102076017,3100102076,17,514
3100102076018,3100102076,18,79
3100102076019,3100102076,19,682
3100102076020,3100102076,20,306
3100202096001,3100202096,1,815
3100202096002,3100202096,2,410
3100202096003,3100202096,3,435
3100202096004,3100202096,4,497
3100202096005,3100202096,5,585
3100202096006,3100202096,6,988
3100202096007,3100202096,7,735
3100202096008,3100202096,8,906
3100202104001,3100202104,1,58
3100202104002,3100202104,2,161
3100202104003,3100202104,3,986
3100202104004,3100202104,4,318
3100202104005,3100202104,5,450
3100202104006,3100202104,6,759
3100202104007,3100202104,7,996
3100202104008,3100202104,8,98
3100202104009,3100202104,9,333
3100202104010,3100202104,10,551
3100202104011,3100202104,11,988
3100202104012,3100202104,12,291
3100202116001,3100202116,1,570
3100202116002,3100202116,2,686
3100202116003,3100202116,3,485
3100202116004,3100202116,4,846
3100202116005,3100202116,5,67
3100202116006,3100202116,6,677
3100202116007,3100202116,7,286
3100202116008,3100202116,8,817
3100202116009,3100202116,9,527
3100202116010,3100202116,10,460
3100202116011,3100202116,11,202
3100202116012,3100202116,12,70
3100202116013,3100202116,13,453
3100302129001,3100302129,1,304
3100302129002,3100302129,2,677
3100302129003,3100302129,3,557
3100302129004,3100302129,4,258
3100302129005,3100302129,5,80
3100302129006,3100302129,6,645
3100302129007,3100302129,7,710
3100302129008,3100302129,8,539
3100302129009,3100302129,9,832
3100302129010,3100302129,10,778
3100302139001,3100302139,1,129
3100302139002,3100302139,2,286
3100302139003,3100302139,3,447
3100302139004,3100302139,4,258
3100302139005,3100302139,5,235
3100302139006,3100302139,6,444
3100302139007,3100302139,7,362
3100302139008,3100302139,8,417
3100302139009,3100302139,9,472
3100302139010,3100302139,10,906
3100302139011,3100302139,11,611
3100302139012,3100302139,12,49
3100302139013,3100302139,13,971
3100302139014,3100302139,14,941
3100302139015,3100302139,15,982
3100302139016,3100302139,16,187
3100302139017,3100302139,17,318
3100302139018,3100302139,18,293
3100302139019,3100302139,19,814
3100302139020,3100302139,20,387
3110102159001,3110102159,1,991
3110102159002,3110102159,2,369
3110102159003,3110102159,3,730
3110102159004,3110102159,4,660
3110102159005,3110102159,5,259
3110102159006,3110102159,6,139
3110102159007,3110102159,7,454
3110102159008,3110102159,8,676
3110102159009,3110102159,9,623
3110102159010,3110102159,10,821
3110102159011,3110102159,11,869
3120202170001,3120202170,1,255
3120202170002,3120202170,2,891
3120202170003,3120202170,3,58
3120202170004,3120202170,4,500
3120202170005,3120202170,5,759
3120202170006,3120202170,6,14
3120202170007,3120202170,7,386
3120202170008,3120202170,8,260
3120202170009,3120202170,9,355
3120202170010,3120202170,10,166
3120202170011,3120202170,11,143
3120202170012,3120202170,12,430
3120202170013,3120202170,13,496
3120202170014,3120202170,14,431
3120202170015,3120202170,15,973
3120202170016,3120202170,16,571
3120202170017,3120202170,17,24
3120202170018,3120202170,18,37
3120202170019,3120202170,19,694
3120202170020,3120202170,20,881
3120202190001,3120202190,1,742
3120202190002,3120202190,2,795
3120202190003,3120202190,3,378
3120202190004,3120202190,4,472
3120202190005,3120202190,5,619
3120202190006,3120202190,6,933
3120202190007,3120202190,7,107
3120202190008,3120202190,8,13
3120202190009,3120202190,9,46
3120202199001,3120202199,1,266
3120202199002,3120202199,2,313
3120202199003,3120202199,3,783
3120202199004,3120202199,4,194
3120202199005,3120202199,5,149
3120202199006,3120202199,6,746
3120202199007,3120202199,7,339
3120202199008,3120202199,8,943
3120202199009,3120202199,9,416
3120202199010,3120202199,10,474
3120302209001,3120302209,1,384
3120302209002,3120302209,2,877
3120302209003,3120302209,3,189
3120302209004,3120302209,4,708
3120302209005,3120302209,5,686
3120302214001,3120302214,1,522
3120302214002,3120302214,2,907
3120302214003,3120302214,3,320
3120302214004,3120302214,4,313
3120302214005,3120302214,5,304
3120302214006,3120302214,6,358
3120302214007,3120302214,7,172
3120302214008,3120302214,8,145
3120302214009,3120302214,9,119
3120402223001,3120402223,1,522
3120402223002,3120402223,2,603
3120402223003,3120402223,3,554
3120402223004,3120402223,4,656
3120402223005,3120402223,5,574
3120402223006,3120402223,6,732
3120402223007,3120402223,7,929
3120402223008,3120402223,8,374
3120402223009,3120402223,9,197
3120402223010,3120402223,10,592
3120402223011,3120402223,11,64
3120402223012,3120402223,12,710
3120402223013,3120402223,13,725
3120402223014,3120402223,14,820
3120402223015,3120402223,15,353
3120402223016,3120402223,16,11
3120402223017,3120402223,17,304
3120402223018,3120402223,18,20
3120502241001,3120502241,1,820
3120502241002,3120502241,2,928
3120502241003,3120502241,3,788
3120502241004,3120502241,4,714
3120502241005,3120502241,5,350
3120602246001,3120602246,1,417
3120602246002,3120602246,2,485
3120602246003,3120602246,3,858
3120602246004,3120602246,4,985
3120602246005,3120602246,5,39
3120602246006,3120602246,6,948
3120602246007,3120602246,7,207
3120602246008,3120602246,8,720
3120602246009,3120602246,9,730
3120602246010,3120602246,10,25
3120602246011,3120602246,11,372
3120602246012,3120602246,12,794
3120602246013,3120602246,13,416
3120602246014,3120602246,14,497
3120602246015,3120602246,15,259
3120602246016,3120602246,16,745
3120602246017,3120602246,17,36
3130102263001,3130102263,1,104
3130102263002,3130102263,2,32
3130102263003,3130102263,3,989
3130102263004,3130102263,4,472
3130102263005,3130102263,5,258
3130102263006,3130102263,6,906
3130102263007,3130102263,7,793
3130102263008,3130102263,8,332
3130102263009,3130102263,9,502
3130102263010,3130102263,10,880
3130102263011,3130102263,11,370
3130102263012,3130102263,12,282
3130102263013,3130102263,13,192
3130302276001,3130302276,1,619
3140102277001,3140102277,1,226
3140102277002,3140102277,2,907
3140102277003,3140102277,3,642
3140102277004,3140102277,4,318
3140102277005,3140102277,5,878
3140102277006,3140102277,6,937
3140102277007,3140102277,7,217
3140102277008,3140102277,8,492
3140102277009,3140102277,9,250
3140102277010,3140102277,10,338
3140102277011,3140102277,11,976
3140102277012,3140102277,12,101
3140102277013,3140102277,13,607
3140102277014,3140102277,14,441
3140102277015,3140102277,15,824
3140102277016,3140102277,16,898
3140102277017,3140102277,17,563
3140102277018,3140102277,18,79
3140102277019,3140102277,19,578
3140102277020,3140102277,20,140
3140202297001,3140202297,1,715
3140202297002,3140202297,2,407
3140202297003,3140202297,3,854
3140202297004,3140202297,4,750
3140202297005,3140202297,5,758
3140202297006,3140202297,6,976
3140202297007,3140202297,7,926
3140202297008,3140202297,8,708
3140202297009,3140202297,9,400
3140202297010,3140202297,10,185
3140202297011,3140202297,11,598
3140202297012,3140202297,12,959
3140202297013,3140202297,13,31
3140202297014,3140202297,14,365
3140202297015,3140202297,15,503
3140202297016,3140202297,16,790
3140202313001,3140202313,1,390
3140202313002,3140202313,2,391
3140202313003,3140202313,3,470
3140202313004,3140202313,4,38
3140202313005,3140202313,5,186
3140202313006,3140202313,6,504
3140202313007,3140202313,7,98
3140202320001,3140202320,1,530
3140202320002,3140202320,2,965
3140202320003,3140202320,3,692
3140202320004,3140202320,4,918
3140202320005,3140202320,5,694
3140202320006,3140202320,6,741
3140202320007,3140202320,7,496
3140202320008,3140202320,8,145
3140202320009,3140202320,9,304
3140202320010,3140202320,10,996
3140202320011,3140202320,11,734
3140202320012,3140202320,12,942
3140202320013,3140202320,13,350
3140202333001,3140202333,1,151
3140202333002,3140202333,2,83
3140202333003,3140202333,3,715
3140202333004,3140202333,4,290
3140202333005,3140202333,5,331
3140202333006,3140202333,6,705
3140202333007,3140202333,7,253
3140202333008,3140202333,8,94
3140202333009,3140202333,9,100
3140202333010,3140202333,10,233
3140202333011,3140202333,11,43
3140202333012,3140202333,12,350
3140202333013,3140202333,13,831
3140202333014,3140202333,14,506
3140202333015,3140202333,15,416
3140202333016,3140202333,16,713
3140202333017,3140202333,17,847
3140202333018,3140202333,18,359
3140302351001,3140302351,1,640
3140302351002,3140302351,2,672
3140302351003,3140302351,3,856
3140302351004,3140302351,4,426
3140302351005,3140302351,5,846
3140302351006,3140302351,6,102
3140302351007,3140302351,7,67
3140302351008,3140302351,8,39
3140302351009,3140302351,9,700
3140302351010,3140302351,10,350
3140302351011,3140302351,11,852
3140302351012,3140302351,12,519
3140402363001,3140402363,1,928
3140402363002,3140402363,2,460
3140402363003,3140402363,3,152
3140402363004,3140402363,4,897
3140402363005,3140402363,5,471
3140402363006,3140402363,6,754
3140402363007,3140402363,7,379
3140402363008,3140402363,8,46
3140402363009,3140402363,9,248
3140402363010,3140402363,10,404
3140402363011,3140402363,11,173
3140402363012,3140402363,12,679
3140402363013,3140402363,13,436
3140402363014,3140402363,14,878
3140402363015,3140402363,15,994
3140402363016,3140402363,16,135
3140402363017,3140402363,17,51
3140502380001,3140502380,1,555
3140502380002,3140502380,2,872
3140502380003,3140502380,3,971
3140502380004,3140502380,4,310
3140502380005,3140502380,5,128
3140502380006,3140502380,6,244
3140502380007,3140502380,7,312
3140502380008,3140502380,8,463
3140502380009,3140502380,9,234
3140502380010,3140502380,10,17
3140502380011,3140502380,11,339
3140502380012,3140502380,12,606
3140502380013,3140502380,13,98
3140502380014,3140502380,14,559
3140502380015,3140502380,15,20
3140502380016,3140502380,16,404
3140502396001,3140502396,1,776
3140502396002,3140502396,2,706
3140502396003,3140502396,3,938
3140502396004,3140502396,4,21
3140502396005,3140502396,5,855
3140502396006,3140502396,6,664
3140502396007,3140502396,7,346
3140502396008,3140502396,8,86
3150102404001,3150102404,1,698
3160102405001,3160102405,1,339
3160102405002,3160102405,2,720
3160102405003,3160102405,3,372
3160102405004,3160102405,4,383
3160102405005,3160102405,5,248
3160102405006,3160102405,6,310
3160102405007,3160102405,7,455
3160102405008,3160102405,8,22
3160102405009,3160102405,9,404
3160102405010,3160102405,10,485
3160102405011,3160102405,11,890
3160102405012,3160102405,12,553
3160102417001,3160102417,1,634
3160102417002,3160102417,2,529
3160102417003,3160102417,3,501
3160102417004,3160102417,4,767
3160102417005,3160102417,5,382
3160102417006,3160102417,6,487
3160102417007,3160102417,7,577
3160102417008,3160102417,8,427
3160102417009,3160102417,9,820
3160102417010,3160102417,10,93
3160102417011,3160102417,11,13
3160102417012,3160102417,12,59
3160102417013,3160102417,13,299
3160102417014,3160102417,14,827
3160102417015,3160102417,15,738
3160102417016,3160102417,16,77
3160202433001,3160202433,1,736
3160202433002,3160202433,2,913
3160202433003,3160202433,3,447
3160202433004,3160202433,4,760
3160202433005,3160202433,5,313
3160202433006,3160202433,6,408
3160202433007,3160202433,7,548
3160202433008,3160202433,8,667
3160202433009,3160202433,9,627
3160202433010,3160202433,10,921
3160202443001,3160202443,1,284
3160202443002,3160202443,2,794
3160202443003,3160202443,3,216
3160202443004,3160202443,4,18
3160202443005,3160202443,5,86
3160202443006,3160202443,6,949
3160202443007,3160202443,7,31
3160202443008,3160202443,8,717
3160202443009,3160202443,9,323
3160202443010,3160202443,10,285
3160202443011,3160202443,11,850
4010102454001,4010102454,1,585
4010102454002,4010102454,2,145
4010102454003,4010102454,3,83
4010102454004,4010102454,4,549
4010102454005,4010102454,5,708
4010102454006,4010102454,6,945
4010102454007,4010102454,7,618
4010102454008,4010102454,8,726
4010102454009,4010102454,9,951
4010102454010,4010102454,10,556
4010102454011,4010102454,11,947
4010102454012,4010102454,12,318
4010102454013,4010102454,13,851
4010102454014,4010102454,14,539
4010102454015,4010102454,15,162
4010102454016,4010102454,16,39
4010102470001,4010102470,1,724
4010102470002,4010102470,2,734
4010102470003,4010102470,3,552
4010102470004,4010102470,4,108
4010102470005,4010102470,5,782
4010102470006,4010102470,6,564
4010102470007,4010102470,7,507
4010102470008,4010102470,8,548
4010102470009,4010102470,9,889
4010102470010,4010102470,10,907
4010102470011,4010102470,11,975
4010102470012,4010102470,12,846
4010102470013,4010102470,13,749
4010102470014,4010102470,14,732
4010102470015,4010102470,15,10
4010102470016,4010102470,16,810
4010102470017,4010102470,17,996
4010202487001,4010202487,1,369
4010202487002,4010202487,2,177
4010202487003,4010202487,3,604
4010202487004,4010202487,4,645
4010202487005,4010202487,5,306
4010202487006,4010202487,6,17
4010202487007,4010202487,7,348
4010202487008,4010202487,8,639
4010202487009,4010202487,9,346
4010202487010,4010202487,10,684
4010202487011,4010202487,11,188
4010202487012,4010202487,12,780
4010202487013,4010202487,13,32
4010202487014,4010202487,14,634
4010202487015,4010202487,15,295
4010202487016,4010202487,16,832
4010202487017,4010202487,17,562
4010302504001,4010302504,1,20
4010302504002,4010302504,2,890
4010302504003,4010302504,3,122
4010302504004,4010302504,4,26
4010302504005,4010302504,5,331
4010302504006,4010302504,6,125
4010302504007,4010302504,7,392
4010302504008,4010302504,8,57
4010302504009,4010302504,9,76
4010302504010,4010302504,10,277
4010302504011,4010302504,11,77
4010302504012,4010302504,12,337
4010302516001,4010302516,1,937
4010302516002,4010302516,2,106
4010302516003,4010302516,3,609
4010302516004,4010302516,4,803
4010302516005,4010302516,5,22
4010302516006,4010302516,6,929
4010302516007,4010302516,7,177
4010302516008,4010302516,8,580
4010302516009,4010302516,9,649
4020102525001,4020102525,1,51
4020102525002,4020102525,2,71
4020102525003,4020102525,3,823
4020102528001,4020102528,1,474
4020102528002,4020102528,2,589
4020102528003,4020102528,3,810
4020102528004,4020102528,4,165
4020102528005,4020102528,5,747
4020102528006,4020102528,6,404
4020102528007,4020102528,7,716
4020102528008,4020102528,8,102
4020102528009,4020102528,9,6
4020102528010,4020102528,10,247
4020102528011,4020102528,11,382
4020102528012,4020102528,12,878
4020102528013,4020102528,13,60
4020102528014,4020102528,14,648
4020102528015,4020102528,15,5
4020102528016,4020102528,16,564
4020102528017,4020102528,17,472
4020202545001,4020202545,1,75
4020202545002,4020202545,2,128
4020202545003,4020202545,3,45
4020202545004,4020202545,4,188
4020202545005,4020202545,5,921
4020202545006,4020202545,6,820
4030102551001,4030102551,1,604
4030102551002,4030102551,2,741
4030102551003,4030102551,3,582
4030102551004,4030102551,4,150
4030102551005,4030102551,5,560
4030102551006,4030102551,6,728
4030102551007,4030102551,7,556
4030102558001,4030102558,1,901
4030102558002,4030102558,2,910
4030102558003,4030102558,3,96
4030102558004,4030102558,4,808
4030102558005,4030102558,5,518
4030102558006,4030102558,6,628
4030102558007,4030102558,7,456
4030102558008,4030102558,8,861
4030102558009,4030102558,9,826
4030102558010,4030102558,10,640
4030102558011,4030102558,11,28
4030102558012,4030102558,12,733
4030102558013,4030102558,13,571
4030102558014,4030102558,14,383
4030102558015,4030102558,15,563
4030102558016,4030102558,16,163
4030102558017,4030102558,17,336
4030102558018,4030102558,18,107
4030102558019,4030102558,19,655
4030102577001,4030102577,1,414
4030102577002,4030102577,2,930
4030102577003,4030102577,3,813
4030102577004,4030102577,4,324
4030102577005,4030102577,5,180
4030102577006,4030102577,6,218
4030202583001,4030202583,1,365
4030202583002,4030202583,2,402
4030202583003,4030202583,3,235
4030202583004,4030202583,4,283
4030202583005,4030202583,5,962
4030202583006,4030202583,6,993
4030202583007,4030202583,7,661
4030202583008,4030202583,8,433
4030202583009,4030202583,9,358
4030202583010,4030202583,10,982
4030202583011,4030202583,11,492
4030202583012,4030202583,12,32
4030202583013,4030202583,13,636
4030202583014,4030202583,14,843
4030202583015,4030202583,15,28
4030202583016,4030202583,16,817
4030202583017,4030202583,17,250
4030202583018,4030202583,18,44
4040102601001,4040102601,1,533
4040102601002,4040102601,2,563
4040102601003,4040102601,3,601
4040102601004,4040102601,4,583
4040102601005,4040102601,5,82
4040102601006,4040102601,6,309
4040102601007,4040102601,7,279
4040102601008,4040102601,8,765
4040102601009,4040102601,9,973
4040102601010,4040102601,10,765
4040102601011,4040102601,11,624
4040102601012,4040102601,12,926
4040102601013,4040102601,13,234
4040102601014,4040102601,14,16
4040102601015,4040102601,15,396
4040102601016,4040102601,16,218
4040102601017,4040102601,17,226
4040102601018,4040102601,18,266
4040102619001,4040102619,1,825
4040102619002,4040102619,2,456
4040102619003,4040102619,3,182
4040102619004,4040102619,4,935
4040102619005,4040102619,5,360
4040102619006,4040102619,6,285
4040102619007,4040102619,7,326
4040102626001,4040102626,1,56
4040102626002,4040102626,2,243
4040102626003,4040102626,3,918
4040102626004,4040102626,4,317
4040102626005,4040102626,5,801
4040102626006,4040102626,6,636
4040102626007,4040102626,7,34
4040102626008,4040102626,8,281
4040102626009,4040102626,9,862
4040102626010,4040102626,10,582
4040102626011,4040102626,11,549
4040102626012,4040102626,12,879
4040102626013,4040102626,13,775
4040102626014,4040102626,14,348
4050102640001,4050102640,1,747
4050102640002,4050102640,2,230
4050102640003,4050102640,3,390
4050102643001,4050102643,1,11
4050102643002,4050102643,2,56
4050102643003,4050102643,3,255
4050302646001,4050302646,1,152
4050302646002,4050302646,2,29
4050302646003,4050302646,3,620
4050302646004,4050302646,4,97
4050302646005,4050302646,5,135
4050302646006,4050302646,6,471
4050302646007,4050302646,7,686
4050302646008,4050302646,8,258
4050302646009,4050302646,9,815
4050302646010,4050302646,10,38
4050302646011,4050302646,11,996
4050302646012,4050302646,12,934
4050302646013,4050302646,13,758
4050302646014,4050302646,14,747
4050302646015,4050302646,15,801
4050302646016,4050302646,16,866
4050302646017,4050302646,17,727
4050302646018,4050302646,18,733
4050302646019,4050302646,19,768
4050402665001,4050402665,1,569
4050402665002,4050402665,2,469
4050402665003,4050402665,3,368
4050402665004,4050402665,4,40
4050402665005,4050402665,5,744
4050402665006,4050402665,6,881
4050402665007,4050402665,7,179
4050402665008,4050402665,8,995
4050402665009,4050402665,9,330
4050402665010,4050402665,10,557
4050402665011,4050402665,11,832
4050402665012,4050402665,12,531
4050402665013,4050402665,13,523
4050402665014,4050402665,14,20
4050402665015,4050402665,15,810
4050402665016,4050402665,16,660
4050402665017,4050402665,17,119
4050402665018,4050402665,18,353
4050402665019,4050402665,19,977
4050402665020,4050402665,20,549
4050502685001,4050502685,1,245
4050502685002,4050502685,2,350
4060102687001,4060102687,1,401
4060102688001,4060102688,1,26
4060102688002,4060102688,2,48
4060102688003,4060102688,3,290
4060102688004,4060102688,4,752
4060102688005,4060102688,5,38
4060102688006,4060102688,6,725
4060102688007,4060102688,7,714
4060102688008,4060102688,8,201
4060102688009,4060102688,9,576
4060102688010,4060102688,10,328
4060102688011,4060102688,11,141
4060102688012,4060102688,12,579
4060102688013,4060102688,13,517
4060102688014,4060102688,14,659
4060102688015,4060102688,15,781
4060202703001,4060202703,1,759
4060202703002,4060202703,2,356
4060202703003,4060202703,3,433
4060202703004,4060202703,4,525
4060202703005,4060202703,5,255
4060202703006,4060202703,6,332
4060202703007,4060202703,7,686
4060202703008,4060202703,8,300
4060202703009,4060202703,9,545
4060202703010,4060202703,10,595
4060202703011,4060202703,11,709
4060202703012,4060202703,12,794
4060202703013,4060202703,13,353
4060202703014,4060202703,14,984
4060202703015,4060202703,15,515
4060202703016,4060202703,16,12
4060202703017,4060202703,17,587
4060202703018,4060202703,18,94
4060202703019,4060202703,19,663
4060202703020,4060202703,20,218
4060302723001,4060302723,1,447
4060302723002,4060302723,2,512
4060302723003,4060302723,3,797
4060302723004,4060302723,4,22
4070102727001,4070102727,1,422
4070102727002,4070102727,2,884
4070102727003,4070102727,3,126
4070102727004,4070102727,4,891
4070102727005,4070102727,5,442
4070102727006,4070102727,6,830
4070102727007,4070102727,7,573
4070102727008,4070102727,8,754
4070102727009,4070102727,9,531
4070102727010,4070102727,10,647
4070102727011,4070102727,11,848
4080102738001,4080102738,1,54
4080102738002,4080102738,2,722
4080102738003,4080102738,3,452
4080102738004,4080102738,4,988
4080102738005,4080102738,5,765
4080102738006,4080102738,6,256
4080102738007,4080102738,7,138
4080102738008,4080102738,8,971
4080102738009,4080102738,9,81
4080102738010,4080102738,10,498
4080102738011,4080102738,11,656
4080202749001,4080202749,1,847
4080202749002,4080202749,2,199
4080202749003,4080202749,3,987
4080202749004,4080202749,4,877
4080202749005,4080202749,5,676
4080202749006,4080202749,6,630
4080202749007,4080202749,7,298
4080202749008,4080202749,8,168
4080202749009,4080202749,9,911
4080202749010,4080202749,10,715
4080202749011,4080202749,11,861
4080202749012,4080202749,12,908
4080202749013,4080202749,13,416
4080202749014,4080202749,14,679
4080202749015,4080202749,15,317
4090102764001,4090102764,1,546
4090102764002,4090102764,2,677
4090102764003,4090102764,3,963
4090102764004,4090102764,4,334
4090102764005,4090102764,5,316
4090102764006,4090102764,6,769
4090102764007,4090102764,7,394
4090102764008,4090102764,8,436
4090102764009,4090102764,9,334
4090102764010,4090102764,10,364
4090102764011,4090102764,11,922
4090102764012,4090102764,12,8
4090102764013,4090102764,13,443
4090102764014,4090102764,14,514
4090102764015,4090102764,15,916
4090102764016,4090102764,16,511
4090202780001,4090202780,1,169
4090202780002,4090202780,2,765
4090202780003,4090202780,3,222
4090202780004,4090202780,4,653
4090202780005,4090202780,5,951
4090202780006,4090202780,6,506
4090202780007,4090202780,7,747
4090202780008,4090202780,8,895
4090202780009,4090202780,9,775
4090202780010,4090202780,10,789
4090202780011,4090202780,11,511
4090202780012,4090202780,12,32
4090202780013,4090202780,13,13
4090202793001,4090202793,1,898
4090202793002,4090202793,2,410
4090202793003,4090202793,3,109
4090202793004,4090202793,4,679
4090202793005,4090202793,5,164
4090202793006,4090202793,6,147
4090202793007,4090202793,7,833
4090202793008,4090202793,8,118
4090202793009,4090202793,9,913
4090202793010,4090202793,10,99
4090202793011,4090202793,11,659
4090202793012,4090202793,12,597
4090202793013,4090202793,13,846
4090202793014,4090202793,14,293
4090202793015,4090202793,15,864
4090202793016,4090202793,16,572
4090202793017,4090202793,17,463
4090202793018,4090202793,18,540
4090202793019,4090202793,19,75
4090302812001,4090302812,1,738
4090302812002,4090302812,2,702
4090302812003,4090302812,3,295
4090302812004,4090302812,4,750
4090302812005,4090302812,5,664
4090302812006,4090302812,6,26
4090302812007,4090302812,7,862
4090302812008,4090302812,8,878
4090302812009,4090302812,9,73
4090302812010,4090302812,10,161
4090302812011,4090302812,11,237
4090302812012,4090302812,12,246
4090302812013,4090302812,13,363
4090302812014,4090302812,14,301
4090302812015,4090302812,15,637
4090302812016,4090302812,16,397
4090302812017,4090302812,17,672
4090302812018,4090302812,18,986
4090302812019,4090302812,19,339
4090302812020,4090302812,20,995
4110102832001,4110102832,1,900
4110102832002,4110102832,2,290
4110102832003,4110102832,3,836
4110102832004,4110102832,4,673
4110102832005,4110102832,5,339
4110102832006,4110102832,6,96
4110102832007,4110102832,7,303
4110102832008,4110102832,8,692
4110102832009,4110102832,9,312
4110102832010,4110102832,10,556
4110102832011,4110102832,11,726
4110102832012,4110102832,12,89
4110102832013,4110102832,13,798
4110102832014,4110102832,14,115
4110102832015,4110102832,15,320
4110102832016,4110102832,16,537
4110102832017,4110102832,17,115
4110102832018,4110102832,18,313
4110102832019,4110102832,19,674
4110102832020,4110102832,20,367
4110102852001,4110102852,1,330
4110102852002,4110102852,2,29
4110102852003,4110102852,3,243
4110102852004,4110102852,4,96
4110102852005,4110102852,5,943
4110102852006,4110102852,6,643
4110102852007,4110102852,7,555
4110102852008,4110102852,8,572
4110102852009,4110102852,9,907
4110102852010,4110102852,10,477
4110102852011,4110102852,11,857
4110102852012,4110102852,12,784
4110102852013,4110102852,13,506
4110102852014,4110102852,14,194
4110102852015,4110102852,15,312
4120102867001,4120102867,1,894
4120102867002,4120102867,2,176
4120102867003,4120102867,3,290
4120102867004,4120102867,4,817
4120102867005,4120102867,5,562
4120102867006,4120102867,6,748
4120102867007,4120102867,7,618
4120102867008,4120102867,8,792
4120102867009,4120102867,9,224
4120102867010,4120102867,10,653
4120102867011,4120102867,11,37
4120102867012,4120102867,12,769
4120202879001,4120202879,1,668
4120202879002,4120202879,2,632
4120202879003,4120202879,3,613
4120202879004,4120202879,4,857
4120202879005,4120202879,5,605
4120202879006,4120202879,6,794
4130102885001,4130102885,1,863
4130102885002,4130102885,2,781
4130102885003,4130102885,3,831
4130102885004,4130102885,4,200
4130102885005,4130102885,5,413
4130102885006,4130102885,6,110
4130102885007,4130102885,7,175
4130102885008,4130102885,8,566
4130102885009,4130102885,9,182
4130102885010,4130102885,10,164
4130102885011,4130102885,11,580
4130102885012,4130102885,12,324
4130102885013,4130102885,13,87
4140102898001,4140102898,1,501
4140102898002,4140102898,2,796
4140102898003,4140102898,3,413
4140102898004,4140102898,4,905
4140102898005,4140102898,5,156
4140102898006,4140102898,6,67
4140102898007,4140102898,7,62
4140102898008,4140102898,8,635
4140102898009,4140102898,9,757
4140102898010,4140102898,10,77
4140102898011,4140102898,11,862
4140102909001,4140102909,1,70
4140102909002,4140102909,2,57
4140102909003,4140102909,3,30
4140102909004,4140102909,4,786
4140102909005,4140102909,5,235
4140102909006,4140102909,6,846
4140102909007,4140102909,7,339
4140102909008,4140102909,8,127
4140102909009,4140102909,9,422
4140102909010,4140102909,10,654
4140102909011,4140102909,11,253
4140102909012,4140102909,12,98
4140102909013,4140102909,13,318
4140102909014,4140102909,14,408
4140102909015,4140102909,15,732
4140102909016,4140102909,16,645
4140102909017,4140102909,17,989
4140102909018,4140102909,18,411
4140102909019,4140102909,19,183
4140102928001,4140102928,1,330
4140102928002,4140102928,2,966
4140102928003,4140102928,3,82
4140102928004,4140102928,4,646
4140102928005,4140102928,5,358
4140102928006,4140102928,6,366
4140102928007,4140102928,7,267
4140102928008,4140102928,8,297
4140102928009,4140102928,9,828
4140102928010,4140102928,10,445
4140102928011,4140102928,11,274
4140102928012,4140102928,12,574
4140102928013,4140102928,13,7
4140102928014,4140102928,14,209
4140102928015,4140102928,15,605
4140102928016,4140102928,16,418
4140102928017,4140102928,17,860
4150102945001,4150102945,1,128
4150102945002,4150102945,2,53
4150102945003,4150102945,3,481
4150102945004,4150102945,4,515
4150102945005,4150102945,5,541
4150102945006,4150102945,6,546
4150102945007,4150102945,7,966
4150102945008,4150102945,8,562
4150102945009,4150102945,9,892
4150102945010,4150102945,10,317
4150102945011,4150102945,11,460
4150102956001,4150102956,1,533
4150102956002,4150102956,2,129
4150102956003,4150102956,3,24
4150102956004,4150102956,4,623
4150102956005,4150102956,5,6
4150102956006,4150102956,6,542
4150102956007,4150102956,7,428
4150102956008,4150102956,8,961
4150102956009,4150102956,9,765
4150102956010,4150102956,10,723
4150102956011,4150102956,11,135
4150102956012,4150102956,12,62
4150102956013,4150102956,13,539
4150102956014,4150102956,14,522
4150102956015,4150102956,15,758
4150102956016,4150102956,16,789
4150202972001,4150202972,1,716
4150202972002,4150202972,2,878
4150202972003,4150202972,3,600
4150202972004,4150202972,4,529
4150202972005,4150202972,5,334
4150202972006,4150202972,6,319
4150202972007,4150202972,7,333
4150202972008,4150202972,8,611
4150202972009,4150202972,9,134
4150202972010,4150202972,10,376
4150302982001,4150302982,1,995
4150302982002,4150302982,2,427
4150302982003,4150302982,3,396
4150302985001,4150302985,1,878
4150302985002,4150302985,2,456
4150302985003,4150302985,3,394
4150302985004,4150302985,4,359
4150302985005,4150302985,5,186
4150302985006,4150302985,6,404
4150302985007,4150302985,7,534
4150302985008,4150302985,8,94
5010102993001,5010102993,1,261
5010102993002,5010102993,2,573
5010102993003,5010102993,3,110
5010102993004,5010102993,4,201
5010102993005,5010102993,5,854
5010102993006,5010102993,6,108
5010102993007,5010102993,7,195
5010102993008,5010102993,8,808
5010102993009,5010102993,9,339
5010102993010,5010102993,10,381
5010102993011,5010102993,11,64
5010103004001,5010103004,1,746
5010103004002,5010103004,2,844
5010103004003,5010103004,3,998
5010103004004,5010103004,4,672
5010103008001,5010103008,1,699
5010103008002,5010103008,2,268
5010203010001,5010203010,1,734
5010203010002,5010203010,2,168
5010203010003,5010203010,3,20
5010203010004,5010203010,4,23
5010203010005,5010203010,5,135
5010203010006,5010203010,6,355
5010203010007,5010203010,7,124
5010203010008,5010203010,8,196
5010203010009,5010203010,9,813
5010203010010,5010203010,10,443
5010203010011,5010203010,11,312
5010203010012,5010203010,12,830
5010203010013,5010203010,13,384
5010203010014,5010203010,14,223
5010203010015,5010203010,15,5
5010203010016,5010203010,16,588
5010203010017,5010203010,17,30
5010203010018,5010203010,18,332
5010203010019,5010203010,19,249
5010203029001,5010203029,1,674
5010203029002,5010203029,2,868
5010203029003,5010203029,3,958
5010203029004,5010203029,4,806
5010203029005,5010203029,5,952
5010203029006,5010203029,6,681
5010203029007,5010203029,7,55
5010203029008,5010203029,8,105
5010203029009,5010203029,9,809
5010203029010,5010203029,10,174
5010203029011,5010203029,11,732
5010203029012,5010203029,12,45
5010203029013,5010203029,13,930
5010303042001,5010303042,1,418
5010303042002,5010303042,2,835
5010303042003,5010303042,3,237
5010303042004,5010303042,4,214
5010303042005,5010303042,5,648
5010303042006,5010303042,6,186
5010303042007,5010303042,7,423
5010303042008,5010303042,8,952
5010303042009,5010303042,9,29
5010403051001,5010403051,1,401
5010403051002,5010403051,2,835
5010403051003,5010403051,3,146
5020103054001,5020103054,1,738
5020103054002,5020103054,2,518
5020103054003,5020103054,3,743
5020103054004,5020103054,4,679
5020103054005,5020103054,5,198
5020103054006,5020103054,6,446
5020103054007,5020103054,7,755
5020103054008,5020103054,8,395
5020103054009,5020103054,9,123
5020103054010,5020103054,10,989
5020103064001,5020103064,1,413
5020103064002,5020103064,2,70
5020103064003,5020103064,3,890
5020103064004,5020103064,4,819
5020103064005,5020103064,5,500
5020103064006,5020103064,6,171
5020103064007,5020103064,7,299
5020103064008,5020103064,8,424
5020103064009,5020103064,9,291
5020103064010,5020103064,10,395
5020103064011,5020103064,11,66
5020103064012,5020103064,12,783
5020103064013,5020103064,13,379
5020103064014,5020103064,14,258
5020103064015,5020103064,15,752
5020103064016,5020103064,16,166
5020203080001,5020203080,1,331
5020203080002,5020203080,2,853
5020203080003,5020203080,3,130
5020203080004,5020203080,4,227
5020203080005,5020203080,5,952
5020203080006,5020203080,6,609
5020203080007,5020203080,7,60
5020203087001,5020203087,1,963
5020203087002,5020203087,2,667
5020203087003,5020203087,3,609
5020203087004,5020203087,4,275
5020203087005,5020203087,5,550
5020203087006,5020203087,6,798
5020203087007,5020203087,7,912
5020203087008,5020203087,8,978
5020203087009,5020203087,9,77
5020203087010,5020203087,10,373
5020203097001,5020203097,1,579
5020203097002,5020203097,2,456
5020203097003,5020203097,3,877
5020203097004,5020203097,4,716
5020203097005,5020203097,5,417
5020203097006,5020203097,6,131
5020203097007,5020203097,7,456
5020303104001,5020303104,1,807
5020303104002,5020303104,2,592
5020303104003,5020303104,3,359
5020303104004,5020303104,4,871
5020303104005,5020303104,5,661
5020403109001,5020403109,1,889
5020403109002,5020403109,2,848
5020403111001,5020403111,1,790
5020403111002,5020403111,2,420
5020403111003,5020403111,3,293
5020403111004,5020403111,4,179
5020403111005,5020403111,5,744
5020403111006,5020403111,6,244
5020403111007,5020403111,7,548
5020403111008,5020403111,8,940
5020403111009,5020403111,9,831
5020403111010,5020403111,10,263
5020403111011,5020403111,11,528
5020403111012,5020403111,12,925
5020403111013,5020403111,13,479
5020403111014,5020403111,14,723
5020403111015,5020403111,15,135
5020403111016,5020403111,16,250
5020403127001,5020403127,1,434
5020403127002,5020403127,2,399
5020403127003,5020403127,3,287
5020403127004,5020403127,4,349
5020403127005,5020403127,5,498
5020403127006,5020403127,6,419
5020403127007,5020403127,7,385
5020403127008,5020403127,8,124
5020403127009,5020403127,9,550
5020403127010,5020403127,10,278
5020403127011,5020403127,11,467
5030103138001,5030103138,1,767
5030103138002,5030103138,2,965
5030103140001,5030103140,1,586
5030103140002,5030103140,2,440
5030103140003,5030103140,3,771
5030103140004,5030103140,4,549
5030103140005,5030103140,5,598
5030103140006,5030103140,6,871
5030103140007,5030103140,7,750
5030103140008,5030103140,8,355
5030103140009,5030103140,9,334
5030103140010,5030103140,10,384
5030103140011,5030103140,11,633
5030103140012,5030103140,12,684
5030103140013,5030103140,13,127
5030103140014,5030103140,14,368
5030103140015,5030103140,15,568
5030103140016,5030103140,16,759
5030103140017,5030103140,17,282
5030103140018,5030103140,18,542
5030103140019,5030103140,19,873
5030103159001,5030103159,1,202
5030103159002,5030103159,2,440
5030103159003,5030103159,3,818
5030103159004,5030103159,4,432
5030103159005,5030103159,5,19
5030103159006,5030103159,6,556
5030103159007,5030103159,7,925
5030103159008,5030103159,8,140
5030103159009,5030103159,9,689
5030103159010,5030103159,10,507
5030103159011,5030103159,11,777
5030303170001,5030303170,1,97
5030303170002,5030303170,2,487
5030303170003,5030303170,3,126
5030303170004,5030303170,4,524
5030303170005,5030303170,5,553
5030303170006,5030303170,6,33
5030303170007,5030303170,7,511
5030303170008,5030303170,8,681
5030303170009,5030303170,9,316
5030303170010,5030303170,10,329
5030303170011,5030303170,11,350
5030303170012,5030303170,12,278
5030303170013,5030303170,13,747
5030303170014,5030303170,14,128
5030303170015,5030303170,15,144
5030303170016,5030303170,16,523
5040103186001,5040103186,1,302
5040103186002,5040103186,2,747
5040103186003,5040103186,3,178
5040103186004,5040103186,4,752
5040103186005,5040103186,5,71
5040103186006,5040103186,6,594
5040103192001,5040103192,1,424
5040103193001,5040103193,1,147
5040103194001,5040103194,1,446
5040103194002,5040103194,2,218
5040103194003,5040103194,3,765
5040103194004,5040103194,4,848
5040103194005,5040103194,5,722
5040103194006,5040103194,6,750
5040103194007,5040103194,7,292
5040103194008,5040103194,8,590
5040103194009,5040103194,9,681
5040203203001,5040203203,1,672
5040203203002,5040203203,2,205
5040203203003,5040203203,3,127
5040203203004,5040203203,4,368
5040203203005,5040203203,5,497
5040303208001,5040303208,1,364
5040303208002,5040303208,2,850
5040303208003,5040303208,3,71
5040303208004,5040303208,4,778
5040303208005,5040303208,5,774
5040303208006,5040303208,6,597
5040303208007,5040303208,7,413
5040303208008,5040303208,8,691
5040303208009,5040303208,9,644
5040303208010,5040303208,10,807
5040303208011,5040303208,11,925
5040303208012,5040303208,12,846
5040303208013,5040303208,13,73
5040303221001,5040303221,1,405
5040303221002,5040303221,2,732
5040303221003,5040303221,3,598
5040303221004,5040303221,4,724
5040303221005,5040303221,5,789
5040303221006,5040303221,6,690
5040303221007,5040303221,7,955
5040303221008,5040303221,8,350
5040303221009,5040303221,9,911
5040303221010,5040303221,10,117
5040303221011,5040303221,11,137
5040403232001,5040403232,1,336
5040403232002,5040403232,2,574
5040403232003,5040403232,3,349
5040403232004,5040403232,4,907
5040403232005,5040403232,5,409
5040403232006,5040403232,6,566
5040403232007,5040403232,7,245
5040403232008,5040403232,8,166
5040403232009,5040403232,9,774
5040403232010,5040403232,10,626
5040403232011,5040403232,11,16
5040403232012,5040403232,12,912
5040403232013,5040403232,13,143
5040403232014,5040403232,14,555
5040403232015,5040403232,15,791
5040403247001,5040403247,1,940
5040403247002,5040403247,2,251
5040403247003,5040403247,3,513
5040403247004,5040403247,4,218
5040403247005,5040403247,5,323
5040403247006,5040403247,6,486
5040403247007,5040403247,7,473
5040403247008,5040403247,8,152
5040403247009,5040403247,9,626
5040403247010,5040403247,10,662
5040403247011,5040403247,11,275
5040403247012,5040403247,12,153
5040403247013,5040403247,13,578
5040503260001,5040503260,1,817
5040503260002,5040503260,2,778
5040503260003,5040503260,3,476
5040503263001,5040503263,1,774
5040503263002,5040503263,2,595
5040503263003,5040503263,3,449
5040503263004,5040503263,4,123
5040503263005,5040503263,5,661
5040503263006,5040503263,6,155
5040503263007,5040503263,7,768
5040503263008,5040503263,8,96
5040503263009,5040503263,9,391
5040503263010,5040503263,10,390
5040503263011,5040503263,11,743
5040503263012,5040503263,12,382
5040503263013,5040503263,13,332
5040503263014,5040503263,14,264
5040503263015,5040503263,15,608
5040503263016,5040503263,16,286
5040503263017,5040503263,17,418
5040503263018,5040503263,18,77
5040503263019,5040503263,19,47
5040503263020,5040503263,20,541
5040503283001,5040503283,1,529
5040503283002,5040503283,2,485
5040503283003,5040503283,3,889
5040503283004,5040503283,4,877
5040503283005,5040503283,5,649
5040503283006,5040503283,6,273
5040503283007,5040503283,7,30
5040503283008,5040503283,8,159
5040503283009,5040503283,9,334
5040503283010,5040503283,10,562
5040503283011,5040503283,11,617
5040503283012,5040503283,12,922
5040503283013,5040503283,13,220
5040503283014,5040503283,14,784
5050203297001,5050203297,1,649
5050203297002,5050203297,2,502
5050203297003,5050203297,3,214
5050203297004,5050203297,4,620
5050203297005,5050203297,5,921
5050203297006,5050203297,6,620
5050203297007,5050203297,7,948
5050203297008,5050203297,8,225
5050203297009,5050203297,9,423
5050203297010,5050203297,10,826
5050203297011,5050203297,11,414
5050203297012,5050203297,12,386
5050203297013,5050203297,13,823
5050203297014,5050203297,14,870
5050203297015,5050203297,15,72
5050203297016,5050203297,16,714
5050203297017,5050203297,17,946
5050203314001,5050203314,1,395
5050203314002,5050203314,2,634
5050203314003,5050203314,3,90
5050203314004,5050203314,4,390
5050203314005,5050203314,5,498
5050203314006,5050203314,6,426
5050203314007,5050203314,7,963
5050203314008,5050203314,8,945
5050203314009,5050203314,9,988
5050203314010,5050203314,10,375
5050203314011,5050203314,11,17
5050203314012,5050203314,12,299
5050203314013,5050203314,13,355
5050203314014,5050203314,14,534
5050203314015,5050203314,15,347
5070203329001,5070203329,1,613
5070203329002,5070203329,2,316
5070203329003,5070203329,3,969
5070203329004,5070203329,4,612
5070203329005,5070203329,5,865
5070203329006,5070203329,6,156
5070203329007,5070203329,7,436
5070203329008,5070203329,8,870
5070203329009,5070203329,9,232
5070203329010,5070203329,10,400
5070203329011,5070203329,11,513
5070203329012,5070203329,12,913
5070203329013,5070203329,13,554
5070203329014,5070203329,14,491
5070203329015,5070203329,15,718
5070203329016,5070203329,16,575
5070203345001,5070203345,1,299
5070203345002,5070203345,2,701
5070203345003,5070203345,3,211
5080103348001,5080103348,1,602
5080103348002,5080103348,2,51
5080103348003,5080103348,3,737
5080103348004,5080103348,4,386
5080103348005,5080103348,5,215
5080103348006,5080103348,6,854
5080103348007,5080103348,7,654
5080103348008,5080103348,8,954
5080103348009,5080103348,9,986
5080103348010,5080103348,10,524
5080103348011,5080103348,11,179
5080103348012,5080103348,12,836
5080103348013,5080103348,13,727
5080103348014,5080103348,14,780
5080103348015,5080103348,15,106
5080103348016,5080103348,16,175
5080103348017,5080103348,17,564
5080103348018,5080103348,18,522
5080203366001,5080203366,1,20
5080203366002,5080203366,2,785
5080203366003,5080203366,3,952
5080203366004,5080203366,4,203
5080203366005,5080203366,5,956
5080203366006,5080203366,6,92
5080203366007,5080203366,7,936
5080203366008,5080203366,8,735
5080203366009,5080203366,9,712
5080203366010,5080203366,10,54
5080203366011,5080203366,11,407
5080203366012,5080203366,12,678
5080203366013,5080203366,13,35
5080203366014,5080203366,14,210
5080203366015,5080203366,15,393
5080203366016,5080203366,16,370
5080203366017,5080203366,17,12
5090103383001,5090103383,1,87
5090103383002,5090103383,2,864
5090103383003,5090103383,3,695
5090103383004,5090103383,4,328
5090103383005,5090103383,5,243
5090103383006,5090103383,6,768
5090103383007,5090103383,7,290
5090103383008,5090103383,8,604
5090103391001,5090103391,1,535
5090103391002,5090103391,2,914
5090103391003,5090103391,3,412
5090203394001,5090203394,1,174
5090203394002,5090203394,2,581
5090203394003,5090203394,3,426
5090203394004,5090203394,4,897
5090203394005,5090203394,5,227
5090203394006,5090203394,6,54
5090203394007,5090203394,7,139
5090203394008,5090203394,8,777
5090203394009,5090203394,9,341
5090203394010,5090203394,10,397
5090203394011,5090203394,11,397
5090203394012,5090203394,12,965
5090203394013,5090203394,13,167
5090203394014,5090203394,14,765
5090203394015,5090203394,15,230
5090203394016,5090203394,16,392
5090203410001,5090203410,1,128
5090203410002,5090203410,2,506
5090203410003,5090203410,3,891
5090203410004,5090203410,4,545
5090203410005,5090203410,5,623
5090203410006,5090203410,6,746
5090203410007,5090203410,7,126
5090203410008,5090203410,8,919
5090203410009,5090203410,9,967
5090203410010,5090203410,10,207
5090203410011,5090203410,11,690
5090203410012,5090203410,12,291
5090203410013,5090203410,13,953
5090203410014,5090203410,14,393
5090203410015,5090203410,15,864
5100103425001,5100103425,1,447
5100103425002,5100103425,2,228
5100103425003,5100103425,3,962
5100103425004,5100103425,4,195
5100103425005,5100103425,5,247
5100103425006,5100103425,6,456
5100103425007,5100103425,7,385
5100103425008,5100103425,8,101
5100103425009,5100103425,9,217
5100103425010,5100103425,10,134
5100103425011,5100103425,11,712
5100103425012,5100103425,12,287
5100103425013,5100103425,13,19
5110103438001,5110103438,1,819
5110103438002,5110103438,2,349
5110103438003,5110103438,3,690
5110103438004,5110103438,4,18
5110103438005,5110103438,5,31
5110103438006,5110103438,6,308
5110103438007,5110103438,7,408
5110103438008,5110103438,8,90
5110103438009,5110103438,9,489
5110103438010,5110103438,10,959
5110103438011,5110103438,11,187
5110103438012,5110103438,12,107
5110103438013,5110103438,13,161
5110103438014,5110103438,14,411
5110103438015,5110103438,15,832
5110103438016,5110103438,16,883
5110103438017,5110103438,17,112
5110103438018,5110103438,18,178
5110103438019,5110103438,19,342
5110103438020,5110103438,20,648
5110203458001,5110203458,1,694
5110203458002,5110203458,2,185
5110203458003,5110203458,3,191
5110203458004,5110203458,4,940
5110203458005,5110203458,5,239
5110203458006,5110203458,6,619
5110203458007,5110203458,7,700
5110203458008,5110203458,8,463
5110203458009,5110203458,9,321
5110203458010,5110203458,10,90
5110203458011,5110203458,11,211
5110203458012,5110203458,12,76
5110203458013,5110203458,13,366
5110203471001,5110203471,1,65
5110203471002,5110203471,2,648
5110203471003,5110203471,3,499
5110203471004,5110203471,4,180
5110203471005,5110203471,5,720
5110303476001,5110303476,1,639
5110303476002,5110303476,2,748
5110303476003,5110303476,3,8
5110303476004,5110303476,4,674
5110303476005,5110303476,5,893
5110303476006,5110303476,6,374
5110303476007,5110303476,7,288
5110303476008,5110303476,8,770
5110303476009,5110303476,9,718
5110303476010,5110303476,10,109
5110303476011,5110303476,11,349
5110303476012,5110303476,12,428
5110303476013,5110303476,13,237
5110303476014,5110303476,14,398
5110303476015,5110303476,15,78
5110303476016,5110303476,16,216
5110303476017,5110303476,17,614
5110303476018,5110303476,18,542
5110303494001,5110303494,1,868
5110303494002,5110303494,2,822
5110303494003,5110303494,3,683
5110303494004,5110303494,4,351
5110303494005,5110303494,5,616
5110303494006,5110303494,6,56
5110303494007,5110303494,7,95
5110303494008,5110303494,8,55
5110303494009,5110303494,9,324
5110303494010,5110303494,10,824
5110303494011,5110303494,11,38
5110303494012,5110303494,12,966
5110303494013,5110303494,13,108
5110303494014,5110303494,14,635
5120103508001,5120103508,1,499
5120103508002,5120103508,2,317
5120103508003,5120103508,3,581
5120103508004,5120103508,4,943
5120103508005,5120103508,5,664
5120103508006,5120103508,6,434
5120103508007,5120103508,7,659
5120103508008,5120103508,8,534
5120103508009,5120103508,9,304
5120103508010,5120103508,10,545
5120103508011,5120103508,11,798
5120103508012,5120103508,12,891
5120103508013,5120103508,13,655
5120103508014,5120103508,14,606
5120203522001,5120203522,1,300
5120203522002,5120203522,2,799
5120203522003,5120203522,3,563
5120203522004,5120203522,4,653
5120203522005,5120203522,5,652
5120203522006,5120203522,6,125
5120203522007,5120203522,7,598
5120203522008,5120203522,8,454
5120203522009,5120203522,9,338
5120203522010,5120203522,10,993
5120203522011,5120203522,11,362
5120203522012,5120203522,12,813
5120203522013,5120203522,13,675
5120203522014,5120203522,14,949
5120203536001,5120203536,1,853
5120303537001,5120303537,1,678
5120303537002,5120303537,2,867
5120303537003,5120303537,3,2
5120303537004,5120303537,4,591
5120303537005,5120303537,5,630
5120303542001,5120303542,1,306
5120303542002,5120303542,2,903
5120303542003,5120303542,3,755
5120303542004,5120303542,4,778
5120303542005,5120303542,5,836
5120303542006,5120303542,6,396
5120303542007,5120303542,7,529
5120303542008,5120303542,8,769
5120303542009,5120303542,9,897
5120303542010,5120303542,10,891
5120303542011,5120303542,11,837
5120303542012,5120303542,12,916
5120303542013,5120303542,13,75
5120303542014,5120303542,14,261
5120303542015,5120303542,15,93
5130103557001,5130103557,1,267
5130103557002,5130103557,2,421
5130103557003,5130103557,3,777
5130103557004,5130103557,4,681
5130103557005,5130103557,5,472
5130103557006,5130103557,6,97
5130103557007,5130103557,7,517
5130103557008,5130103557,8,706
5130103557009,5130103557,9,787
5130103557010,5130103557,10,247
5130103557011,5130103557,11,655
5130103557012,5130103557,12,966
5130103557013,5130103557,13,820
5130103570001,5130103570,1,809
5130103570002,5130103570,2,142
5130103570003,5130103570,3,115
5130203573001,5130203573,1,455
5130203573002,5130203573,2,936
5130203573003,5130203573,3,554
5130203573004,5130203573,4,32
5130203573005,5130203573,5,300
5130203573006,5130203573,6,217
5130203573007,5130203573,7,23
5130203573008,5130203573,8,159
5130203573009,5130203573,9,721
5130203573010,5130203573,10,903
5130203583001,5130203583,1,207
5130203583002,5130203583,2,784
5130203583003,5130203583,3,690
5130203583004,5130203583,4,251
5130203583005,5130203583,5,48
5130203583006,5130203583,6,748
5130203583007,5130203583,7,651
5130203583008,5130203583,8,543
5130203583009,5130203583,9,103
5130203583010,5130203583,10,362
5130203583011,5130203583,11,86
5130203583012,5130203583,12,2
5130203583013,5130203583,13,65
5130203583014,5130203583,14,847
5140103597001,5140103597,1,13
5140103597002,5140103597,2,679
5140103597003,5140103597,3,591
5140103597004,5140103597,4,854
5140103597005,5140103597,5,733
5150103602001,5150103602,1,765
5150103603001,5150103603,1,392
5150103603002,5150103603,2,530
5150103603003,5150103603,3,516
5150103603004,5150103603,4,458
5160103607001,5160103607,1,403
5160103607002,5160103607,2,995
5160103607003,5160103607,3,85
5160103607004,5160103607,4,573
5160103607005,5160103607,5,778
5160103612001,5160103612,1,269
5160103612002,5160103612,2,678
5160103612003,5160103612,3,737
5160103612004,5160103612,4,408
5160103612005,5160103612,5,874
5160103612006,5160103612,6,939
5160103618001,5160103618,1,116
5160103618002,5160103618,2,614
5160103618003,5160103618,3,863
5160103618004,5160103618,4,484
5160103618005,5160103618,5,695
5160103618006,5160103618,6,639
5160103618007,5160103618,7,165
5160103618008,5160103618,8,38
5160103618009,5160103618,9,787
5160103618010,5160103618,10,454
5160103618011,5160103618,11,975
5160103618012,5160103618,12,35
5160103618013,5160103618,13,554
5160103618014,5160103618,14,916
5160103618015,5160103618,15,441
5160103618016,5160103618,16,62
5160103618017,5160103618,17,450
5160103618018,5160103618,18,285
5160103618019,5160103618,19,733
5160103618020,5160103618,20,791
6020103638001,6020103638,1,134
6020103638002,6020103638,2,754
6020103638003,6020103638,3,859
6020103638004,6020103638,4,303
6020103638005,6020103638,5,969
6020103638006,6020103638,6,507
6020103638007,6020103638,7,1
6020103638008,6020103638,8,63
6020103638009,6020103638,9,24
6020103638010,6020103638,10,670
6020103648001,6020103648,1,107
6020103648002,6020103648,2,936
6020103648003,6020103648,3,121
6020103648004,6020103648,4,198
6020103648005,6020103648,5,226
6020103648006,6020103648,6,825
6030103654001,6030103654,1,657
6030103654002,6030103654,2,38
6030103654003,6030103654,3,760
6030103654004,6030103654,4,911
6030103654005,6030103654,5,275
6030103654006,6030103654,6,334
6030103654007,6030103654,7,260
6030103654008,6030103654,8,723
6030103654009,6030103654,9,912
6030103654010,6030103654,10,73
6030103654011,6030103654,11,323
6030103665001,6030103665,1,559
6030103665002,6030103665,2,380
6030103665003,6030103665,3,727
6030103665004,6030103665,4,129
6030103665005,6030103665,5,163
6030103665006,6030103665,6,589
6030103665007,6030103665,7,168
6030103665008,6030103665,8,367
6030103665009,6030103665,9,515
6030103665010,6030103665,10,667
6030103665011,6030103665,11,761
6030103665012,6030103665,12,232
6030103665013,6030103665,13,348
6030103665014,6030103665,14,537
6030103665015,6030103665,15,619
6030103665016,6030103665,16,10
6030103665017,6030103665,17,984
6030103665018,6030103665,18,30
6030103683001,6030103683,1,719
6030103683002,6030103683,2,809
6030103683003,6030103683,3,157
6030103683004,6030103683,4,795
6030103683005,6030103683,5,323
6030103683006,6030103683,6,424
6030103683007,6030103683,7,499
6030103683008,6030103683,8,877
6030103683009,6030103683,9,708
6030103683010,6030103683,10,787
6030103683011,6030103683,11,691
6030103683012,6030103683,12,841
6030103683013,6030103683,13,181
6030203696001,6030203696,1,823
6030203696002,6030203696,2,213
6030203696003,6030203696,3,342
6030203696004,6030203696,4,903
6030203696005,6030203696,5,810
6030203696006,6030203696,6,158
6030203696007,6030203696,7,652
6030203696008,6030203696,8,444
6030203696009,6030203696,9,466
6030203696010,6030203696,10,276
6030203696011,6030203696,11,824
6030203696012,6030203696,12,961
6030203696013,6030203696,13,177
6030203696014,6030203696,14,171
6030203696015,6030203696,15,427
6030203696016,6030203696,16,724
6030203696017,6030203696,17,49
6030203696018,6030203696,18,312
6030203696019,6030203696,19,165
6030203715001,6030203715,1,582
6030203715002,6030203715,2,798
6030203717001,6030203717,1,74
6030203717002,6030203717,2,67
6030203717003,6030203717,3,76
6030203717004,6030203717,4,129
6030203717005,6030203717,5,438
6030203717006,6030203717,6,811
6030203717007,6030203717,7,943
6030203717008,6030203717,8,84
6030203717009,6030203717,9,361
6030203717010,6030203717,10,176
6030203717011,6030203717,11,925
6030203717012,6030203717,12,378
6030203717013,6030203717,13,968
6030203717014,6030203717,14,374
6030203717015,6030203717,15,65
6030203717016,6030203717,16,582
6030203717017,6030203717,17,410
6030203717018,6030203717,18,382
6030203717019,6030203717,19,696
6030203717020,6030203717,20,861
6030303737001,6030303737,1,650
6030303737002,6030303737,2,388
6030303737003,6030303737,3,9
6030303737004,6030303737,4,992
6030303737005,6030303737,5,964
6030303737006,6030303737,6,736
6030303737007,6030303737,7,177
6030303737008,6030303737,8,269
6030303737009,6030303737,9,342
6030303737010,6030303737,10,355
6030303737011,6030303737,11,100
6030303737012,6030303737,12,457
6030303737013,6030303737,13,853
6030303737014,6030303737,14,154
6030303737015,6030303737,15,828
6030303737016,6030303737,16,421
6030303737017,6030303737,17,624
6030303737018,6030303737,18,145
6030303737019,6030303737,19,391
6030303756001,6030303756,1,807
6030303756002,6030303756,2,562
6030303756003,6030303756,3,19
6030303756004,6030303756,4,768
6030303756005,6030303756,5,359
6030303756006,6030303756,6,241
6030303756007,6030303756,7,846
6030303756008,6030303756,8,188
6030303756009,6030303756,9,469
6030303756010,6030303756,10,251
6030303756011,6030303756,11,834
6030303756012,6030303756,12,111
6030303756013,6030303756,13,594
6030303756014,6030303756,14,282
6030303756015,6030303756,15,753
6030303756016,6030303756,16,758
6030303756017,6030303756,17,604
6030303756018,6030303756,18,791
6030303756019,6030303756,19,488
6040203775001,6040203775,1,287
6050103776001,6050103776,1,879
6050103776002,6050103776,2,254
6050103776003,6050103776,3,501
6050103776004,6050103776,4,38
6050103776005,6050103776,5,437
6050103776006,6050103776,6,259
6050103776007,6050103776,7,727
6050103776008,6050103776,8,891
6050103776009,6050103776,9,437
6050203785001,6050203785,1,821
6050203785002,6050203785,2,265
6050203785003,6050203785,3,640
6050203785004,6050203785,4,281
6050203785005,6050203785,5,557
6050203785006,6050203785,6,581
6050203785007,6050203785,7,568
6050203785008,6050203785,8,56
6050203785009,6050203785,9,538
6050203785010,6050203785,10,556
6050203785011,6050203785,11,468
6050203785012,6050203785,12,30
6060103797001,6060103797,1,373
6060103797002,6060103797,2,231
6060103797003,6060103797,3,226
6060103797004,6060103797,4,314
6060103797005,6060103797,5,8
6060103797006,6060103797,6,726
6060103797007,6060103797,7,627
7010103804001,7010103804,1,663
7010103804002,7010103804,2,846
7010103804003,7010103804,3,554
7010103804004,7010103804,4,641
7010103804005,7010103804,5,404
7010103804006,7010103804,6,911
7010103804007,7010103804,7,665
7010103804008,7010103804,8,50
7010103804009,7010103804,9,120
7010103804010,7010103804,10,591
7010103804011,7010103804,11,933
7010103804012,7010103804,12,57
7010103804013,7010103804,13,698
7010103817001,7010103817,1,633
7010103817002,7010103817,2,582
7010103817003,7010103817,3,262
7010103817004,7010103817,4,268
7010103817005,7010103817,5,278
7010103817006,7010103817,6,41
7010103817007,7010103817,7,775
7010103817008,7010103817,8,651
7010103817009,7010103817,9,496
7010103817010,7010103817,10,763
7010103817011,7010103817,11,86
7010103817012,7010103817,12,780
7010103817013,7010103817,13,171
7010103817014,7010103817,14,628
7010103817015,7010103817,15,323
7010103817016,7010103817,16,199
7010103817017,7010103817,17,30
7010103817018,7010103817,18,943
7010103817019,7010103817,19,206
7010103817020,7010103817,20,523
7010203837001,7010203837,1,929
7010203837002,7010203837,2,86
7010203837003,7010203837,3,256
7010203837004,7010203837,4,259
7010203841001,7010203841,1,178
7010203841002,7010203841,2,930
7010203841003,7010203841,3,708
7010203841004,7010203841,4,432
7010203841005,7010203841,5,823
7010203841006,7010203841,6,36
7010303847001,7010303847,1,195
7010303847002,7010303847,2,719
7010303847003,7010303847,3,627
7010303847004,7010303847,4,198
7010303847005,7010303847,5,751
7010303847006,7010303847,6,53
7010303847007,7010303847,7,210
7010303847008,7010303847,8,673
7010303847009,7010303847,9,110
7010303847010,7010303847,10,220
7010303847011,7010303847,11,788
7010303847012,7010303847,12,815
7010303847013,7010303847,13,287
7010403860001,7010403860,1,672
7010403860002,7010403860,2,442
7010403860003,7010403860,3,485
7010403860004,7010403860,4,91
7010403860005,7010403860,5,951
7010403865001,7010403865,1,219
7010403865002,7010403865,2,725
7010403865003,7010403865,3,353
7010403865004,7010403865,4,41
7010403865005,7010403865,5,326
7010403865006,7010403865,6,213
7010403865007,7010403865,7,530
7010403865008,7010403865,8,247
7010403873001,7010403873,1,913
7010403873002,7010403873,2,933
7010403873003,7010403873,3,110
7010403873004,7010403873,4,739
7010403873005,7010403873,5,954
7010403873006,7010403873,6,241
7010403873007,7010403873,7,613
7020203880001,7020203880,1,839
7020203880002,7020203880,2,261
7020203880003,7020203880,3,837
7020203880004,7020203880,4,507
7020203880005,7020203880,5,248
7020203880006,7020203880,6,559
7020203880007,7020203880,7,893
7020203880008,7020203880,8,457
7020203880009,7020203880,9,852
7020203880010,7020203880,10,294
7020203880011,7020203880,11,469
7020203880012,7020203880,12,377
7020203880013,7020203880,13,522
7020203880014,7020203880,14,744
7020203880015,7020203880,15,991
7030203895001,7030203895,1,87
7030203895002,7030203895,2,498
7030203895003,7030203895,3,633
7030203895004,7030203895,4,64
7030203895005,7030203895,5,527
7030203895006,7030203895,6,500
7030203895007,7030203895,7,955
7030203895008,7030203895,8,696
7030203895009,7030203895,9,162
7030203895010,7030203895,10,654
7030203895011,7030203895,11,344
7030203895012,7030203895,12,426
7030203895013,7030203895,13,834
7030203895014,7030203895,14,203
7030203895015,7030203895,15,323
7030203895016,7030203895,16,581
7030203895017,7030203895,17,294
7030203895018,7030203895,18,800
7030203913001,7030203913,1,479
7030203913002,7030203913,2,1
7030203913003,7030203913,3,741
7030203913004,7030203913,4,409
7030203913005,7030203913,5,293
7030203913006,7030203913,6,873
7030203913007,7030203913,7,986
7030203913008,7030203913,8,910
7030203913009,7030203913,9,987
7030203913010,7030203913,10,573
7030203913011,7030203913,11,600
7030203913012,7030203913,12,317
7030203913013,7030203913,13,250
7030203926001,7030203926,1,646
7030203926002,7030203926,2,209
7030203926003,7030203926,3,302
7030203926004,7030203926,4,397
7030203926005,7030203926,5,616
7030203926006,7030203926,6,362
7030303932001,7030303932,1,167
7030303932002,7030303932,2,292
7030303932003,7030303932,3,279
7030303932004,7030303932,4,632
7030303932005,7030303932,5,954
7030303932006,7030303932,6,795
7030303932007,7030303932,7,182
7030303932008,7030303932,8,844
7030303932009,7030303932,9,968
7030303932010,7030303932,10,211
7030303932011,7030303932,11,117
7030303943001,7030303943,1,220
7030303943002,7030303943,2,35
7030303943003,7030303943,3,385
7030303943004,7030303943,4,243
7030303943005,7030303943,5,143
7030303943006,7030303943,6,42
7030303943007,7030303943,7,563
7030303943008,7030303943,8,179
7030303943009,7030303943,9,13
7030303943010,7030303943,10,576
7030303943011,7030303943,11,20
7030303943012,7030303943,12,291
7030303943013,7030303943,13,803
7030303943014,7030303943,14,494
7030303943015,7030303943,15,265
7030303943016,7030303943,16,732
7040103959001,7040103959,1,457
7040103959002,7040103959,2,571
7040103959003,7040103959,3,458
7040103959004,7040103959,4,129
7040103959005,7040103959,5,8
7040103959006,7040103959,6,324
7040103959007,7040103959,7,583
7040103959008,7040103959,8,637
7040103959009,7040103959,9,71
7040203968001,7040203968,1,566
7040203968002,7040203968,2,832
7040203968003,7040203968,3,889
7040203968004,7040203968,4,619
7040203968005,7040203968,5,433
7040203968006,7040203968,6,844
7040203968007,7040203968,7,935
7040203968008,7040203968,8,459
7040203976001,7040203976,1,626
7040203976002,7040203976,2,505
7040203976003,7040203976,3,132
7040203976004,7040203976,4,269
7040203976005,7040203976,5,151
7040203976006,7040203976,6,786
7040203976007,7040203976,7,492
7040203976008,7040203976,8,692
7040203976009,7040203976,9,971
7040203976010,7040203976,10,178
7040203976011,7040203976,11,222
7040203976012,7040203976,12,885
7040203976013,7040203976,13,838
7040203976014,7040203976,14,102
7040203976015,7040203976,15,358
7040203976016,7040203976,16,948
7040203976017,7040203976,17,538
7040203976018,7040203976,18,949
7040203976019,7040203976,19,980
7040203976020,7040203976,20,374
7040203996001,7040203996,1,298
7040203996002,7040203996,2,895
7040203996003,7040203996,3,215
7040203996004,7040203996,4,304
7040203996005,7040203996,5,358
7040203996006,7040203996,6,733
7040203996007,7040203996,7,158
7040203996008,7040203996,8,660
7040203996009,7040203996,9,420
7040203996010,7040203996,10,24
7040203996011,7040203996,11,678
7040203996012,7040203996,12,607
7040203996013,7040203996,13,378
7040203996014,7040203996,14,228
7040203996015,7040203996,15,563
7040203996016,7040203996,16,99
7040203996017,7040203996,17,167
7040203996018,7040203996,18,738
7040203996019,7040203996,19,419
7040204015001,7040204015,1,731
7040204015002,7040204015,2,166
7040204015003,7040204015,3,318
7040204015004,7040204015,4,502
7040204015005,7040204015,5,188
7040204015006,7040204015,6,922
7040204015007,7040204015,7,682
7040204015008,7040204015,8,286
7040204015009,7040204015,9,930
7040204015010,7040204015,10,71
7040204015011,7040204015,11,903
7040204015012,7040204015,12,71
7040204015013,7040204015,13,342
7040204015014,7040204015,14,21
7040404029001,7040404029,1,714
7040404029002,7040404029,2,56
7040404029003,7040404029,3,674
7040404029004,7040404029,4,49
7040404029005,7040404029,5,257
7040404029006,7040404029,6,422
7040404029007,7040404029,7,283
7040404029008,7040404029,8,688
7040404029009,7040404029,9,392
7040404029010,7040404029,10,217
7040404029011,7040404029,11,433
7040404029012,7040404029,12,823
7040404029013,7040404029,13,297
7040404029014,7040404029,14,217
7040404029015,7040404029,15,489
7040404029016,7040404029,16,580
7040404029017,7040404029,17,894
7040404046001,7040404046,1,197
7040404046002,7040404046,2,534
7040404046003,7040404046,3,598
7040404046004,7040404046,4,313
7040404046005,7040404046,5,524
7040404046006,7040404046,6,305
7040404046007,7040404046,7,931
7040404046008,7040404046,8,528
7040404046009,7040404046,9,372
7040404046010,7040404046,10,331
7040404046011,7040404046,11,82
7040404046012,7040404046,12,114
7040404046013,7040404046,13,351
7040404046014,7040404046,14,159
7040404046015,7040404046,15,159
7040404046016,7040404046,16,511
7040404046017,7040404046,17,880
7040404046018,7040404046,18,852
7040404064001,7040404064,1,790
7040404064002,7040404064,2,330
7040404064003,7040404064,3,744
7040404064004,7040404064,4,450
7040404068001,7040404068,1,529
7040404068002,7040404068,2,560
7040404068003,7040404068,3,707
7040404068004,7040404068,4,291
7040404068005,7040404068,5,976
7040404068006,7040404068,6,140
7040404068007,7040404068,7,216
7040404068008,7040404068,8,316
7040404068009,7040404068,9,37
7040404068010,7040404068,10,703
7040404068011,7040404068,11,685
7040404068012,7040404068,12,206
7040404068013,7040404068,13,920
7040404068014,7040404068,14,337
7040404068015,7040404068,15,758
7040404068016,7040404068,16,906
7050104084001,7050104084,1,278
7050104084002,7050104084,2,255
7050104084003,7050104084,3,156
7050104084004,7050104084,4,12
7050104084005,7050104084,5,5
7050104084006,7050104084,6,737
7050104084007,7050104084,7,343
7050104084008,7050104084,8,983
7050104092001,7050104092,1,669
7050104092002,7050104092,2,933
7050104092003,7050104092,3,257
7050104092004,7050104092,4,609
7050104092005,7050104092,5,260
7050104092006,7050104092,6,492
7050104092007,7050104092,7,194
7050104092008,7050104092,8,34
7050104092009,7050104092,9,522
7050104092010,7050104092,10,697
7050104092011,7050104092,11,603
7050104092012,7050104092,12,772
7050104092013,7050104092,13,185
7050104092014,7050104092,14,94
7050104092015,7050104092,15,898
7050104092016,7050104092,16,368
7050104092017,7050104092,17,398
7050104092018,7050104092,18,31
7050104092019,7050104092,19,265
7050104092020,7050104092,20,722
7050104112001,7050104112,1,598
7050104112002,7050104112,2,958
7050104112003,7050104112,3,227
7050104112004,7050104112,4,816
7050104112005,7050104112,5,125
7050104112006,7050104112,6,228
7050104112007,7050104112,7,19
7050104112008,7050104112,8,409
7050104120001,7050104120,1,161
7050104120002,7050104120,2,420
7050104120003,7050104120,3,492
7050204123001,7050204123,1,983
7050204123002,7050204123,2,586
7050204123003,7050204123,3,486
7050204123004,7050204123,4,940
7050204123005,7050204123,5,574
7050204123006,7050204123,6,800
7050204123007,7050204123,7,603
7050204123008,7050204123,8,84
7050204123009,7050204123,9,854
7050304132001,7050304132,1,943
7050304132002,7050304132,2,413
7050304132003,7050304132,3,139
7050304132004,7050304132,4,653
7050304132005,7050304132,5,374
7050304132006,7050304132,6,178
7050304132007,7050304132,7,714
7050304132008,7050304132,8,949
7050304132009,7050304132,9,869
7050304132010,7050304132,10,228
7050304132011,7050304132,11,574
7050304132012,7050304132,12,580
7050304132013,7050304132,13,53
7050304132014,7050304132,14,736
7050304132015,7050304132,15,192
7050304132016,7050304132,16,797
7050304132017,7050304132,17,746
7050304132018,7050304132,18,114
7050304132019,7050304132,19,338
7050304132020,7050304132,20,186
7060104152001,7060104152,1,541
7060104152002,7060104152,2,993
7060104152003,7060104152,3,150
7060104152004,7060104152,4,712
7060104152005,7060104152,5,197
7060104152006,7060104152,6,22
7060104152007,7060104152,7,564
7060104152008,7060104152,8,86
7060104152009,7060104152,9,290
7060104152010,7060104152,10,700
7060104152011,7060104152,11,139
7060104163001,7060104163,1,699
7060104163002,7060104163,2,288
7060104163003,7060104163,3,759
7060104163004,7060104163,4,687
7060104163005,7060104163,5,151
7060104163006,7060104163,6,654
7060104163007,7060104163,7,261
7060104163008,7060104163,8,590
7060104163009,7060104163,9,148
7060104172001,7060104172,1,758
7060104172002,7060104172,2,926
7060104172003,7060104172,3,19
7060104172004,7060104172,4,461
7060104172005,7060104172,5,643
7060104172006,7060104172,6,403
7060104172007,7060104172,7,456
7060104172008,7060104172,8,875
7060104172009,7060104172,9,699
7060104172010,7060104172,10,715
7060104172011,7060104172,11,436
7060104172012,7060104172,12,276
7060104172013,7060104172,13,304
7060104172014,7060104172,14,432
7060104172015,7060104172,15,146
7060104172016,7060104172,16,745
7060104172017,7060104172,17,367
7060204189001,7060204189,1,683
7060204189002,7060204189,2,28
7060204189003,7060204189,3,271
7060204189004,7060204189,4,643
7060204189005,7060204189,5,838
7060204189006,7060204189,6,940
7060204189007,7060204189,7,74
7060204189008,7060204189,8,921
7060204189009,7060204189,9,432
7060204189010,7060204189,10,424
7060204189011,7060204189,11,221
7060204189012,7060204189,12,522
7060204189013,7060204189,13,105
7060204189014,7060204189,14,730
7060204189015,7060204189,15,705
7060204189016,7060204189,16,516
7060204189017,7060204189,17,781
7060304206001,7060304206,1,770
7060304206002,7060304206,2,15
7060304206003,7060304206,3,211
7060304206004,7060304206,4,363
7060304206005,7060304206,5,719
7060304206006,7060304206,6,989
7060304206007,7060304206,7,384
7060304206008,7060304206,8,339
7060304206009,7060304206,9,984
7060304206010,7060304206,10,489
7060304206011,7060304206,11,118
7060304206012,7060304206,12,673
7060304218001,7060304218,1,670
7060304218002,7060304218,2,299
7060304218003,7060304218,3,493
7060304218004,7060304218,4,111
7060304218005,7060304218,5,136
7060304218006,7060304218,6,163
7060304218007,7060304218,7,500
7060304218008,7060304218,8,984
7060304218009,7060304218,9,830
7060304218010,7060304218,10,828
7060304218011,7060304218,11,881
7060304218012,7060304218,12,435
7060304218013,7060304218,13,914
7060304218014,7060304218,14,333
7060304218015,7060304218,15,762
7060304218016,7060304218,16,444
7060304218017,7060304218,17,82
7060304218018,7060304218,18,520
7060304218019,7060304218,19,260
7060304237001,7060304237,1,89
7060304237002,7060304237,2,621
7060304237003,7060304237,3,395
7060304237004,7060304237,4,228
7060304237005,7060304237,5,726
7070104242001,7070104242,1,641
7070104242002,7070104242,2,384
7070204244001,7070204244,1,294
7070204244002,7070204244,2,455
7070204244003,7070204244,3,458
7070204244004,7070204244,4,480
7070204244005,7070204244,5,663
7070204244006,7070204244,6,840
7070204244007,7070204244,7,350
7070204251001,7070204251,1,994
7070204251002,7070204251,2,983
7070204251003,7070204251,3,446
7070204251004,7070204251,4,592
7070204251005,7070204251,5,993
7070204251006,7070204251,6,661
7070204251007,7070204251,7,37
7070204251008,7070204251,8,363
7070204251009,7070204251,9,538
7070204251010,7070204251,10,405
7070204251011,7070204251,11,24
7070204251012,7070204251,12,448
7070304263001,7070304263,1,952
7070304263002,7070304263,2,182
7070304263003,7070304263,3,941
7070304263004,7070304263,4,464
7070304263005,7070304263,5,570
7070304263006,7070304263,6,861
7070304263007,7070304263,7,996
7070304263008,7070304263,8,42
7070304263009,7070304263,9,622
7070304263010,7070304263,10,126
7070304263011,7070304263,11,236
7070304274001,7070304274,1,123
7070304274002,7070304274,2,450
7070304274003,7070304274,3,64
7070304274004,7070304274,4,325
7070304274005,7070304274,5,651
7070304274006,7070304274,6,564
7070304274007,7070304274,7,682
7070304274008,7070304274,8,961
7070304274009,7070304274,9,105
7070304274010,7070304274,10,721
7070304274011,7070304274,11,556
7070304274012,7070304274,12,298
7070304274013,7070304274,13,518
7070304274014,7070304274,14,894
7070304274015,7070304274,15,700
7070304274016,7070304274,16,651
7070304274017,7070304274,17,141
7070304291001,7070304291,1,284
7070304291002,7070304291,2,516
7070304291003,7070304291,3,135
7070304291004,7070304291,4,334
7070304291005,7070304291,5,198
7070304291006,7070304291,6,64
7070304291007,7070304291,7,501
7070304291008,7070304291,8,863
7070304291009,7070304291,9,629
7070304291010,7070304291,10,913
7070304291011,7070304291,11,874
7070304291012,7070304291,12,739
7070304291013,7070304291,13,844
7070304291014,7070304291,14,973
7070304291015,7070304291,15,92
7070404306001,7070404306,1,311
7070404306002,7070404306,2,334
7070404306003,7070404306,3,854
7070404306004,7070404306,4,989
7070404306005,7070404306,5,560
7070404306006,7070404306,6,662
7070404306007,7070404306,7,555
7070404306008,7070404306,8,659
7070404306009,7070404306,9,276
7070404306010,7070404306,10,962
7070404306011,7070404306,11,503
7070404306012,7070404306,12,443
7070404306013,7070404306,13,262
7070404306014,7070404306,14,296
7070404320001,7070404320,1,84
7070404320002,7070404320,2,288
7070404320003,7070404320,3,477
7070404320004,7070404320,4,591
7070404320005,7070404320,5,657
7070404320006,7070404320,6,846
7070404320007,7070404320,7,605
7070404320008,7070404320,8,266
7070404320009,7070404320,9,663
7070404320010,7070404320,10,783
7070504330001,7070504330,1,851
7070504330002,7070504330,2,175
7070504330003,7070504330,3,479
7070504330004,7070504330,4,484
7070504330005,7070504330,5,41
7070504330006,7070504330,6,393
7070504330007,7070504330,7,688
7070504330008,7070504330,8,659
7070504330009,7070504330,9,68
7070504330010,7070504330,10,965
7070504330011,7070504330,11,992
7070504330012,7070504330,12,2
7070504330013,7070504330,13,616
7070504330014,7070504330,14,498
7070504330015,7070504330,15,330
7070504330016,7070504330,16,664
7070504330017,7070504330,17,861
7070504330018,7070504330,18,169
7070604348001,7070604348,1,538
7070604348002,7070604348,2,376
7070604348003,7070604348,3,380
7070604348004,7070604348,4,920
7070604348005,7070604348,5,739
7070604348006,7070604348,6,703
7070604348007,7070604348,7,991
7070604348008,7070604348,8,777
7070604348009,7070604348,9,622
7070604348010,7070604348,10,234
7070604348011,7070604348,11,353
7070604348012,7070604348,12,747
7070704360001,7070704360,1,287
7070704360002,7070704360,2,423
7070704360003,7070704360,3,165
7070704360004,7070704360,4,303
7070704364001,7070704364,1,326
7080104365001,7080104365,1,440
7080104365002,7080104365,2,264
7080104365003,7080104365,3,627
7080104365004,7080104365,4,278
7080104365005,7080104365,5,893
7080104365006,7080104365,6,213
7080104365007,7080104365,7,616
7080104365008,7080104365,8,284
7080104365009,7080104365,9,636
7080104365010,7080104365,10,210
7080104365011,7080104365,11,524
7080104365012,7080104365,12,33
7080104365013,7080104365,13,782
7080104365014,7080104365,14,601
7080204379001,7080204379,1,588
7080204379002,7080204379,2,500
7080204379003,7080204379,3,306
7080204379004,7080204379,4,812
7080204379005,7080204379,5,505
7080204379006,7080204379,6,346
7080204379007,7080204379,7,912
7080204379008,7080204379,8,58
7080204379009,7080204379,9,405
7080204379010,7080204379,10,392
7080204379011,7080204379,11,703
7080204379012,7080204379,12,229
7080204379013,7080204379,13,740
7080204379014,7080204379,14,498
7080204379015,7080204379,15,390
7080204379016,7080204379,16,781
7080204379017,7080204379,17,267
7080204379018,7080204379,18,61
7080204379019,7080204379,19,538
7080204379020,7080204379,20,83
7080204399001,7080204399,1,117
7080204399002,7080204399,2,352
7080204399003,7080204399,3,125
7080204399004,7080204399,4,464
7080204399005,7080204399,5,348
7080204399006,7080204399,6,49
7080204399007,7080204399,7,607
7080204399008,7080204399,8,106
7080204399009,7080204399,9,963
7080204399010,7080204399,10,427
7080204399011,7080204399,11,712
7080204399012,7080204399,12,98
7080204399013,7080204399,13,880
7080204399014,7080204399,14,936
7080204399015,7080204399,15,358
7080204399016,7080204399,16,911
7080204399017,7080204399,17,852
7080204399018,7080204399,18,489
7080204399019,7080204399,19,927
7080204418001,7080204418,1,169
7080204418002,7080204418,2,645
7080204418003,7080204418,3,880
7080204418004,7080204418,4,657
7080204418005,7080204418,5,466
7080304423001,7080304423,1,840
7080304423002,7080304423,2,195
7080304423003,7080304423,3,205
7080304423004,7080304423,4,146
7080304423005,7080304423,5,461
7080304423006,7080304423,6,320
7080304423007,7080304423,7,384
7080304423008,7080304423,8,851
7080404431001,7080404431,1,979
7080404431002,7080404431,2,998
7080404431003,7080404431,3,494
7080404431004,7080404431,4,304
7080404431005,7080404431,5,625
7080404431006,7080404431,6,765
7080404431007,7080404431,7,870
7080404431008,7080404431,8,479
7080404431009,7080404431,9,473
7080404431010,7080404431,10,737
7080404431011,7080404431,11,81
7080404431012,7080404431,12,496
7080404431013,7080404431,13,247
7080404431014,7080404431,14,706
7080404431015,7080404431,15,772
7080404431016,7080404431,16,497
7080404431017,7080404431,17,358
7080404431018,7080404431,18,393
7080404431019,7080404431,19,245
7080404450001,7080404450,1,811
7080404450002,7080404450,2,987
7080404450003,7080404450,3,869
7080404450004,7080404450,4,281
7080404450005,7080404450,5,394
7080404455001,7080404455,1,160
7080404455002,7080404455,2,688
7080404457001,7080404457,1,575
7080404457002,7080404457,2,680
7080404457003,7080404457,3,124
7080404457004,7080404457,4,344
7080404457005,7080404457,5,905
7080404457006,7080404457,6,578
7080404457007,7080404457,7,869
7080404457008,7080404457,8,407
7080404457009,7080404457,9,131
7080404457010,7080404457,10,344
7080404457011,7080404457,11,65
7080404457012,7080404457,12,329
7080404457013,7080404457,13,195
7080404457014,7080404457,14,89
7080404457015,7080404457,15,4
7080404457016,7080404457,16,629
7080404457017,7080404457,17,51
7080404457018,7080404457,18,634
7080404457019,7080404457,19,255
7080404457020,7080404457,20,588
7080504477001,7080504477,1,508
7080504477002,7080504477,2,583
7090104479001,7090104479,1,46
7090104479002,7090104479,2,890
7090104479003,7090104479,3,622
7090104479004,7090104479,4,657
7090104479005,7090104479,5,670
7090104479006,7090104479,6,972
7090104479007,7090104479,7,498
7090104479008,7090104479,8,550
7090104479009,7090104479,9,439
7090104479010,7090104479,10,80
7090204489001,7090204489,1,430
7090204489002,7090204489,2,612
7090204489003,7090204489,3,85
7090204489004,7090204489,4,471
7090204489005,7090204489,5,157
7090204489006,7090204489,6,821
7090204489007,7090204489,7,852
7090204496001,7090204496,1,506
7090204496002,7090204496,2,132
7090204496003,7090204496,3,18
7090204496004,7090204496,4,725
7090204496005,7090204496,5,825
7090204501001,7090204501,1,792
7090204501002,7090204501,2,616
7090304503001,7090304503,1,851
7090304503002,7090304503,2,575
7090304503003,7090304503,3,443
7090304503004,7090304503,4,51
7090304503005,7090304503,5,831
7090304503006,7090304503,6,487
7090304503007,7090304503,7,878
7090304503008,7090304503,8,401
7090304503009,7090304503,9,233
7090404512001,7090404512,1,29
7090404512002,7090404512,2,347
7090404512003,7090404512,3,792
7090404512004,7090404512,4,119
7090404512005,7090404512,5,378
7090404512006,7090404512,6,657
7090404512007,7090404512,7,153
7090404512008,7090404512,8,226
7090404512009,7090404512,9,368
7090404512010,7090404512,10,713
7090404512011,7090404512,11,366
7100104523001,7100104523,1,334
7100104523002,7100104523,2,304
7100104523003,7100104523,3,400
7100104523004,7100104523,4,144
7100104523005,7100104523,5,973
7100104523006,7100104523,6,280
7100104523007,7100104523,7,952
7100104523008,7100104523,8,553
7100104523009,7100104523,9,172
7100104523010,7100104523,10,879
7100104523011,7100104523,11,332
7100104523012,7100104523,12,722
7100104523013,7100104523,13,89
7100104523014,7100104523,14,264
7100104523015,7100104523,15,162
7100104523016,7100104523,16,899
7100104523017,7100104523,17,250
7100104523018,7100104523,18,884
7100204541001,7100204541,1,740
7100204541002,7100204541,2,3
7100204541003,7100204541,3,530
7100204541004,7100204541,4,306
7100204541005,7100204541,5,768
7100204541006,7100204541,6,592
7100204541007,7100204541,7,215
7100204541008,7100204541,8,842
7100204541009,7100204541,9,998
7100304550001,7100304550,1,303
7100304550002,7100304550,2,791
7100304550003,7100304550,3,847
7100304550004,7100304550,4,600
7100304550005,7100304550,5,191
7100304550006,7100304550,6,519
7100304550007,7100304550,7,166
7100304550008,7100304550,8,975
7100304550009,7100304550,9,424
7100304550010,7100304550,10,392
7100304550011,7100304550,11,377
7100304561001,7100304561,1,921
7100304561002,7100304561,2,441
7100304561003,7100304561,3,947
7100304561004,7100304561,4,95
7100304561005,7100304561,5,1
7100304561006,7100304561,6,63
7100304561007,7100304561,7,75
7100304561008,7100304561,8,371
7100304561009,7100304561,9,401
7100304561010,7100304561,10,200
7100404571001,7100404571,1,95
7100404571002,7100404571,2,619
7100404571003,7100404571,3,89
7100404571004,7100404571,4,569
7100404571005,7100404571,5,771
7100404571006,7100404571,6,530
7100404571007,7100404571,7,644
7100404571008,7100404571,8,874
7100404571009,7100404571,9,489
7100404571010,7100404571,10,312
7100404571011,7100404571,11,305
7100404571012,7100404571,12,307
7100404571013,7100404571,13,126
7100404571014,7100404571,14,329
7100404571015,7100404571,15,277
7100404571016,7100404571,16,801
7100404571017,7100404571,17,622
7100404571018,7100404571,18,727
7100404571019,7100404571,19,199
7100504590001,7100504590,1,107
7100504590002,7100504590,2,263
7100504590003,7100504590,3,587
7100504590004,7100504590,4,74
7100504590005,7100504590,5,807
7100504590006,7100504590,6,432
7100504590007,7100504590,7,422
7100504590008,7100504590,8,106
7100504590009,7100504590,9,177
7100504590010,7100504590,10,555
7100504590011,7100504590,11,872
7100504590012,7100504590,12,472
7100504590013,7100504590,13,814
7100504590014,7100504590,14,814
7100504590015,7100504590,15,745
7100504605001,7100504605,1,83
7100504605002,7100504605,2,493
7110104607001,7110104607,1,895
7110104607002,7110104607,2,22
7110104607003,7110104607,3,655
7110104607004,7110104607,4,72
7110104607005,7110104607,5,173
7110104607006,7110104607,6,31
7110104607007,7110104607,7,809
7110104607008,7110104607,8,564
7110104607009,7110104607,9,598
7110104607010,7110104607,10,542
7110104607011,7110104607,11,532
7110104607012,7110104607,12,798
7110104607013,7110104607,13,788
7110104607014,7110104607,14,251
7110104607015,7110104607,15,457
7110104607016,7110104607,16,131
7110104607017,7110104607,17,626
7110104607018,7110104607,18,846
7110104607019,7110104607,19,555
7110104607020,7110104607,20,482
7110104627001,7110104627,1,87
7110104627002,7110104627,2,89
7110104627003,7110104627,3,687
7110104627004,7110104627,4,602
7110104627005,7110104627,5,288
7110104627006,7110104627,6,457
7110104627007,7110104627,7,150
7110104627008,7110104627,8,148
7110104627009,7110104627,9,548
7110104627010,7110104627,10,344
7110104627011,7110104627,11,857
7110104627012,7110104627,12,930
7110104627013,7110104627,13,503
7110104627014,7110104627,14,221
7110204641001,7110204641,1,75
7110204641002,7110204641,2,650
7110204641003,7110204641,3,840
7110204641004,7110204641,4,389
7110204641005,7110204641,5,779
7110204641006,7110204641,6,37
7110204641007,7110204641,7,729
7110204641008,7110204641,8,235
7110204641009,7110204641,9,52
7110204641010,7110204641,10,744
7110204641011,7110204641,11,899
7110204641012,7110204641,12,689
7110204641013,7110204641,13,967
7110304654001,7110304654,1,973
7110304654002,7110304654,2,355
7110304654003,7110304654,3,326
7110304654004,7110304654,4,394
7110304654005,7110304654,5,959
7110304654006,7110304654,6,518
7110304654007,7110304654,7,952
7110304654008,7110304654,8,892
7110304654009,7110304654,9,587
7110304654010,7110304654,10,95
7110304654011,7110304654,11,800
7110304654012,7110304654,12,334
7110304654013,7110304654,13,797
7110304654014,7110304654,14,347
7110404668001,7110404668,1,387
7110404668002,7110404668,2,202
7110504670001,7110504670,1,270
7110504670002,7110504670,2,430
7110504670003,7110504670,3,607
7110504670004,7110504670,4,911
7110504670005,7110504670,5,624
7110504670006,7110504670,6,844
7110504670007,7110504670,7,762
7110504670008,7110504670,8,75
7110504670009,7110504670,9,132
7110504670010,7110504670,10,184
7110504670011,7110504670,11,577
7110504670012,7110504670,12,677
7110504670013,7110504670,13,32
7110504670014,7110504670,14,317
7110504670015,7110504670,15,655
7110504670016,7110504670,16,988
7110504670017,7110504670,17,664
7110504670018,7110504670,18,161
7110604688001,7110604688,1,278
7110604688002,7110604688,2,881
7110604688003,7110604688,3,765
7110604688004,7110604688,4,993
7110604688005,7110604688,5,827
7110604688006,7110604688,6,376
7110604688007,7110604688,7,787
7110604688008,7110604688,8,830
7110604688009,7110604688,9,27
7110604688010,7110604688,10,547
7110604688011,7110604688,11,316
7110604688012,7110604688,12,580
7110604688013,7110604688,13,199
7110604688014,7110604688,14,450
7110604702001,7110604702,1,231
7110604702002,7110604702,2,216
7110604702003,7110604702,3,920
7110604702004,7110604702,4,968
7110604702005,7110604702,5,593
7110604702006,7110604702,6,587
7110604702007,7110604702,7,847
7110604702008,7110604702,8,730
7110604702009,7110604702,9,403
7110604702010,7110604702,10,260
7110604702011,7110604702,11,438
7110604702012,7110604702,12,412
7110604702013,7110604702,13,603
7110604702014,7110604702,14,245
7110604702015,7110604702,15,430
7130104717001,7130104717,1,380
7130104717002,7130104717,2,732
7130104717003,7130104717,3,659
7130104717004,7130104717,4,537
7130104717005,7130104717,5,244
7130104717006,7130104717,6,614
7130104717007,7130104717,7,177
7130104717008,7130104717,8,247
7130104717009,7130104717,9,849
7130204726001,7130204726,1,251
7130204726002,7130204726,2,286
7130204726003,7130204726,3,970
7130204726004,7130204726,4,940
7130204726005,7130204726,5,22
7130204726006,7130204726,6,143
7130204726007,7130204726,7,961
7130204726008,7130204726,8,78
7130204726009,7130204726,9,139
7130204726010,7130204726,10,348
7130204726011,7130204726,11,758
7130204726012,7130204726,12,991
7130204726013,7130204726,13,836
7130204726014,7130204726,14,86
7130204726015,7130204726,15,348
7130204726016,7130204726,16,921
7130204726017,7130204726,17,784
7130204726018,7130204726,18,161
7130204726019,7130204726,19,11
7130204745001,7130204745,1,186
7130204745002,7130204745,2,226
7130204745003,7130204745,3,913
7130204745004,7130204745,4,600
7130204745005,7130204745,5,961
7130204745006,7130204745,6,925
7130204745007,7130204745,7,83
7130204745008,7130204745,8,888
7130204745009,7130204745,9,54
7130204745010,7130204745,10,676
7130204755001,7130204755,1,126
7130204755002,7130204755,2,635
7130204755003,7130204755,3,573
7130204755004,7130204755,4,305
7130204755005,7130204755,5,996
7130204755006,7130204755,6,326
7130204755007,7130204755,7,405
7130204755008,7130204755,8,573
7130204755009,7130204755,9,15
7130204755010,7130204755,10,112
7130204755011,7130204755,11,833
7130204755012,7130204755,12,364
7130204755013,7130204755,13,628
7130204755014,7130204755,14,56
7130204755015,7130204755,15,54
7130204755016,7130204755,16,217
7140104771001,7140104771,1,658
7140104771002,7140104771,2,955
7140104771003,7140104771,3,119
7140104771004,7140104771,4,174
7140104771005,7140104771,5,235
7140104771006,7140104771,6,814
7140104771007,7140104771,7,786
7140104771008,7140104771,8,52
7140104771009,7140104771,9,54
7140104780001,7140104780,1,678
7140104780002,7140104780,2,398
7140104780003,7140104780,3,637
7140104780004,7140104780,4,571
7140104780005,7140104780,5,957
7140104780006,7140104780,6,245
7140104780007,7140104780,7,120
7140204787001,7140204787,1,166
7140204787002,7140204787,2,594
7140204787003,7140204787,3,872
7140204787004,7140204787,4,134
7140204787005,7140204787,5,602
7140204787006,7140204787,6,683
7140204787007,7140204787,7,298
7140204787008,7140204787,8,609
7140204787009,7140204787,9,867
7140204787010,7140204787,10,409
7140204787011,7140204787,11,248
7140204787012,7140204787,12,307
7140204787013,7140204787,13,342
7140304800001,7140304800,1,492
7150104801001,7150104801,1,397
7150104801002,7150104801,2,575
7150104801003,7150104801,3,540
7150104801004,7150104801,4,956
7150104801005,7150104801,5,486
7150104801006,7150104801,6,856
7150104801007,7150104801,7,195
7150104801008,7150104801,8,389
7150104801009,7150104801,9,176
7150104801010,7150104801,10,366
7150104801011,7150104801,11,461
7150104801012,7150104801,12,740
7150104801013,7150104801,13,322
7150104801014,7150104801,14,746
7150104801015,7150104801,15,476
7150104801016,7150104801,16,728
7150104817001,7150104817,1,839
7150104817002,7150104817,2,280
7150104817003,7150104817,3,791
7150104817004,7150104817,4,856
7150104817005,7150104817,5,635
7150104817006,7150104817,6,997
7150104817007,7150104817,7,4
7150104817008,7150104817,8,306
7150104817009,7150104817,9,988
7150104817010,7150104817,10,933
7150104817011,7150104817,11,941
7150204828001,7150204828,1,505
7150204828002,7150204828,2,85
7150204828003,7150204828,3,43
7150204828004,7150204828,4,243
7150204828005,7150204828,5,872
7150204828006,7150204828,6,849
7150204828007,7150204828,7,185
7150204828008,7150204828,8,705
7150204828009,7150204828,9,934
7150204828010,7150204828,10,420
7150204828011,7150204828,11,579
7150204828012,7150204828,12,250
7150204828013,7150204828,13,731
7150204828014,7150204828,14,950
7150204828015,7150204828,15,334
7150204828016,7150204828,16,628
7150204828017,7150204828,17,246
7150204845001,7150204845,1,912
7150204845002,7150204845,2,449
7150204845003,7150204845,3,783
7150204845004,7150204845,4,42
7150204845005,7150204845,5,497
7150204845006,7150204845,6,922
7150204845007,7150204845,7,116
7150204845008,7150204845,8,391
7150204845009,7150204845,9,558
7150304854001,7150304854,1,635
7150304854002,7150304854,2,972
7150304854003,7150304854,3,307
7150304854004,7150304854,4,762
7150304854005,7150304854,5,11
7150304854006,7150304854,6,575
7150304854007,7150304854,7,329
7150304854008,7150304854,8,367
7150304854009,7150304854,9,325
7150304854010,7150304854,10,20
7150304854011,7150304854,11,862
7150304854012,7150304854,12,547
7150304854013,7150304854,13,233
7150304854014,7150304854,14,644
7150304854015,7150304854,15,99
7150304854016,7150304854,16,923
7150304854017,7150304854,17,29
7150304854018,7150304854,18,956
7150304872001,7150304872,1,69
7150304872002,7150304872,2,785
7150304872003,7150304872,3,874
7150304872004,7150304872,4,241
7150304872005,7150304872,5,891
7150304872006,7150304872,6,34
7150304872007,7150304872,7,136
8010104879001,8010104879,1,159
8010104879002,8010104879,2,578
8010104879003,8010104879,3,267
8010104879004,8010104879,4,701
8010104879005,8010104879,5,549
8010104879006,8010104879,6,312
8010104879007,8010104879,7,937
8010104879008,8010104879,8,425
8010104879009,8010104879,9,365
8010104879010,8010104879,10,265
8010104879011,8010104879,11,569
8010104890001,8010104890,1,633
8010104890002,8010104890,2,785
8010104890003,8010104890,3,374
8010104890004,8010104890,4,90
8010104890005,8010104890,5,269
8010104890006,8010104890,6,902
8010104890007,8010104890,7,505
8010104890008,8010104890,8,922
8010104890009,8010104890,9,329
8010104890010,8010104890,10,12
8020104900001,8020104900,1,764
8020104900002,8020104900,2,683
8020104900003,8020104900,3,112
8020104900004,8020104900,4,821
8020104900005,8020104900,5,82
8020104900006,8020104900,6,304
8020104900007,8020104900,7,658
8020104900008,8020104900,8,580
8020104900009,8020104900,9,420
8020104900010,8020104900,10,35
8020104900011,8020104900,11,64
8020104900012,8020104900,12,411
8020104900013,8020104900,13,812
8020104900014,8020104900,14,501
8020104900015,8020104900,15,318
8020104900016,8020104900,16,644
8020104900017,8020104900,17,498
8020104900018,8020104900,18,735
8020104918001,8020104918,1,501
8020104918002,8020104918,2,778
8020104918003,8020104918,3,773
8020104918004,8020104918,4,9
8020104918005,8020104918,5,560
8020104918006,8020104918,6,102
8020104918007,8020104918,7,775
8020104918008,8020104918,8,252
8030104926001,8030104926,1,723
8030104926002,8030104926,2,479
8030104926003,8030104926,3,168
8030104926004,8030104926,4,127
8030104926005,8030104926,5,484
8030104926006,8030104926,6,972
8030104926007,8030104926,7,219
8030104933001,8030104933,1,19
8030204934001,8030204934,1,777
8030204934002,8030204934,2,386
8030204934003,8030204934,3,614
8030204934004,8030204934,4,342
8030204934005,8030204934,5,685
8030204934006,8030204934,6,348
8030204934007,8030204934,7,443
8030204934008,8030204934,8,61
8030204934009,8030204934,9,231
8030204934010,8030204934,10,363
8030204934011,8030204934,11,915
8030204934012,8030204934,12,353
8030204934013,8030204934,13,938
8030204934014,8030204934,14,389
8030204934015,8030204934,15,292
8030204934016,8030204934,16,969
8030204934017,8030204934,17,879
8030204934018,8030204934,18,492
8030204952001,8030204952,1,147
8030204952002,8030204952,2,441
8030204952003,8030204952,3,62
8030204952004,8030204952,4,909
8030204952005,8030204952,5,991
8030204952006,8030204952,6,368
8030204952007,8030204952,7,484
8030204952008,8030204952,8,617
8030204952009,8030204952,9,489
8030204952010,8030204952,10,533
8030204952011,8030204952,11,412
8030204952012,8030204952,12,717
8030204964001,8030204964,1,873
8030204964002,8030204964,2,867
8030204964003,8030204964,3,875
8030204964004,8030204964,4,11
8030204964005,8030204964,5,593
8030204964006,8030204964,6,18
8030204964007,8030204964,7,626
8030204964008,8030204964,8,988
8030204964009,8030204964,9,860
8030204964010,8030204964,10,126
8030204964011,8030204964,11,911
8030204964012,8030204964,12,94
8030204964013,8030204964,13,95
8030204964014,8030204964,14,656
8030304978001,8030304978,1,455
8030304978002,8030304978,2,842
8030304980001,8030304980,1,994
8030304980002,8030304980,2,932
8030304980003,8030304980,3,979
8030304980004,8030304980,4,419
8030304980005,8030304980,5,349
8030304980006,8030304980,6,253
8030304980007,8030304980,7,838
8030304980008,8030304980,8,97
8030304980009,8030304980,9,761
8030304980010,8030304980,10,540
8030304980011,8030304980,11,522
8030304980012,8030304980,12,296
8030304980013,8030304980,13,920
8030304980014,8030304980,14,556
8030404994001,8030404994,1,808
8030404994002,8030404994,2,586
8030404994003,8030404994,3,646
8030404994004,8030404994,4,18
8030404994005,8030404994,5,162
8030404994006,8030404994,6,7
8030404994007,8030404994,7,614
8030404994008,8030404994,8,386
8030404994009,8030404994,9,462
8030404994010,8030404994,10,959
8030404994011,8030404994,11,922
8030404994012,8030404994,12,823
8030404994013,8030404994,13,775
8030404994014,8030404994,14,859
8030404994015,8030404994,15,781
8030404994016,8030404994,16,776
8030404994017,8030404994,17,158
8030404994018,8030404994,18,384
8040105012001,8040105012,1,621
8040105012002,8040105012,2,943
8040105012003,8040105012,3,941
8040105012004,8040105012,4,540
8040105012005,8040105012,5,123
8040105012006,8040105012,6,767
8040105012007,8040105012,7,430
8040105012008,8040105012,8,653
8040105012009,8040105012,9,307
8040105012010,8040105012,10,428
8040105022001,8040105022,1,139
8040105022002,8040105022,2,652
8040105022003,8040105022,3,568
8040105022004,8040105022,4,219
8040105022005,8040105022,5,510
8040105022006,8040105022,6,36
8040105022007,8040105022,7,950
8040105022008,8040105022,8,917
8040105022009,8040105022,9,504
8040105022010,8040105022,10,838
8040105022011,8040105022,11,907
8040105022012,8040105022,12,711
8040205034001,8040205034,1,24
8040205034002,8040205034,2,425
8040205034003,8040205034,3,376
8040205034004,8040205034,4,925
8040205034005,8040205034,5,262
8040205034006,8040205034,6,519
8040205034007,8040205034,7,268
8040205034008,8040205034,8,672
8040205034009,8040205034,9,789
8040205034010,8040205034,10,119
8040205034011,8040205034,11,840
8040205034012,8040205034,12,526
8050105046001,8050105046,1,900
8050105046002,8050105046,2,847
8050105046003,8050105046,3,761
8050105046004,8050105046,4,964
8050105046005,8050105046,5,89
8050105046006,8050105046,6,718
8050105046007,8050105046,7,825
8050105046008,8050105046,8,50
8050105054001,8050105054,1,576
8050105054002,8050105054,2,308
8050105054003,8050105054,3,821
8050105054004,8050105054,4,945
8050105054005,8050105054,5,825
8050105054006,8050105054,6,194
8050105054007,8050105054,7,595
8050105054008,8050105054,8,184
8050105054009,8050105054,9,973
8050105054010,8050105054,10,609
8050105054011,8050105054,11,146
8050105054012,8050105054,12,11
8050105054013,8050105054,13,52
8060105067001,8060105067,1,624
8060105067002,8060105067,2,762
8060105067003,8060105067,3,597
8060105067004,8060105067,4,158
8060105067005,8060105067,5,335
8060105067006,8060105067,6,334
8060105067007,8060105067,7,654
8060105067008,8060105067,8,686
8060105067009,8060105067,9,51
8060105067010,8060105067,10,547
8060105067011,8060105067,11,584
8060105067012,8060105067,12,843
8060105067013,8060105067,13,682
8060105067014,8060105067,14,274
8060105067015,8060105067,15,655
8060205082001,8060205082,1,155
8060205082002,8060205082,2,351
8060205082003,8060205082,3,959
8070105085001,8070105085,1,635
8070105085002,8070105085,2,424
8070105085003,8070105085,3,428
8070105085004,8070105085,4,754
8070105085005,8070105085,5,110
8070105085006,8070105085,6,267
8070105085007,8070105085,7,715
8070105085008,8070105085,8,840
8070105085009,8070105085,9,464
8070105085010,8070105085,10,592
8070105085011,8070105085,11,959
8070105085012,8070105085,12,50
8070205097001,8070205097,1,21
8070205097002,8070205097,2,6
8070205097003,8070205097,3,628
8070205097004,8070205097,4,248
8070205097005,8070205097,5,914
8070205097006,8070205097,6,200
8070205097007,8070205097,7,323
8070205097008,8070205097,8,273
8070205097009,8070205097,9,589
8070205097010,8070205097,10,402
8070205097011,8070205097,11,491
8070305108001,8070305108,1,269
8070305108002,8070305108,2,435
8070305108003,8070305108,3,903
8070305108004,8070305108,4,427
8070305108005,8070305108,5,507
8070305108006,8070305108,6,709
8070305108007,8070305108,7,147
8070305108008,8070305108,8,138
8070305108009,8070305108,9,698
8070305108010,8070305108,10,788
8070305108011,8070305108,11,495
8070305108012,8070305108,12,669
8070305108013,8070305108,13,594
8070305108014,8070305108,14,756
8070305108015,8070305108,15,904
8070305108016,8070305108,16,705
8070305108017,8070305108,17,598
8070305108018,8070305108,18,722
8070305126001,8070305126,1,616
8070305126002,8070305126,2,810
8070305126003,8070305126,3,382
8070305126004,8070305126,4,361
8070305126005,8070305126,5,588
8070305126006,8070305126,6,412
8070305132001,8070305132,1,779
8070305132002,8070305132,2,225
8080105134001,8080105134,1,679
8080105134002,8080105134,2,417
8080105134003,8080105134,3,856
8080105134004,8080105134,4,274
8080105134005,8080105134,5,893
8080105134006,8080105134,6,175
8080105134007,8080105134,7,367
8080105134008,8080105134,8,20
8080105134009,8080105134,9,216
8080105134010,8080105134,10,86
8080105134011,8080105134,11,899
8080105145001,8080105145,1,52
8080105145002,8080105145,2,764
8080105145003,8080105145,3,308
8080105145004,8080105145,4,525
8080105145005,8080105145,5,663
8080105145006,8080105145,6,378
8080105145007,8080105145,7,99
8080105145008,8080105145,8,261
8080105145009,8080105145,9,118
8080105145010,8080105145,10,700
8080305155001,8080305155,1,981
8080305155002,8080305155,2,985
8080305155003,8080305155,3,475
8080305155004,8080305155,4,797
8080305155005,8080305155,5,931
8080305155006,8080305155,6,956
8080305155007,8080305155,7,890
8080305155008,8080305155,8,746
8080305155009,8080305155,9,858
8080305155010,8080305155,10,394
8080305155011,8080305155,11,316
8080305155012,8080305155,12,136
8080305155013,8080305155,13,571
8080305155014,8080305155,14,635
8080305155015,8080305155,15,210
8080305155016,8080305155,16,301
8080305155017,8080305155,17,409
8080305155018,8080305155,18,466
8080305155019,8080305155,19,222
8080305155020,8080305155,20,401
9010105175001,9010105175,1,724
9010105175002,9010105175,2,341
9010105175003,9010105175,3,704
9010105175004,9010105175,4,188
9010105175005,9010105175,5,211
9010105175006,9010105175,6,375
9010105175007,9010105175,7,525
9010105175008,9010105175,8,191
9010105175009,9010105175,9,363
9010105175010,9010105175,10,69
9010105175011,9010105175,11,357
9010105175012,9010105175,12,578
9010105175013,9010105175,13,770
9010105175014,9010105175,14,821
9010105175015,9010105175,15,652
9010105190001,9010105190,1,661
9010105190002,9010105190,2,566
9010105190003,9010105190,3,965
9010205193001,9010205193,1,915
9010205193002,9010205193,2,912
9010205193003,9010205193,3,268
9020105196001,9020105196,1,328
9020105196002,9020105196,2,562
9020105196003,9020105196,3,669
9020105196004,9020105196,4,648
9020105196005,9020105196,5,530
9020105196006,9020105196,6,762
9020105196007,9020105196,7,95
9020105203001,9020105203,1,186
9020105203002,9020105203,2,432
9020105205001,9020105205,1,62
9020105205002,9020105205,2,521
9020105205003,9020105205,3,201
9020105205004,9020105205,4,560
9020105205005,9020105205,5,749
9020105205006,9020105205,6,202
9020105205007,9020105205,7,963
9020205212001,9020205212,1,377
9020205212002,9020205212,2,71
9020205212003,9020205212,3,284
9020205212004,9020205212,4,131
9020205212005,9020205212,5,598
9020205212006,9020205212,6,425
9030105218001,9030105218,1,374
9030105218002,9030105218,2,99
9030105218003,9030105218,3,637
9030105218004,9030105218,4,822
9030105218005,9030105218,5,329
9030105218006,9030105218,6,493
9030105218007,9030105218,7,178
9030105218008,9030105218,8,24
9030105218009,9030105218,9,294
9030105218010,9030105218,10,850
9030105218011,9030105218,11,617
9030105218012,9030105218,12,544
9030105218013,9030105218,13,211
9030105218014,9030105218,14,177
9030305232001,9030305232,1,12
9030305232002,9030305232,2,812
9030305232003,9030305232,3,715
9030305232004,9030305232,4,621
9030305232005,9030305232,5,312
9030305232006,9030305232,6,271
9030305232007,9030305232,7,217
9030305232008,9030305232,8,875
9030305232009,9030305232,9,735
9030305232010,9030305232,10,83
9030305232011,9030305232,11,760
9030305232012,9030305232,12,621
9030305232013,9030305232,13,56
9030305245001,9030305245,1,940
9030305245002,9030305245,2,425
9030305245003,9030305245,3,473
9030305245004,9030305245,4,590
9030305245005,9030305245,5,102
9030305245006,9030305245,6,616
9030305245007,9030305245,7,576
9030305245008,9030305245,8,293
9030305245009,9030305245,9,530
9030305245010,9030305245,10,81
9030305245011,9030305245,11,511
9030305245012,9030305245,12,674
9030305245013,9030305245,13,714
9030305245014,9030305245,14,318
9030305245015,9030305245,15,930
9030305245016,9030305245,16,878
9030305245017,9030305245,17,965
9030305245018,9030305245,18,769
9030305245019,9030305245,19,294
9030305245020,9030305245,20,473
9030305265001,9030305265,1,729
9030305265002,9030305265,2,257
9030305265003,9030305265,3,980
9040105268001,9040105268,1,821
9040105268002,9040105268,2,728
9040105268003,9040105268,3,558
9040105268004,9040105268,4,574
9040105268005,9040105268,5,846
9040105268006,9040105268,6,369
9040105268007,9040105268,7,858
9040105268008,9040105268,8,980
9040105268009,9040105268,9,344
9040105277001,9040105277,1,347
9040105277002,9040105277,2,135
9040105277003,9040105277,3,116
9040105277004,9040105277,4,741
9040105277005,9040105277,5,288
9040105277006,9040105277,6,622
9040105277007,9040105277,7,843
9040105277008,9040105277,8,85
9040105277009,9040105277,9,541
9040105277010,9040105277,10,514
9040105277011,9040105277,11,609
9040105277012,9040105277,12,268
9040105277013,9040105277,13,515
9040105277014,9040105277,14,267
9040105277015,9040105277,15,543
9040105277016,9040105277,16,357
9040205293001,9040205293,1,501
9040205293002,9040205293,2,538
9040205293003,9040205293,3,665
9040205293004,9040205293,4,679
9040205293005,9040205293,5,365
9040205293006,9040205293,6,456
9040205293007,9040205293,7,828
9040205293008,9040205293,8,282
9040205293009,9040205293,9,789
9040205293010,9040205293,10,759
9040205293011,9040205293,11,830
9040205293012,9040205293,12,861
9040205293013,9040205293,13,574
9040205293014,9040205293,14,283
9040205293015,9040205293,15,60
9040205293016,9040205293,16,867
9040205293017,9040205293,17,655
9050105310001,9050105310,1,118
9050105310002,9050105310,2,497
9050105310003,9050105310,3,160
9050105310004,9050105310,4,737
9050105310005,9050105310,5,643
9050105310006,9050105310,6,650
9050105310007,9050105310,7,871
9050105310008,9050105310,8,737
9050105310009,9050105310,9,554
9050105319001,9050105319,1,232
9050105319002,9050105319,2,638
9050105319003,9050105319,3,392
9050105319004,9050105319,4,471
9050105319005,9050105319,5,636
9050205324001,9050205324,1,677
9050205324002,9050205324,2,200
9050205324003,9050205324,3,64
9050205324004,9050205324,4,794
9050205324005,9050205324,5,433
9050205324006,9050205324,6,499
9050205324007,9050205324,7,940
9050205324008,9050205324,8,439
9050205324009,9050205324,9,3
9050205324010,9050205324,10,56
9050205324011,9050205324,11,614
9050305335001,9050305335,1,917
9050305335002,9050305335,2,11
9050305335003,9050305335,3,42
9050305335004,9050305335,4,769
9050305335005,9050305335,5,973
9050305335006,9050305335,6,390
9050305335007,9050305335,7,82
9050305335008,9050305335,8,449
9050305335009,9050305335,9,387
9050305335010,9050305335,10,120
9050305335011,9050305335,11,637
9050305335012,9050305335,12,66
9050305335013,9050305335,13,645
9050305335014,9050305335,14,943
9050305335015,9050305335,15,791
9050305335016,9050305335,16,33
9050305335017,9050305335,17,73
