CodigoRecinto,CodigoActa,NroMesa,VotantesHabilitados
1010200001.0,1010200001001.0,1.0,877.0
1010200001.0,1010200001002.0,2.0,949.0
1010200001.0,1010200001003.0,3.0,987.0
1010200001.0,1010200001004.0,4.0,119.0
1010200001.0,1010200001005.0,5.0,924.0
1010200001.0,1010200001006.0,6.0,54.0
1010200001.0,1010200001007.0,7.0,972.0
1010200001.0,1010200001008.0,8.0,186.0
1010200001.0,1010200001009.0,9.0,828.0
1010300010.0,1010300010001.0,1.0,911.0
1010300011.0,1010300011001.0,1.0,678.0
1010300011.0,1010300011002.0,2.0,930.0
1010300011.0,1010300011003.0,3.0,279.0
1010300011.0,1010300011004.0,4.0,429.0
1010300011.0,1010300011005.0,5.0,187.0
1010300011.0,1010300011006.0,6.0,212.0
1010300011.0,1010300011007.0,7.0,727.0
1010300011.0,1010300011008.0,8.0,588.0
1010300011.0,1010300011009.0,9.0,237.0
1010300011.0,1010300011010.0,10.0,23.0
1010300011.0,1010300011011.0,11.0,693.0
1010300011.0,1010300011012.0,12.0,952.0
1010300011.0,1010300011013.0,13.0,404.0
1010300011.0,1010300011014.0,14.0,10.0
1010300011.0,1010300011015.0,15.0,202.0
1010300011.0,1010300011016.0,16.0,413.0
1010300027.0,1010300027001.0,1.0,144.0
1010300027.0,1010300027002.0,2.0,162.0
1010300027.0,1010300027003.0,3.0,805.0
1010300027.0,1010300027004.0,4.0,940.0
1010300027.0,1010300027005.0,5.0,60.0
1010300027.0,1010300027006.0,6.0,588.0
1010300027.0,1010300027007.0,7.0,569.0
1010300027.0,1010300027008.0,8.0,460.0
1010300027.0,1010300027009.0,9.0,806.0
1010300027.0,1010300027010.0,10.0,479.0
1010300027.0,1010300027011.0,11.0,409.0
1010300027.0,1010300027012.0,12.0,252.0
1010300027.0,1010300027013.0,13.0,593.0
1010300027.0,1010300027014.0,14.0,776.0
1020100041.0,1020100041001.0,1.0,762.0
1020100041.0,1020100041002.0,2.0,987.0
1020100041.0,1020100041003.0,3.0,677.0
1020100041.0,1020100041004.0,4.0,34.0
1020100045.0,1020100045001.0,1.0,423.0
1020100045.0,1020100045002.0,2.0,7.0
1020100045.0,1020100045003.0,3.0,121.0
1020100045.0,1020100045004.0,4.0,262.0
1020100045.0,1020100045005.0,5.0,356.0
1020100045.0,1020100045006.0,6.0,190.0
1020100045.0,1020100045007.0,7.0,684.0
1020100045.0,1020100045008.0,8.0,722.0
1020100045.0,1020100045009.0,9.0,382.0
1020100045.0,1020100045010.0,10.0,933.0
1020100045.0,1020100045011.0,11.0,70.0
1020100045.0,1020100045012.0,12.0,368.0
1020100045.0,1020100045013.0,13.0,338.0
1020100045.0,1020100045014.0,14.0,760.0
1020100045.0,1020100045015.0,15.0,62.0
1020100045.0,1020100045016.0,16.0,214.0
1020100045.0,1020100045017.0,17.0,79.0
1020100062.0,1020100062001.0,1.0,92.0
1020100062.0,1020100062002.0,2.0,893.0
1020100062.0,1020100062003.0,3.0,539.0
1020100062.0,1020100062004.0,4.0,131.0
1020100062.0,1020100062005.0,5.0,528.0
1030100067.0,1030100067001.0,1.0,587.0
1030100067.0,1030100067002.0,2.0,927.0
1030100067.0,1030100067003.0,3.0,144.0
1030100067.0,1030100067004.0,4.0,778.0
1030100067.0,1030100067005.0,5.0,880.0
1030100067.0,1030100067006.0,6.0,341.0
1030100067.0,1030100067007.0,7.0,606.0
1030100067.0,1030100067008.0,8.0,601.0
1030100067.0,1030100067009.0,9.0,405.0
1030100067.0,1030100067010.0,10.0,176.0
1030100067.0,1030100067011.0,11.0,959.0
1030100067.0,1030100067012.0,12.0,440.0
1030100067.0,1030100067013.0,13.0,621.0
1030100067.0,1030100067014.0,14.0,583.0
1030200081.0,1030200081001.0,1.0,781.0
1030200081.0,1030200081002.0,2.0,757.0
1030200081.0,1030200081003.0,3.0,347.0
1030200081.0,1030200081004.0,4.0,459.0
1030200081.0,1030200081005.0,5.0,468.0
1030200081.0,1030200081006.0,6.0,80.0
1030200087.0,1030200087001.0,1.0,45.0
1030200087.0,1030200087002.0,2.0,236.0
1030200087.0,1030200087003.0,3.0,788.0
1030200087.0,1030200087004.0,4.0,501.0
1030200087.0,1030200087005.0,5.0,257.0
1030200087.0,1030200087006.0,6.0,734.0
1030200087.0,1030200087007.0,7.0,276.0
1030200087.0,1030200087008.0,8.0,235.0
1030200087.0,1030200087009.0,9.0,752.0
1030200087.0,1030200087010.0,10.0,37.0
1030300097.0,1030300097001.0,1.0,10.0
1030300097.0,1030300097002.0,2.0,702.0
1030300097.0,1030300097003.0,3.0,582.0
1030300097.0,1030300097004.0,4.0,745.0
1030300097.0,1030300097005.0,5.0,706.0
1030300097.0,1030300097006.0,6.0,553.0
1030300097.0,1030300097007.0,7.0,248.0
1030300097.0,1030300097008.0,8.0,421.0
1030300097.0,1030300097009.0,9.0,153.0
1030300097.0,1030300097010.0,10.0,674.0
1030300097.0,1030300097011.0,11.0,233.0
1030300097.0,1030300097012.0,12.0,257.0
1030300097.0,1030300097013.0,13.0,223.0
1030300097.0,1030300097014.0,14.0,721.0
1030300097.0,1030300097015.0,15.0,457.0
1030300097.0,1030300097016.0,16.0,859.0
1030300097.0,1030300097017.0,17.0,331.0
1030300097.0,1030300097018.0,18.0,366.0
1030400115.0,1030400115001.0,1.0,718.0
1030400115.0,1030400115002.0,2.0,266.0
1030400115.0,1030400115003.0,3.0,323.0
1030400115.0,1030400115004.0,4.0,893.0
1030400115.0,1030400115005.0,5.0,699.0
1030400115.0,1030400115006.0,6.0,992.0
1030400121.0,1030400121001.0,1.0,364.0
1030400121.0,1030400121002.0,2.0,745.0
1030400121.0,1030400121003.0,3.0,912.0
1030400121.0,1030400121004.0,4.0,847.0
1040100125.0,1040100125001.0,1.0,542.0
1040100125.0,1040100125002.0,2.0,97.0
1040100125.0,1040100125003.0,3.0,13.0
1040100125.0,1040100125004.0,4.0,645.0
1040100125.0,1040100125005.0,5.0,126.0
1040100125.0,1040100125006.0,6.0,733.0
1040100125.0,1040100125007.0,7.0,48.0
1040100132.0,1040100132001.0,1.0,717.0
1040100132.0,1040100132002.0,2.0,195.0
1040100132.0,1040100132003.0,3.0,714.0
1040100132.0,1040100132004.0,4.0,482.0
1040100132.0,1040100132005.0,5.0,705.0
1040100132.0,1040100132006.0,6.0,722.0
1040100132.0,1040100132007.0,7.0,945.0
1040100132.0,1040100132008.0,8.0,532.0
1040100132.0,1040100132009.0,9.0,774.0
1040100132.0,1040100132010.0,10.0,141.0
1040100132.0,1040100132011.0,11.0,520.0
1040100143.0,1040100143001.0,1.0,621.0
1040100143.0,1040100143002.0,2.0,92.0
1040100143.0,1040100143003.0,3.0,257.0
1040100143.0,1040100143004.0,4.0,126.0
1040100143.0,1040100143005.0,5.0,158.0
1040100143.0,1040100143006.0,6.0,173.0
1040100143.0,1040100143007.0,7.0,279.0
1040200150.0,1040200150001.0,1.0,133.0
1040200150.0,1040200150002.0,2.0,215.0
1040200150.0,1040200150003.0,3.0,630.0
1040200150.0,1040200150004.0,4.0,195.0
1040200150.0,1040200150005.0,5.0,917.0
1040200150.0,1040200150006.0,6.0,648.0
1040200150.0,1040200150007.0,7.0,608.0
1040200150.0,1040200150008.0,8.0,845.0
1040200150.0,1040200150009.0,9.0,353.0
1040200150.0,1040200150010.0,10.0,11.0
1040200150.0,1040200150011.0,11.0,377.0
1040200161.0,1040200161001.0,1.0,712.0
1040200161.0,1040200161002.0,2.0,642.0
1040200161.0,1040200161003.0,3.0,444.0
1040200161.0,1040200161004.0,4.0,787.0
1040200161.0,1040200161005.0,5.0,382.0
1040200161.0,1040200161006.0,6.0,110.0
1040200161.0,1040200161007.0,7.0,619.0
1040200161.0,1040200161008.0,8.0,570.0
1040200161.0,1040200161009.0,9.0,119.0
1040200161.0,1040200161010.0,10.0,583.0
1040200161.0,1040200161011.0,11.0,324.0
1040200161.0,1040200161012.0,12.0,923.0
1040200161.0,1040200161013.0,13.0,493.0
1040200161.0,1040200161014.0,14.0,91.0
1040200161.0,1040200161015.0,15.0,261.0
1040200161.0,1040200161016.0,16.0,792.0
1040200161.0,1040200161017.0,17.0,179.0
1040300178.0,1040300178001.0,1.0,39.0
1040300178.0,1040300178002.0,2.0,854.0
1040300178.0,1040300178003.0,3.0,244.0
1040300181.0,1040300181001.0,1.0,62.0
1040300181.0,1040300181002.0,2.0,748.0
1040300181.0,1040300181003.0,3.0,708.0
1040300181.0,1040300181004.0,4.0,273.0
1040300181.0,1040300181005.0,5.0,400.0
1040400186.0,1040400186001.0,1.0,837.0
1040400186.0,1040400186002.0,2.0,989.0
1040400186.0,1040400186003.0,3.0,982.0
1040400189.0,1040400189001.0,1.0,314.0
1040400189.0,1040400189002.0,2.0,573.0
1040400189.0,1040400189003.0,3.0,636.0
1040400189.0,1040400189004.0,4.0,324.0
1040400189.0,1040400189005.0,5.0,6.0
1040400189.0,1040400189006.0,6.0,427.0
1040400189.0,1040400189007.0,7.0,557.0
1040400189.0,1040400189008.0,8.0,858.0
1040400197.0,1040400197001.0,1.0,369.0
1040400197.0,1040400197002.0,2.0,757.0
1040400197.0,1040400197003.0,3.0,522.0
1040400197.0,1040400197004.0,4.0,220.0
1040400197.0,1040400197005.0,5.0,784.0
1040400197.0,1040400197006.0,6.0,876.0
1040400197.0,1040400197007.0,7.0,681.0
1040400197.0,1040400197008.0,8.0,569.0
1040400197.0,1040400197009.0,9.0,510.0
1040500206.0,1040500206001.0,1.0,35.0
1040500206.0,1040500206002.0,2.0,661.0
1040500206.0,1040500206003.0,3.0,287.0
1040500206.0,1040500206004.0,4.0,970.0
1040500206.0,1040500206005.0,5.0,570.0
1040500206.0,1040500206006.0,6.0,138.0
1040500206.0,1040500206007.0,7.0,310.0
1040500206.0,1040500206008.0,8.0,652.0
1040500206.0,1040500206009.0,9.0,466.0
1040500206.0,1040500206010.0,10.0,28.0
1040500206.0,1040500206011.0,11.0,618.0
1040500206.0,1040500206012.0,12.0,31.0
1060100218.0,1060100218001.0,1.0,847.0
1060100218.0,1060100218002.0,2.0,365.0
1060100218.0,1060100218003.0,3.0,721.0
1060100221.0,1060100221001.0,1.0,564.0
1060100221.0,1060100221002.0,2.0,140.0
1060100221.0,1060100221003.0,3.0,253.0
1060100221.0,1060100221004.0,4.0,466.0
1060100221.0,1060100221005.0,5.0,197.0
1060100221.0,1060100221006.0,6.0,873.0
1060100221.0,1060100221007.0,7.0,364.0
1060100221.0,1060100221008.0,8.0,260.0
1060100221.0,1060100221009.0,9.0,69.0
1060100221.0,1060100221010.0,10.0,326.0
1060100231.0,1060100231001.0,1.0,413.0
1060100231.0,1060100231002.0,2.0,805.0
1060100231.0,1060100231003.0,3.0,839.0
1060100231.0,1060100231004.0,4.0,562.0
1060100231.0,1060100231005.0,5.0,103.0
1060100231.0,1060100231006.0,6.0,736.0
1060100231.0,1060100231007.0,7.0,984.0
1060100231.0,1060100231008.0,8.0,435.0
1060100231.0,1060100231009.0,9.0,700.0
1060100231.0,1060100231010.0,10.0,410.0
1060100231.0,1060100231011.0,11.0,313.0
1060200242.0,1060200242001.0,1.0,339.0
1060200242.0,1060200242002.0,2.0,942.0
1060200242.0,1060200242003.0,3.0,752.0
1060200242.0,1060200242004.0,4.0,420.0
1060200242.0,1060200242005.0,5.0,305.0
1060200242.0,1060200242006.0,6.0,636.0
1060200242.0,1060200242007.0,7.0,366.0
1060200242.0,1060200242008.0,8.0,334.0
1060200242.0,1060200242009.0,9.0,289.0
1060200242.0,1060200242010.0,10.0,93.0
1060200242.0,1060200242011.0,11.0,751.0
1060200242.0,1060200242012.0,12.0,327.0
1060200242.0,1060200242013.0,13.0,635.0
1060200242.0,1060200242014.0,14.0,754.0
1060200242.0,1060200242015.0,15.0,635.0
1060200242.0,1060200242016.0,16.0,218.0
1060200242.0,1060200242017.0,17.0,71.0
1060200242.0,1060200242018.0,18.0,481.0
1060200242.0,1060200242019.0,19.0,427.0
1060200261.0,1060200261001.0,1.0,759.0
1060200261.0,1060200261002.0,2.0,918.0
1060200261.0,1060200261003.0,3.0,184.0
1060200261.0,1060200261004.0,4.0,764.0
1060200261.0,1060200261005.0,5.0,641.0
1060200261.0,1060200261006.0,6.0,890.0
1060200261.0,1060200261007.0,7.0,487.0
1060200261.0,1060200261008.0,8.0,596.0
1060200261.0,1060200261009.0,9.0,758.0
1070100270.0,1070100270001.0,1.0,648.0
1070100270.0,1070100270002.0,2.0,909.0
1070200272.0,1070200272001.0,1.0,413.0
1070200272.0,1070200272002.0,2.0,623.0
1070200274.0,1070200274001.0,1.0,668.0
1070200274.0,1070200274002.0,2.0,435.0
1070200274.0,1070200274003.0,3.0,258.0
1070200274.0,1070200274004.0,4.0,527.0
1070200274.0,1070200274005.0,5.0,258.0
1070200274.0,1070200274006.0,6.0,242.0
1070200274.0,1070200274007.0,7.0,143.0
1070200274.0,1070200274008.0,8.0,170.0
1070200274.0,1070200274009.0,9.0,868.0
1070200274.0,1070200274010.0,10.0,539.0
1070200274.0,1070200274011.0,11.0,878.0
1070200285.0,1070200285001.0,1.0,199.0
1070200285.0,1070200285002.0,2.0,945.0
1070200285.0,1070200285003.0,3.0,770.0
1070200285.0,1070200285004.0,4.0,430.0
1070200285.0,1070200285005.0,5.0,478.0
1070200285.0,1070200285006.0,6.0,192.0
1070200285.0,1070200285007.0,7.0,7.0
1070200285.0,1070200285008.0,8.0,472.0
1070200285.0,1070200285009.0,9.0,976.0
1070200285.0,1070200285010.0,10.0,237.0
1070300295.0,1070300295001.0,1.0,186.0
1070300295.0,1070300295002.0,2.0,942.0
1070300295.0,1070300295003.0,3.0,831.0
1070300295.0,1070300295004.0,4.0,686.0
1070300295.0,1070300295005.0,5.0,105.0
1070300300.0,1070300300001.0,1.0,292.0
1070300300.0,1070300300002.0,2.0,438.0
1070300300.0,1070300300003.0,3.0,679.0
1070300300.0,1070300300004.0,4.0,674.0
1070300300.0,1070300300005.0,5.0,693.0
1070300300.0,1070300300006.0,6.0,454.0
1070300300.0,1070300300007.0,7.0,982.0
1070300300.0,1070300300008.0,8.0,64.0
1070300300.0,1070300300009.0,9.0,129.0
1070300300.0,1070300300010.0,10.0,898.0
1070300300.0,1070300300011.0,11.0,289.0
1070300300.0,1070300300012.0,12.0,720.0
1070300300.0,1070300300013.0,13.0,591.0
1070300300.0,1070300300014.0,14.0,27.0
1070300300.0,1070300300015.0,15.0,845.0
1070300300.0,1070300300016.0,16.0,497.0
1070300300.0,1070300300017.0,17.0,400.0
1070300300.0,1070300300018.0,18.0,646.0
1070300318.0,1070300318001.0,1.0,71.0
1070300318.0,1070300318002.0,2.0,993.0
1070300318.0,1070300318003.0,3.0,17.0
1070300318.0,1070300318004.0,4.0,193.0
1070300318.0,1070300318005.0,5.0,985.0
1070300318.0,1070300318006.0,6.0,531.0
1070300318.0,1070300318007.0,7.0,113.0
1070300318.0,1070300318008.0,8.0,673.0
1070400326.0,1070400326001.0,1.0,640.0
1070400326.0,1070400326002.0,2.0,370.0
1070400326.0,1070400326003.0,3.0,978.0
1070400326.0,1070400326004.0,4.0,26.0
1070400326.0,1070400326005.0,5.0,860.0
1070400326.0,1070400326006.0,6.0,626.0
1070400326.0,1070400326007.0,7.0,194.0
1070400326.0,1070400326008.0,8.0,393.0
1070400326.0,1070400326009.0,9.0,244.0
1070400326.0,1070400326010.0,10.0,411.0
1070400326.0,1070400326011.0,11.0,300.0
1070400326.0,1070400326012.0,12.0,918.0
1070400326.0,1070400326013.0,13.0,666.0
1070400326.0,1070400326014.0,14.0,739.0
1070400326.0,1070400326015.0,15.0,960.0
1070400326.0,1070400326016.0,16.0,847.0
1070400342.0,1070400342001.0,1.0,654.0
1070400342.0,1070400342002.0,2.0,612.0
1070400342.0,1070400342003.0,3.0,4.0
1070400342.0,1070400342004.0,4.0,972.0
1070400342.0,1070400342005.0,5.0,721.0
1070400342.0,1070400342006.0,6.0,922.0
1070400342.0,1070400342007.0,7.0,416.0
1090100349.0,1090100349001.0,1.0,461.0
1090100349.0,1090100349002.0,2.0,758.0
1090100349.0,1090100349003.0,3.0,522.0
1090100349.0,1090100349004.0,4.0,278.0
1090100349.0,1090100349005.0,5.0,304.0
1090100349.0,1090100349006.0,6.0,33.0
1090100349.0,1090100349007.0,7.0,903.0
1090100349.0,1090100349008.0,8.0,353.0
1090100349.0,1090100349009.0,9.0,558.0
1090100349.0,1090100349010.0,10.0,315.0
1090100349.0,1090100349011.0,11.0,573.0
1090100349.0,1090100349012.0,12.0,338.0
1090100349.0,1090100349013.0,13.0,249.0
1090100349.0,1090100349014.0,14.0,458.0
1090100363.0,1090100363001.0,1.0,406.0
1090100363.0,1090100363002.0,2.0,87.0
1090200365.0,1090200365001.0,1.0,702.0
1090200365.0,1090200365002.0,2.0,748.0
1090200365.0,1090200365003.0,3.0,805.0
1090200365.0,1090200365004.0,4.0,492.0
1090200365.0,1090200365005.0,5.0,286.0
1090300370.0,1090300370001.0,1.0,606.0
1090300370.0,1090300370002.0,2.0,223.0
1090300370.0,1090300370003.0,3.0,512.0
1090300370.0,1090300370004.0,4.0,670.0
1090300370.0,1090300370005.0,5.0,223.0
1090300370.0,1090300370006.0,6.0,87.0
1090300370.0,1090300370007.0,7.0,911.0
1090300370.0,1090300370008.0,8.0,53.0
1090300370.0,1090300370009.0,9.0,877.0
1090300370.0,1090300370010.0,10.0,227.0
1090300370.0,1090300370011.0,11.0,565.0
1090300370.0,1090300370012.0,12.0,893.0
1090300370.0,1090300370013.0,13.0,557.0
1090300370.0,1090300370014.0,14.0,605.0
1090300384.0,1090300384001.0,1.0,775.0
1090300384.0,1090300384002.0,2.0,472.0
1090300384.0,1090300384003.0,3.0,121.0
1090300384.0,1090300384004.0,4.0,779.0
1090300384.0,1090300384005.0,5.0,769.0
1090300384.0,1090300384006.0,6.0,598.0
1090300384.0,1090300384007.0,7.0,110.0
1090300384.0,1090300384008.0,8.0,506.0
1090300384.0,1090300384009.0,9.0,528.0
1090300384.0,1090300384010.0,10.0,643.0
1090300384.0,1090300384011.0,11.0,150.0
1090300384.0,1090300384012.0,12.0,374.0
1090300396.0,1090300396001.0,1.0,147.0
1090300396.0,1090300396002.0,2.0,969.0
1090300396.0,1090300396003.0,3.0,554.0
1090300396.0,1090300396004.0,4.0,242.0
1090300396.0,1090300396005.0,5.0,390.0
1100100401.0,1100100401001.0,1.0,664.0
1100100401.0,1100100401002.0,2.0,401.0
1100100401.0,1100100401003.0,3.0,160.0
1100100401.0,1100100401004.0,4.0,763.0
1100100401.0,1100100401005.0,5.0,478.0
1100100401.0,1100100401006.0,6.0,94.0
1100100401.0,1100100401007.0,7.0,227.0
1100100401.0,1100100401008.0,8.0,512.0
1100100401.0,1100100401009.0,9.0,207.0
1100200410.0,1100200410001.0,1.0,903.0
1100200410.0,1100200410002.0,2.0,53.0
1100200410.0,1100200410003.0,3.0,598.0
1100200410.0,1100200410004.0,4.0,168.0
1100200410.0,1100200410005.0,5.0,660.0
1100200410.0,1100200410006.0,6.0,539.0
1100200410.0,1100200410007.0,7.0,23.0
1100200417.0,1100200417001.0,1.0,628.0
1100200417.0,1100200417002.0,2.0,158.0
1100200417.0,1100200417003.0,3.0,741.0
1100200417.0,1100200417004.0,4.0,550.0
1100200417.0,1100200417005.0,5.0,643.0
1100200417.0,1100200417006.0,6.0,359.0
2010200423.0,2010200423001.0,1.0,251.0
2010200423.0,2010200423002.0,2.0,229.0
2010200423.0,2010200423003.0,3.0,20.0
2010200423.0,2010200423004.0,4.0,968.0
2010200423.0,2010200423005.0,5.0,868.0
2010200423.0,2010200423006.0,6.0,758.0
2010200423.0,2010200423007.0,7.0,53.0
2010200423.0,2010200423008.0,8.0,788.0
2010200423.0,2010200423009.0,9.0,123.0
2010200423.0,2010200423010.0,10.0,892.0
2010200423.0,2010200423011.0,11.0,204.0
2010200423.0,2010200423012.0,12.0,640.0
2010200423.0,2010200423013.0,13.0,69.0
2010200423.0,2010200423014.0,14.0,118.0
2010200423.0,2010200423015.0,15.0,223.0
2010200423.0,2010200423016.0,16.0,935.0
2010200423.0,2010200423017.0,17.0,789.0
2010200423.0,2010200423018.0,18.0,336.0
2010200441.0,2010200441001.0,1.0,898.0
2010200441.0,2010200441002.0,2.0,457.0
2010200441.0,2010200441003.0,3.0,734.0
2010400444.0,2010400444001.0,1.0,190.0
2010400444.0,2010400444002.0,2.0,980.0
2010400444.0,2010400444003.0,3.0,341.0
2010400444.0,2010400444004.0,4.0,812.0
2010400444.0,2010400444005.0,5.0,359.0
2010400449.0,2010400449001.0,1.0,673.0
2010400449.0,2010400449002.0,2.0,569.0
2010400449.0,2010400449003.0,3.0,755.0
2010400449.0,2010400449004.0,4.0,135.0
2010400449.0,2010400449005.0,5.0,616.0
2010400449.0,2010400449006.0,6.0,67.0
2010400449.0,2010400449007.0,7.0,803.0
2010400449.0,2010400449008.0,8.0,661.0
2010400449.0,2010400449009.0,9.0,468.0
2010400449.0,2010400449010.0,10.0,94.0
2010400449.0,2010400449011.0,11.0,168.0
2010400449.0,2010400449012.0,12.0,359.0
2010400449.0,2010400449013.0,13.0,191.0
2010400449.0,2010400449014.0,14.0,525.0
2010400449.0,2010400449015.0,15.0,19.0
2010400449.0,2010400449016.0,16.0,556.0
2010400465.0,2010400465001.0,1.0,555.0
2010400465.0,2010400465002.0,2.0,961.0
2010400465.0,2010400465003.0,3.0,323.0
2010400465.0,2010400465004.0,4.0,521.0
2010400465.0,2010400465005.0,5.0,768.0
2010400465.0,2010400465006.0,6.0,650.0
2010400465.0,2010400465007.0,7.0,833.0
2010400465.0,2010400465008.0,8.0,180.0
2010400465.0,2010400465009.0,9.0,843.0
2010400465.0,2010400465010.0,10.0,993.0
2010400465.0,2010400465011.0,11.0,960.0
2010400465.0,2010400465012.0,12.0,535.0
2010400465.0,2010400465013.0,13.0,110.0
2010400465.0,2010400465014.0,14.0,562.0
2010400465.0,2010400465015.0,15.0,916.0
2010400465.0,2010400465016.0,16.0,220.0
2010400465.0,2010400465017.0,17.0,25.0
2010400465.0,2010400465018.0,18.0,20.0
2010400465.0,2010400465019.0,19.0,723.0
2010500484.0,2010500484001.0,1.0,834.0
2010500484.0,2010500484002.0,2.0,460.0
2010500484.0,2010500484003.0,3.0,915.0
2010500484.0,2010500484004.0,4.0,795.0
2010500484.0,2010500484005.0,5.0,142.0
2010500484.0,2010500484006.0,6.0,506.0
2010500484.0,2010500484007.0,7.0,642.0
2010500484.0,2010500484008.0,8.0,315.0
2010500484.0,2010500484009.0,9.0,65.0
2020100493.0,2020100493001.0,1.0,987.0
2020100493.0,2020100493002.0,2.0,913.0
2020100495.0,2020100495001.0,1.0,226.0
2020100495.0,2020100495002.0,2.0,58.0
2020200497.0,2020200497001.0,1.0,633.0
2020200497.0,2020200497002.0,2.0,882.0
2020200497.0,2020200497003.0,3.0,79.0
2020200497.0,2020200497004.0,4.0,335.0
2020200497.0,2020200497005.0,5.0,195.0
2020200497.0,2020200497006.0,6.0,496.0
2020200497.0,2020200497007.0,7.0,137.0
2020200497.0,2020200497008.0,8.0,802.0
2020200505.0,2020200505001.0,1.0,509.0
2020200505.0,2020200505002.0,2.0,908.0
2020200505.0,2020200505003.0,3.0,72.0
2020200505.0,2020200505004.0,4.0,692.0
2020300509.0,2020300509001.0,1.0,210.0
2020300509.0,2020300509002.0,2.0,11.0
2020300509.0,2020300509003.0,3.0,970.0
2020300509.0,2020300509004.0,4.0,377.0
2020300509.0,2020300509005.0,5.0,592.0
2020300509.0,2020300509006.0,6.0,914.0
2020300509.0,2020300509007.0,7.0,776.0
2020300509.0,2020300509008.0,8.0,695.0
2020300509.0,2020300509009.0,9.0,427.0
2020300509.0,2020300509010.0,10.0,920.0
2020300509.0,2020300509011.0,11.0,35.0
2020300509.0,2020300509012.0,12.0,200.0
2020300509.0,2020300509013.0,13.0,182.0
2020300522.0,2020300522001.0,1.0,637.0
2020300522.0,2020300522002.0,2.0,67.0
2020300522.0,2020300522003.0,3.0,609.0
2020300522.0,2020300522004.0,4.0,213.0
2020300522.0,2020300522005.0,5.0,610.0
2020300522.0,2020300522006.0,6.0,202.0
2020300522.0,2020300522007.0,7.0,391.0
2020300522.0,2020300522008.0,8.0,271.0
2020300522.0,2020300522009.0,9.0,487.0
2020300522.0,2020300522010.0,10.0,791.0
2020300522.0,2020300522011.0,11.0,890.0
2020400533.0,2020400533001.0,1.0,429.0
2020400533.0,2020400533002.0,2.0,522.0
2020400533.0,2020400533003.0,3.0,44.0
2020400533.0,2020400533004.0,4.0,223.0
2020400533.0,2020400533005.0,5.0,242.0
2020400533.0,2020400533006.0,6.0,749.0
2020400533.0,2020400533007.0,7.0,442.0
2020400533.0,2020400533008.0,8.0,587.0
2020400533.0,2020400533009.0,9.0,267.0
2020400533.0,2020400533010.0,10.0,149.0
2020400533.0,2020400533011.0,11.0,771.0
2020400533.0,2020400533012.0,12.0,112.0
2020400533.0,2020400533013.0,13.0,410.0
2020400533.0,2020400533014.0,14.0,590.0
2020400533.0,2020400533015.0,15.0,330.0
2020400533.0,2020400533016.0,16.0,386.0
2020400533.0,2020400533017.0,17.0,82.0
2020400533.0,2020400533018.0,18.0,214.0
2020400533.0,2020400533019.0,19.0,221.0
2020400533.0,2020400533020.0,20.0,126.0
2020600553.0,2020600553001.0,1.0,784.0
2020600553.0,2020600553002.0,2.0,289.0
2020600553.0,2020600553003.0,3.0,884.0
2020600556.0,2020600556001.0,1.0,490.0
2020600556.0,2020600556002.0,2.0,121.0
2020600556.0,2020600556003.0,3.0,705.0
2020600556.0,2020600556004.0,4.0,153.0
2020600556.0,2020600556005.0,5.0,222.0
2020600556.0,2020600556006.0,6.0,256.0
2020600556.0,2020600556007.0,7.0,83.0
2020600556.0,2020600556008.0,8.0,725.0
2020600556.0,2020600556009.0,9.0,621.0
2020600556.0,2020600556010.0,10.0,218.0
2020600556.0,2020600556011.0,11.0,631.0
2020600556.0,2020600556012.0,12.0,138.0
2020600556.0,2020600556013.0,13.0,887.0
2020600556.0,2020600556014.0,14.0,112.0
2020600570.0,2020600570001.0,1.0,711.0
2020600570.0,2020600570002.0,2.0,597.0
2020600570.0,2020600570003.0,3.0,524.0
2020600570.0,2020600570004.0,4.0,878.0
2020600570.0,2020600570005.0,5.0,169.0
2020600570.0,2020600570006.0,6.0,728.0
2020600570.0,2020600570007.0,7.0,911.0
2020600570.0,2020600570008.0,8.0,9.0
2020600570.0,2020600570009.0,9.0,660.0
2020600570.0,2020600570010.0,10.0,245.0
2020600570.0,2020600570011.0,11.0,96.0
2020600570.0,2020600570012.0,12.0,260.0
2020600570.0,2020600570013.0,13.0,510.0
2020600570.0,2020600570014.0,14.0,415.0
2020600570.0,2020600570015.0,15.0,600.0
2020600570.0,2020600570016.0,16.0,549.0
2020600570.0,2020600570017.0,17.0,151.0
2020600570.0,2020600570018.0,18.0,655.0
2020600570.0,2020600570019.0,19.0,850.0
2020600570.0,2020600570020.0,20.0,780.0
2030100590.0,2030100590001.0,1.0,564.0
2030100591.0,2030100591001.0,1.0,180.0
2030100591.0,2030100591002.0,2.0,301.0
2030100591.0,2030100591003.0,3.0,877.0
2030100591.0,2030100591004.0,4.0,767.0
2030100591.0,2030100591005.0,5.0,330.0
2030100591.0,2030100591006.0,6.0,378.0
2030100591.0,2030100591007.0,7.0,363.0
2030100591.0,2030100591008.0,8.0,88.0
2030100591.0,2030100591009.0,9.0,159.0
2030100591.0,2030100591010.0,10.0,541.0
2030100591.0,2030100591011.0,11.0,124.0
2030100591.0,2030100591012.0,12.0,178.0
2030100591.0,2030100591013.0,13.0,566.0
2030100591.0,2030100591014.0,14.0,823.0
2030100591.0,2030100591015.0,15.0,212.0
2030100591.0,2030100591016.0,16.0,189.0
2030100591.0,2030100591017.0,17.0,460.0
2030100591.0,2030100591018.0,18.0,190.0
2030200609.0,2030200609001.0,1.0,497.0
2030200609.0,2030200609002.0,2.0,853.0
2030200609.0,2030200609003.0,3.0,730.0
2030200609.0,2030200609004.0,4.0,240.0
2030200609.0,2030200609005.0,5.0,501.0
2030200609.0,2030200609006.0,6.0,269.0
2030200615.0,2030200615001.0,1.0,878.0
2030200615.0,2030200615002.0,2.0,12.0
2030200615.0,2030200615003.0,3.0,59.0
2030200615.0,2030200615004.0,4.0,771.0
2030200615.0,2030200615005.0,5.0,643.0
2030200615.0,2030200615006.0,6.0,729.0
2030200615.0,2030200615007.0,7.0,353.0
2030200622.0,2030200622001.0,1.0,792.0
2030300623.0,2030300623001.0,1.0,398.0
2030300623.0,2030300623002.0,2.0,291.0
2030300623.0,2030300623003.0,3.0,221.0
2030300623.0,2030300623004.0,4.0,288.0
2030300623.0,2030300623005.0,5.0,624.0
2030300623.0,2030300623006.0,6.0,200.0
2030300623.0,2030300623007.0,7.0,842.0
2030300623.0,2030300623008.0,8.0,785.0
2030300623.0,2030300623009.0,9.0,252.0
2030300623.0,2030300623010.0,10.0,433.0
2030300623.0,2030300623011.0,11.0,411.0
2030300623.0,2030300623012.0,12.0,371.0
2030300623.0,2030300623013.0,13.0,783.0
2030300623.0,2030300623014.0,14.0,829.0
2030300623.0,2030300623015.0,15.0,880.0
2030300623.0,2030300623016.0,16.0,950.0
2030300623.0,2030300623017.0,17.0,182.0
2030300623.0,2030300623018.0,18.0,830.0
2030300623.0,2030300623019.0,19.0,820.0
2030300642.0,2030300642001.0,1.0,99.0
2030300642.0,2030300642002.0,2.0,515.0
2030300642.0,2030300642003.0,3.0,162.0
2030300642.0,2030300642004.0,4.0,403.0
2030300642.0,2030300642005.0,5.0,277.0
2030300642.0,2030300642006.0,6.0,42.0
2030300642.0,2030300642007.0,7.0,579.0
2030300642.0,2030300642008.0,8.0,979.0
2030300642.0,2030300642009.0,9.0,7.0
2030300642.0,2030300642010.0,10.0,126.0
2030300642.0,2030300642011.0,11.0,69.0
2030300642.0,2030300642012.0,12.0,762.0
2030300642.0,2030300642013.0,13.0,170.0
2030300642.0,2030300642014.0,14.0,502.0
2030300656.0,2030300656001.0,1.0,287.0
2030300656.0,2030300656002.0,2.0,829.0
2030300656.0,2030300656003.0,3.0,247.0
2030300656.0,2030300656004.0,4.0,795.0
2030300656.0,2030300656005.0,5.0,403.0
2030500661.0,2030500661001.0,1.0,417.0
2030500661.0,2030500661002.0,2.0,827.0
2030500661.0,2030500661003.0,3.0,880.0
2030500664.0,2030500664001.0,1.0,403.0
2030500664.0,2030500664002.0,2.0,797.0
2030500664.0,2030500664003.0,3.0,938.0
2030500664.0,2030500664004.0,4.0,867.0
2030500664.0,2030500664005.0,5.0,472.0
2030500664.0,2030500664006.0,6.0,5.0
2030500664.0,2030500664007.0,7.0,313.0
2030500664.0,2030500664008.0,8.0,291.0
2030500664.0,2030500664009.0,9.0,914.0
2030500664.0,2030500664010.0,10.0,321.0
2030500664.0,2030500664011.0,11.0,365.0
2030500664.0,2030500664012.0,12.0,473.0
2030600676.0,2030600676001.0,1.0,525.0
2030600676.0,2030600676002.0,2.0,747.0
2030600676.0,2030600676003.0,3.0,357.0
2030600676.0,2030600676004.0,4.0,275.0
2030600676.0,2030600676005.0,5.0,875.0
2030600676.0,2030600676006.0,6.0,743.0
2030600676.0,2030600676007.0,7.0,584.0
2030600676.0,2030600676008.0,8.0,90.0
2030600676.0,2030600676009.0,9.0,194.0
2030600676.0,2030600676010.0,10.0,504.0
2030600676.0,2030600676011.0,11.0,696.0
2030600676.0,2030600676012.0,12.0,547.0
2030600676.0,2030600676013.0,13.0,202.0
2030600676.0,2030600676014.0,14.0,880.0
2030700690.0,2030700690001.0,1.0,607.0
2030700690.0,2030700690002.0,2.0,352.0
2030700690.0,2030700690003.0,3.0,695.0
2030700690.0,2030700690004.0,4.0,60.0
2030700690.0,2030700690005.0,5.0,566.0
2030700690.0,2030700690006.0,6.0,608.0
2030700690.0,2030700690007.0,7.0,439.0
2030700690.0,2030700690008.0,8.0,471.0
2030700690.0,2030700690009.0,9.0,895.0
2030700699.0,2030700699001.0,1.0,223.0
2030700699.0,2030700699002.0,2.0,940.0
2030700699.0,2030700699003.0,3.0,111.0
2030800702.0,2030800702001.0,1.0,749.0
2030800702.0,2030800702002.0,2.0,280.0
2030800702.0,2030800702003.0,3.0,969.0
2030800702.0,2030800702004.0,4.0,775.0
2030800702.0,2030800702005.0,5.0,980.0
2030800702.0,2030800702006.0,6.0,929.0
2030800702.0,2030800702007.0,7.0,548.0
2030800702.0,2030800702008.0,8.0,330.0
2030800702.0,2030800702009.0,9.0,911.0
2030800702.0,2030800702010.0,10.0,276.0
2030800702.0,2030800702011.0,11.0,314.0
2030800702.0,2030800702012.0,12.0,714.0
2040100714.0,2040100714001.0,1.0,105.0
2040100714.0,2040100714002.0,2.0,421.0
2040100714.0,2040100714003.0,3.0,782.0
2040100714.0,2040100714004.0,4.0,58.0
2040100714.0,2040100714005.0,5.0,783.0
2040100714.0,2040100714006.0,6.0,778.0
2040100714.0,2040100714007.0,7.0,265.0
2040100714.0,2040100714008.0,8.0,341.0
2040100714.0,2040100714009.0,9.0,34.0
2040100714.0,2040100714010.0,10.0,534.0
2040100714.0,2040100714011.0,11.0,65.0
2040100714.0,2040100714012.0,12.0,489.0
2040100726.0,2040100726001.0,1.0,227.0
2040100726.0,2040100726002.0,2.0,526.0
2040100726.0,2040100726003.0,3.0,547.0
2040100726.0,2040100726004.0,4.0,143.0
2040100726.0,2040100726005.0,5.0,267.0
2040100726.0,2040100726006.0,6.0,963.0
2040100726.0,2040100726007.0,7.0,559.0
2040100726.0,2040100726008.0,8.0,815.0
2040100726.0,2040100726009.0,9.0,284.0
2040100726.0,2040100726010.0,10.0,20.0
2040100726.0,2040100726011.0,11.0,804.0
2040100726.0,2040100726012.0,12.0,160.0
2040100726.0,2040100726013.0,13.0,962.0
2040200739.0,2040200739001.0,1.0,475.0
2040200739.0,2040200739002.0,2.0,161.0
2040200739.0,2040200739003.0,3.0,289.0
2040200739.0,2040200739004.0,4.0,863.0
2040200739.0,2040200739005.0,5.0,172.0
2040200739.0,2040200739006.0,6.0,592.0
2040200739.0,2040200739007.0,7.0,421.0
2040200739.0,2040200739008.0,8.0,989.0
2040200739.0,2040200739009.0,9.0,833.0
2040200739.0,2040200739010.0,10.0,511.0
2040300749.0,2040300749001.0,1.0,784.0
2040300749.0,2040300749002.0,2.0,530.0
2040300749.0,2040300749003.0,3.0,193.0
2040300749.0,2040300749004.0,4.0,558.0
2040300749.0,2040300749005.0,5.0,843.0
2040300749.0,2040300749006.0,6.0,992.0
2040300749.0,2040300749007.0,7.0,606.0
2040300749.0,2040300749008.0,8.0,844.0
2040300749.0,2040300749009.0,9.0,888.0
2040300749.0,2040300749010.0,10.0,6.0
2040300749.0,2040300749011.0,11.0,913.0
2040300749.0,2040300749012.0,12.0,887.0
2040300749.0,2040300749013.0,13.0,431.0
2040300749.0,2040300749014.0,14.0,508.0
2040300749.0,2040300749015.0,15.0,863.0
2040300749.0,2040300749016.0,16.0,111.0
2040300749.0,2040300749017.0,17.0,357.0
2040300749.0,2040300749018.0,18.0,922.0
2040300749.0,2040300749019.0,19.0,987.0
2040300749.0,2040300749020.0,20.0,695.0
2040300769.0,2040300769001.0,1.0,945.0
2040300769.0,2040300769002.0,2.0,656.0
2040300769.0,2040300769003.0,3.0,995.0
2040300769.0,2040300769004.0,4.0,496.0
2040300769.0,2040300769005.0,5.0,994.0
2040300769.0,2040300769006.0,6.0,926.0
2040300769.0,2040300769007.0,7.0,280.0
2040300769.0,2040300769008.0,8.0,850.0
2040300769.0,2040300769009.0,9.0,205.0
2040300769.0,2040300769010.0,10.0,949.0
2040300769.0,2040300769011.0,11.0,812.0
2040300769.0,2040300769012.0,12.0,397.0
2040300769.0,2040300769013.0,13.0,272.0
2040300782.0,2040300782001.0,1.0,361.0
2040300782.0,2040300782002.0,2.0,281.0
2040300782.0,2040300782003.0,3.0,416.0
2040300782.0,2040300782004.0,4.0,539.0
2040300782.0,2040300782005.0,5.0,690.0
2040300782.0,2040300782006.0,6.0,452.0
2040300782.0,2040300782007.0,7.0,146.0
2040300782.0,2040300782008.0,8.0,204.0
2040300782.0,2040300782009.0,9.0,516.0
2040400791.0,2040400791001.0,1.0,801.0
2040400791.0,2040400791002.0,2.0,801.0
2040400791.0,2040400791003.0,3.0,9.0
2040400791.0,2040400791004.0,4.0,985.0
2040500795.0,2040500795001.0,1.0,545.0
2040500795.0,2040500795002.0,2.0,243.0
2040500795.0,2040500795003.0,3.0,361.0
2040500795.0,2040500795004.0,4.0,38.0
2040500795.0,2040500795005.0,5.0,870.0
2040500795.0,2040500795006.0,6.0,954.0
2040500795.0,2040500795007.0,7.0,638.0
2040500795.0,2040500795008.0,8.0,658.0
2040500795.0,2040500795009.0,9.0,875.0
2040500795.0,2040500795010.0,10.0,464.0
2040500795.0,2040500795011.0,11.0,474.0
2040500795.0,2040500795012.0,12.0,807.0
2040500795.0,2040500795013.0,13.0,761.0
2040500795.0,2040500795014.0,14.0,72.0
2040500795.0,2040500795015.0,15.0,92.0
2040500795.0,2040500795016.0,16.0,788.0
2050100811.0,2050100811001.0,1.0,334.0
2050100811.0,2050100811002.0,2.0,581.0
2050100811.0,2050100811003.0,3.0,577.0
2050100811.0,2050100811004.0,4.0,430.0
2050100811.0,2050100811005.0,5.0,162.0
2050100811.0,2050100811006.0,6.0,27.0
2050100811.0,2050100811007.0,7.0,843.0
2050100818.0,2050100818001.0,1.0,217.0
2050100818.0,2050100818002.0,2.0,645.0
2050100818.0,2050100818003.0,3.0,760.0
2050100818.0,2050100818004.0,4.0,891.0
2050100818.0,2050100818005.0,5.0,500.0
2050100818.0,2050100818006.0,6.0,305.0
2050100818.0,2050100818007.0,7.0,898.0
2050100818.0,2050100818008.0,8.0,784.0
2050100818.0,2050100818009.0,9.0,290.0
2050100818.0,2050100818010.0,10.0,330.0
2050100818.0,2050100818011.0,11.0,640.0
2050100818.0,2050100818012.0,12.0,100.0
2050100818.0,2050100818013.0,13.0,981.0
2050100818.0,2050100818014.0,14.0,555.0
2050100818.0,2050100818015.0,15.0,876.0
2050100818.0,2050100818016.0,16.0,299.0
2050100818.0,2050100818017.0,17.0,554.0
2050200835.0,2050200835001.0,1.0,440.0
2050200835.0,2050200835002.0,2.0,902.0
2050200835.0,2050200835003.0,3.0,990.0
2050200835.0,2050200835004.0,4.0,811.0
2050300839.0,2050300839001.0,1.0,765.0
2050300839.0,2050300839002.0,2.0,758.0
2050300839.0,2050300839003.0,3.0,8.0
2050300839.0,2050300839004.0,4.0,530.0
2050300839.0,2050300839005.0,5.0,665.0
2050300844.0,2050300844001.0,1.0,4.0
2050300844.0,2050300844002.0,2.0,649.0
2050300844.0,2050300844003.0,3.0,884.0
2050300844.0,2050300844004.0,4.0,782.0
2050300844.0,2050300844005.0,5.0,126.0
2050300844.0,2050300844006.0,6.0,704.0
2050300844.0,2050300844007.0,7.0,26.0
2050300844.0,2050300844008.0,8.0,966.0
2050300844.0,2050300844009.0,9.0,320.0
2050300844.0,2050300844010.0,10.0,864.0
2050300844.0,2050300844011.0,11.0,624.0
2050300844.0,2050300844012.0,12.0,150.0
2050300844.0,2050300844013.0,13.0,550.0
2050300844.0,2050300844014.0,14.0,400.0
2050300844.0,2050300844015.0,15.0,408.0
2050300844.0,2050300844016.0,16.0,767.0
2050300844.0,2050300844017.0,17.0,579.0
2060100861.0,2060100861001.0,1.0,793.0
2060100861.0,2060100861002.0,2.0,904.0
2060100861.0,2060100861003.0,3.0,862.0
2060100861.0,2060100861004.0,4.0,159.0
2060100861.0,2060100861005.0,5.0,544.0
2060100861.0,2060100861006.0,6.0,618.0
2060100861.0,2060100861007.0,7.0,313.0
2060100861.0,2060100861008.0,8.0,628.0
2060100861.0,2060100861009.0,9.0,540.0
2060100861.0,2060100861010.0,10.0,679.0
2060200871.0,2060200871001.0,1.0,186.0
2060200871.0,2060200871002.0,2.0,662.0
2060200871.0,2060200871003.0,3.0,43.0
2060200871.0,2060200871004.0,4.0,969.0
2060200871.0,2060200871005.0,5.0,830.0
2060200871.0,2060200871006.0,6.0,597.0
2060200871.0,2060200871007.0,7.0,730.0
2060200871.0,2060200871008.0,8.0,758.0
2060200871.0,2060200871009.0,9.0,201.0
2060200871.0,2060200871010.0,10.0,140.0
2060200871.0,2060200871011.0,11.0,743.0
2060200871.0,2060200871012.0,12.0,696.0
2060200871.0,2060200871013.0,13.0,662.0
2060200871.0,2060200871014.0,14.0,297.0
2060200871.0,2060200871015.0,15.0,480.0
2060200871.0,2060200871016.0,16.0,873.0
2060200871.0,2060200871017.0,17.0,665.0
2060200888.0,2060200888001.0,1.0,896.0
2060200889.0,2060200889001.0,1.0,786.0
2060200889.0,2060200889002.0,2.0,740.0
2060200889.0,2060200889003.0,3.0,853.0
2060200889.0,2060200889004.0,4.0,189.0
2060200889.0,2060200889005.0,5.0,539.0
2060200889.0,2060200889006.0,6.0,42.0
2060200889.0,2060200889007.0,7.0,449.0
2060200889.0,2060200889008.0,8.0,235.0
2060200889.0,2060200889009.0,9.0,863.0
2060200889.0,2060200889010.0,10.0,705.0
2060200889.0,2060200889011.0,11.0,138.0
2060200900.0,2060200900001.0,1.0,723.0
2060200900.0,2060200900002.0,2.0,450.0
2060200900.0,2060200900003.0,3.0,404.0
2060200900.0,2060200900004.0,4.0,605.0
2060200900.0,2060200900005.0,5.0,271.0
2060200900.0,2060200900006.0,6.0,620.0
2060200900.0,2060200900007.0,7.0,735.0
2060200900.0,2060200900008.0,8.0,978.0
2060200900.0,2060200900009.0,9.0,357.0
2060300909.0,2060300909001.0,1.0,58.0
2060300909.0,2060300909002.0,2.0,671.0
2060300909.0,2060300909003.0,3.0,491.0
2060300909.0,2060300909004.0,4.0,591.0
2060300909.0,2060300909005.0,5.0,697.0
2060300909.0,2060300909006.0,6.0,107.0
2060300909.0,2060300909007.0,7.0,130.0
2060300909.0,2060300909008.0,8.0,400.0
2060300909.0,2060300909009.0,9.0,875.0
2060300909.0,2060300909010.0,10.0,485.0
2060300909.0,2060300909011.0,11.0,641.0
2060300909.0,2060300909012.0,12.0,524.0
2060300909.0,2060300909013.0,13.0,233.0
2060300909.0,2060300909014.0,14.0,198.0
2060300909.0,2060300909015.0,15.0,602.0
2060300909.0,2060300909016.0,16.0,940.0
2060300909.0,2060300909017.0,17.0,327.0
2060300926.0,2060300926001.0,1.0,688.0
2060300926.0,2060300926002.0,2.0,51.0
2060300926.0,2060300926003.0,3.0,220.0
2060300926.0,2060300926004.0,4.0,729.0
2060300926.0,2060300926005.0,5.0,184.0
2060300926.0,2060300926006.0,6.0,154.0
2060300926.0,2060300926007.0,7.0,379.0
2060300926.0,2060300926008.0,8.0,112.0
2060300926.0,2060300926009.0,9.0,342.0
2060300926.0,2060300926010.0,10.0,240.0
2060300926.0,2060300926011.0,11.0,188.0
2060300926.0,2060300926012.0,12.0,966.0
2060300926.0,2060300926013.0,13.0,843.0
2060300926.0,2060300926014.0,14.0,624.0
2060400940.0,2060400940001.0,1.0,67.0
2060400940.0,2060400940002.0,2.0,992.0
2060400940.0,2060400940003.0,3.0,942.0
2060400940.0,2060400940004.0,4.0,762.0
2060400940.0,2060400940005.0,5.0,651.0
2060400940.0,2060400940006.0,6.0,294.0
2060400940.0,2060400940007.0,7.0,245.0
2060400940.0,2060400940008.0,8.0,996.0
2060400948.0,2060400948001.0,1.0,935.0
2060500949.0,2060500949001.0,1.0,143.0
2060500949.0,2060500949002.0,2.0,17.0
2060500949.0,2060500949003.0,3.0,635.0
2060500949.0,2060500949004.0,4.0,210.0
2060500949.0,2060500949005.0,5.0,54.0
2060500949.0,2060500949006.0,6.0,260.0
2060500949.0,2060500949007.0,7.0,653.0
2060500949.0,2060500949008.0,8.0,159.0
2060500949.0,2060500949009.0,9.0,546.0
2060500949.0,2060500949010.0,10.0,216.0
2060500949.0,2060500949011.0,11.0,200.0
2060500949.0,2060500949012.0,12.0,658.0
2060500949.0,2060500949013.0,13.0,484.0
2060500962.0,2060500962001.0,1.0,655.0
2060500962.0,2060500962002.0,2.0,951.0
2060500962.0,2060500962003.0,3.0,278.0
2060500962.0,2060500962004.0,4.0,167.0
2060500962.0,2060500962005.0,5.0,201.0
2060500962.0,2060500962006.0,6.0,450.0
2060500962.0,2060500962007.0,7.0,807.0
2060500962.0,2060500962008.0,8.0,82.0
2060500962.0,2060500962009.0,9.0,770.0
2060600971.0,2060600971001.0,1.0,790.0
2060600971.0,2060600971002.0,2.0,750.0
2060600971.0,2060600971003.0,3.0,73.0
2060600971.0,2060600971004.0,4.0,277.0
2060600971.0,2060600971005.0,5.0,173.0
2060600971.0,2060600971006.0,6.0,571.0
2060700977.0,2060700977001.0,1.0,37.0
2060700977.0,2060700977002.0,2.0,407.0
2060700977.0,2060700977003.0,3.0,113.0
2060700977.0,2060700977004.0,4.0,514.0
2060700977.0,2060700977005.0,5.0,677.0
2060800982.0,2060800982001.0,1.0,543.0
2060800982.0,2060800982002.0,2.0,956.0
2060800982.0,2060800982003.0,3.0,559.0
2060800982.0,2060800982004.0,4.0,791.0
2060800982.0,2060800982005.0,5.0,51.0
2060800982.0,2060800982006.0,6.0,950.0
2060800982.0,2060800982007.0,7.0,921.0
2060800982.0,2060800982008.0,8.0,551.0
2060800982.0,2060800982009.0,9.0,248.0
2060800982.0,2060800982010.0,10.0,422.0
2060800982.0,2060800982011.0,11.0,37.0
2060800982.0,2060800982012.0,12.0,222.0
2060800982.0,2060800982013.0,13.0,1.0
2060800982.0,2060800982014.0,14.0,255.0
2070100996.0,2070100996001.0,1.0,807.0
2070100996.0,2070100996002.0,2.0,584.0
2070100996.0,2070100996003.0,3.0,458.0
2070100996.0,2070100996004.0,4.0,675.0
2070100996.0,2070100996005.0,5.0,141.0
2070100996.0,2070100996006.0,6.0,228.0
2070100996.0,2070100996007.0,7.0,615.0
2070100996.0,2070100996008.0,8.0,749.0
2070100996.0,2070100996009.0,9.0,601.0
2070100996.0,2070100996010.0,10.0,848.0
2070100996.0,2070100996011.0,11.0,43.0
2070100996.0,2070100996012.0,12.0,51.0
2070100996.0,2070100996013.0,13.0,195.0
2070101009.0,2070101009001.0,1.0,808.0
2070101009.0,2070101009002.0,2.0,824.0
2070101009.0,2070101009003.0,3.0,395.0
2070101009.0,2070101009004.0,4.0,748.0
2070101009.0,2070101009005.0,5.0,357.0
2070101009.0,2070101009006.0,6.0,45.0
2070101015.0,2070101015001.0,1.0,468.0
2070101015.0,2070101015002.0,2.0,721.0
2070101015.0,2070101015003.0,3.0,204.0
2070101015.0,2070101015004.0,4.0,7.0
2070101015.0,2070101015005.0,5.0,610.0
2070101020.0,2070101020001.0,1.0,305.0
2070101020.0,2070101020002.0,2.0,308.0
2070101020.0,2070101020003.0,3.0,810.0
2070101020.0,2070101020004.0,4.0,945.0
2070101020.0,2070101020005.0,5.0,213.0
2070101020.0,2070101020006.0,6.0,885.0
2070101020.0,2070101020007.0,7.0,966.0
2070101020.0,2070101020008.0,8.0,291.0
2080101028.0,2080101028001.0,1.0,475.0
2080101028.0,2080101028002.0,2.0,668.0
2080101028.0,2080101028003.0,3.0,61.0
2080101028.0,2080101028004.0,4.0,11.0
2080101028.0,2080101028005.0,5.0,389.0
2080101028.0,2080101028006.0,6.0,83.0
2080101034.0,2080101034001.0,1.0,756.0
2080101034.0,2080101034002.0,2.0,821.0
2080101034.0,2080101034003.0,3.0,347.0
2080201037.0,2080201037001.0,1.0,443.0
2080201037.0,2080201037002.0,2.0,209.0
2080201037.0,2080201037003.0,3.0,115.0
2080201037.0,2080201037004.0,4.0,775.0
2080201037.0,2080201037005.0,5.0,123.0
2080201037.0,2080201037006.0,6.0,367.0
2080201037.0,2080201037007.0,7.0,747.0
2080201037.0,2080201037008.0,8.0,891.0
2080201037.0,2080201037009.0,9.0,737.0
2080201046.0,2080201046001.0,1.0,857.0
2080201046.0,2080201046002.0,2.0,619.0
2080201046.0,2080201046003.0,3.0,128.0
2080201046.0,2080201046004.0,4.0,71.0
2080201046.0,2080201046005.0,5.0,428.0
2080201046.0,2080201046006.0,6.0,396.0
2080201046.0,2080201046007.0,7.0,114.0
2080201046.0,2080201046008.0,8.0,985.0
2080201046.0,2080201046009.0,9.0,603.0
2080201046.0,2080201046010.0,10.0,297.0
2080201046.0,2080201046011.0,11.0,338.0
2080201046.0,2080201046012.0,12.0,180.0
2080201046.0,2080201046013.0,13.0,498.0
2080201046.0,2080201046014.0,14.0,204.0
2080201046.0,2080201046015.0,15.0,417.0
2080201046.0,2080201046016.0,16.0,749.0
2080201046.0,2080201046017.0,17.0,148.0
2080201046.0,2080201046018.0,18.0,456.0
2080201046.0,2080201046019.0,19.0,641.0
2080201046.0,2080201046020.0,20.0,247.0
2080201066.0,2080201066001.0,1.0,649.0
2080201066.0,2080201066002.0,2.0,525.0
2080201066.0,2080201066003.0,3.0,234.0
2080201066.0,2080201066004.0,4.0,660.0
2080301070.0,2080301070001.0,1.0,4.0
2080301070.0,2080301070002.0,2.0,532.0
2080301070.0,2080301070003.0,3.0,731.0
2080301070.0,2080301070004.0,4.0,794.0
2080301070.0,2080301070005.0,5.0,977.0
2080301070.0,2080301070006.0,6.0,121.0
2080301070.0,2080301070007.0,7.0,436.0
2080301070.0,2080301070008.0,8.0,425.0
2080301070.0,2080301070009.0,9.0,667.0
2080301070.0,2080301070010.0,10.0,600.0
2080301070.0,2080301070011.0,11.0,277.0
2080301070.0,2080301070012.0,12.0,71.0
2080301070.0,2080301070013.0,13.0,782.0
2080301070.0,2080301070014.0,14.0,104.0
2080301070.0,2080301070015.0,15.0,776.0
2080301070.0,2080301070016.0,16.0,544.0
2080301086.0,2080301086001.0,1.0,842.0
2080301086.0,2080301086002.0,2.0,353.0
2080301086.0,2080301086003.0,3.0,283.0
2080301089.0,2080301089001.0,1.0,581.0
2080301089.0,2080301089002.0,2.0,204.0
2080301089.0,2080301089003.0,3.0,857.0
2080301089.0,2080301089004.0,4.0,311.0
2080301089.0,2080301089005.0,5.0,965.0
2080301089.0,2080301089006.0,6.0,542.0
2080301089.0,2080301089007.0,7.0,363.0
2080301089.0,2080301089008.0,8.0,403.0
2080301089.0,2080301089009.0,9.0,104.0
2080301089.0,2080301089010.0,10.0,659.0
2080301089.0,2080301089011.0,11.0,655.0
2080301089.0,2080301089012.0,12.0,114.0
2080301089.0,2080301089013.0,13.0,428.0
2080301089.0,2080301089014.0,14.0,639.0
2080401103.0,2080401103001.0,1.0,189.0
2080401103.0,2080401103002.0,2.0,24.0
2080401103.0,2080401103003.0,3.0,169.0
2080401103.0,2080401103004.0,4.0,967.0
2080401107.0,2080401107001.0,1.0,628.0
2080501108.0,2080501108001.0,1.0,112.0
2080501108.0,2080501108002.0,2.0,967.0
2080501108.0,2080501108003.0,3.0,974.0
2080501108.0,2080501108004.0,4.0,291.0
2080501108.0,2080501108005.0,5.0,440.0
2080501108.0,2080501108006.0,6.0,903.0
2080501108.0,2080501108007.0,7.0,686.0
2080501108.0,2080501108008.0,8.0,794.0
2080501108.0,2080501108009.0,9.0,931.0
2080501108.0,2080501108010.0,10.0,225.0
2080501108.0,2080501108011.0,11.0,66.0
2080501108.0,2080501108012.0,12.0,512.0
2080501108.0,2080501108013.0,13.0,832.0
2080501108.0,2080501108014.0,14.0,41.0
2080501108.0,2080501108015.0,15.0,300.0
2080501108.0,2080501108016.0,16.0,863.0
2080501108.0,2080501108017.0,17.0,797.0
2080501108.0,2080501108018.0,18.0,250.0
2080501126.0,2080501126001.0,1.0,236.0
2080501126.0,2080501126002.0,2.0,143.0
2080501128.0,2080501128001.0,1.0,153.0
2080501128.0,2080501128002.0,2.0,94.0
2080501128.0,2080501128003.0,3.0,246.0
2080501128.0,2080501128004.0,4.0,264.0
2080501128.0,2080501128005.0,5.0,167.0
2080501128.0,2080501128006.0,6.0,156.0
2080501128.0,2080501128007.0,7.0,116.0
2080501128.0,2080501128008.0,8.0,470.0
2080501136.0,2080501136001.0,1.0,750.0
2080501136.0,2080501136002.0,2.0,5.0
2080501136.0,2080501136003.0,3.0,616.0
2080501136.0,2080501136004.0,4.0,674.0
2080501136.0,2080501136005.0,5.0,635.0
2080501136.0,2080501136006.0,6.0,372.0
2080501136.0,2080501136007.0,7.0,155.0
2080501136.0,2080501136008.0,8.0,61.0
2080501136.0,2080501136009.0,9.0,825.0
2080501136.0,2080501136010.0,10.0,163.0
2080501136.0,2080501136011.0,11.0,56.0
2080501136.0,2080501136012.0,12.0,640.0
2080501136.0,2080501136013.0,13.0,178.0
2080601149.0,2080601149001.0,1.0,498.0
2080601149.0,2080601149002.0,2.0,431.0
2080601149.0,2080601149003.0,3.0,64.0
2080601149.0,2080601149004.0,4.0,584.0
2080601149.0,2080601149005.0,5.0,15.0
2080601149.0,2080601149006.0,6.0,213.0
2080601149.0,2080601149007.0,7.0,508.0
2080601149.0,2080601149008.0,8.0,142.0
2080601149.0,2080601149009.0,9.0,979.0
2080601149.0,2080601149010.0,10.0,693.0
2080601149.0,2080601149011.0,11.0,870.0
2080601149.0,2080601149012.0,12.0,958.0
2080601149.0,2080601149013.0,13.0,569.0
2080601149.0,2080601149014.0,14.0,598.0
2080601149.0,2080601149015.0,15.0,321.0
2080601149.0,2080601149016.0,16.0,142.0
2080601149.0,2080601149017.0,17.0,165.0
2080601149.0,2080601149018.0,18.0,996.0
2080601149.0,2080601149019.0,19.0,682.0
2080601149.0,2080601149020.0,20.0,45.0
2080701169.0,2080701169001.0,1.0,630.0
2080701169.0,2080701169002.0,2.0,963.0
2080701169.0,2080701169003.0,3.0,910.0
2080701169.0,2080701169004.0,4.0,765.0
2080701169.0,2080701169005.0,5.0,595.0
2080701169.0,2080701169006.0,6.0,702.0
2080701175.0,2080701175001.0,1.0,541.0
2080701175.0,2080701175002.0,2.0,382.0
2080701175.0,2080701175003.0,3.0,238.0
2090101178.0,2090101178001.0,1.0,219.0
2090101178.0,2090101178002.0,2.0,864.0
2090101180.0,2090101180001.0,1.0,533.0
2090101180.0,2090101180002.0,2.0,634.0
2090101180.0,2090101180003.0,3.0,74.0
2090101180.0,2090101180004.0,4.0,697.0
2090101180.0,2090101180005.0,5.0,524.0
2090101180.0,2090101180006.0,6.0,738.0
2090101180.0,2090101180007.0,7.0,914.0
2090101180.0,2090101180008.0,8.0,811.0
2090101188.0,2090101188001.0,1.0,55.0
2090101188.0,2090101188002.0,2.0,534.0
2090101188.0,2090101188003.0,3.0,451.0
2090101188.0,2090101188004.0,4.0,551.0
2090101188.0,2090101188005.0,5.0,317.0
2090301193.0,2090301193001.0,1.0,297.0
2090301193.0,2090301193002.0,2.0,226.0
2090301193.0,2090301193003.0,3.0,434.0
2090301193.0,2090301193004.0,4.0,714.0
2090301193.0,2090301193005.0,5.0,924.0
2090301193.0,2090301193006.0,6.0,976.0
2090301193.0,2090301193007.0,7.0,23.0
2090301193.0,2090301193008.0,8.0,330.0
2090301193.0,2090301193009.0,9.0,876.0
2090501202.0,2090501202001.0,1.0,976.0
2090501202.0,2090501202002.0,2.0,985.0
2090501202.0,2090501202003.0,3.0,179.0
2090501202.0,2090501202004.0,4.0,827.0
2090501202.0,2090501202005.0,5.0,629.0
2090501202.0,2090501202006.0,6.0,635.0
2090501202.0,2090501202007.0,7.0,973.0
2090501202.0,2090501202008.0,8.0,731.0
2090501202.0,2090501202009.0,9.0,106.0
2090501202.0,2090501202010.0,10.0,60.0
2090501202.0,2090501202011.0,11.0,212.0
2100101213.0,2100101213001.0,1.0,81.0
2100101213.0,2100101213002.0,2.0,392.0
2100101213.0,2100101213003.0,3.0,147.0
2100101213.0,2100101213004.0,4.0,530.0
2100101213.0,2100101213005.0,5.0,865.0
2100101213.0,2100101213006.0,6.0,828.0
2100101213.0,2100101213007.0,7.0,527.0
2100101220.0,2100101220001.0,1.0,340.0
2100101220.0,2100101220002.0,2.0,124.0
2100101220.0,2100101220003.0,3.0,894.0
2100101220.0,2100101220004.0,4.0,791.0
2100101220.0,2100101220005.0,5.0,48.0
2100101220.0,2100101220006.0,6.0,930.0
2100101220.0,2100101220007.0,7.0,24.0
2100101220.0,2100101220008.0,8.0,149.0
2100101220.0,2100101220009.0,9.0,55.0
2100101220.0,2100101220010.0,10.0,395.0
2100101220.0,2100101220011.0,11.0,103.0
2100101220.0,2100101220012.0,12.0,588.0
2100101220.0,2100101220013.0,13.0,16.0
2100101220.0,2100101220014.0,14.0,159.0
2100101220.0,2100101220015.0,15.0,583.0
2100101220.0,2100101220016.0,16.0,883.0
2100101220.0,2100101220017.0,17.0,448.0
2100101220.0,2100101220018.0,18.0,592.0
2100101220.0,2100101220019.0,19.0,331.0
2100101220.0,2100101220020.0,20.0,605.0
2100201240.0,2100201240001.0,1.0,715.0
2100201240.0,2100201240002.0,2.0,730.0
2100201240.0,2100201240003.0,3.0,754.0
2100201240.0,2100201240004.0,4.0,260.0
2100201240.0,2100201240005.0,5.0,498.0
2100201240.0,2100201240006.0,6.0,687.0
2100201240.0,2100201240007.0,7.0,750.0
2100201240.0,2100201240008.0,8.0,782.0
2100201240.0,2100201240009.0,9.0,738.0
2100201240.0,2100201240010.0,10.0,59.0
2100201240.0,2100201240011.0,11.0,642.0
2100201240.0,2100201240012.0,12.0,199.0
2100201240.0,2100201240013.0,13.0,135.0
2100201253.0,2100201253001.0,1.0,195.0
2100201253.0,2100201253002.0,2.0,121.0
2100201253.0,2100201253003.0,3.0,40.0
2100201253.0,2100201253004.0,4.0,746.0
2100201253.0,2100201253005.0,5.0,26.0
2100201253.0,2100201253006.0,6.0,835.0
2100201253.0,2100201253007.0,7.0,957.0
2100201253.0,2100201253008.0,8.0,756.0
2100201253.0,2100201253009.0,9.0,150.0
2100201253.0,2100201253010.0,10.0,975.0
2100201253.0,2100201253011.0,11.0,241.0
2100201253.0,2100201253012.0,12.0,773.0
2100201253.0,2100201253013.0,13.0,67.0
2100201253.0,2100201253014.0,14.0,377.0
2100201253.0,2100201253015.0,15.0,168.0
2100201253.0,2100201253016.0,16.0,926.0
2100201253.0,2100201253017.0,17.0,612.0
2100201253.0,2100201253018.0,18.0,35.0
2100201253.0,2100201253019.0,19.0,251.0
2100301272.0,2100301272001.0,1.0,727.0
2100301272.0,2100301272002.0,2.0,706.0
2100301272.0,2100301272003.0,3.0,507.0
2100301272.0,2100301272004.0,4.0,102.0
2100301272.0,2100301272005.0,5.0,319.0
2100301272.0,2100301272006.0,6.0,433.0
2100301272.0,2100301272007.0,7.0,808.0
2100301272.0,2100301272008.0,8.0,477.0
2100301272.0,2100301272009.0,9.0,537.0
2100301272.0,2100301272010.0,10.0,823.0
2100301272.0,2100301272011.0,11.0,968.0
2100301272.0,2100301272012.0,12.0,350.0
2100301272.0,2100301272013.0,13.0,714.0
2100301272.0,2100301272014.0,14.0,7.0
2100301272.0,2100301272015.0,15.0,172.0
2100301272.0,2100301272016.0,16.0,343.0
2100301272.0,2100301272017.0,17.0,87.0
2100301272.0,2100301272018.0,18.0,749.0
2100301272.0,2100301272019.0,19.0,712.0
2100501291.0,2100501291001.0,1.0,448.0
2100501291.0,2100501291002.0,2.0,569.0
2100501291.0,2100501291003.0,3.0,288.0
2100501291.0,2100501291004.0,4.0,157.0
2100501291.0,2100501291005.0,5.0,262.0
2100501291.0,2100501291006.0,6.0,428.0
2100501291.0,2100501291007.0,7.0,976.0
2100501291.0,2100501291008.0,8.0,484.0
2100501291.0,2100501291009.0,9.0,400.0
2100601300.0,2100601300001.0,1.0,688.0
2100601300.0,2100601300002.0,2.0,624.0
2100601300.0,2100601300003.0,3.0,199.0
2100601300.0,2100601300004.0,4.0,98.0
2100601300.0,2100601300005.0,5.0,140.0
2100601300.0,2100601300006.0,6.0,443.0
2100601300.0,2100601300007.0,7.0,595.0
2100601300.0,2100601300008.0,8.0,678.0
2100601308.0,2100601308001.0,1.0,585.0
2100601308.0,2100601308002.0,2.0,824.0
2100601308.0,2100601308003.0,3.0,676.0
2100601308.0,2100601308004.0,4.0,751.0
2100601308.0,2100601308005.0,5.0,785.0
2100601308.0,2100601308006.0,6.0,744.0
2100601308.0,2100601308007.0,7.0,849.0
2100601308.0,2100601308008.0,8.0,436.0
2100601308.0,2100601308009.0,9.0,189.0
2100601308.0,2100601308010.0,10.0,132.0
2110101318.0,2110101318001.0,1.0,849.0
2110101318.0,2110101318002.0,2.0,258.0
2110101318.0,2110101318003.0,3.0,998.0
2110101318.0,2110101318004.0,4.0,571.0
2110101318.0,2110101318005.0,5.0,694.0
2110101318.0,2110101318006.0,6.0,543.0
2110101318.0,2110101318007.0,7.0,893.0
2110101318.0,2110101318008.0,8.0,15.0
2110101318.0,2110101318009.0,9.0,362.0
2110101318.0,2110101318010.0,10.0,484.0
2110101318.0,2110101318011.0,11.0,748.0
2110101318.0,2110101318012.0,12.0,956.0
2110101318.0,2110101318013.0,13.0,991.0
2110101318.0,2110101318014.0,14.0,324.0
2110101332.0,2110101332001.0,1.0,359.0
2110101332.0,2110101332002.0,2.0,573.0
2110101332.0,2110101332003.0,3.0,340.0
2110101332.0,2110101332004.0,4.0,526.0
2110101332.0,2110101332005.0,5.0,189.0
2110101332.0,2110101332006.0,6.0,317.0
2110101332.0,2110101332007.0,7.0,409.0
2110101332.0,2110101332008.0,8.0,715.0
2110101332.0,2110101332009.0,9.0,512.0
2110101332.0,2110101332010.0,10.0,868.0
2110101332.0,2110101332011.0,11.0,531.0
2110101332.0,2110101332012.0,12.0,810.0
2110101332.0,2110101332013.0,13.0,123.0
2110101332.0,2110101332014.0,14.0,269.0
2110101332.0,2110101332015.0,15.0,73.0
2110201347.0,2110201347001.0,1.0,982.0
2110201347.0,2110201347002.0,2.0,315.0
2110201347.0,2110201347003.0,3.0,959.0
2110201347.0,2110201347004.0,4.0,258.0
2110201347.0,2110201347005.0,5.0,221.0
2110201347.0,2110201347006.0,6.0,939.0
2110301353.0,2110301353001.0,1.0,746.0
2110301353.0,2110301353002.0,2.0,92.0
2110301353.0,2110301353003.0,3.0,841.0
2110301353.0,2110301353004.0,4.0,407.0
2110301353.0,2110301353005.0,5.0,950.0
2110301353.0,2110301353006.0,6.0,662.0
2110301353.0,2110301353007.0,7.0,296.0
2110301353.0,2110301353008.0,8.0,736.0
2110301353.0,2110301353009.0,9.0,969.0
2110301353.0,2110301353010.0,10.0,768.0
2110301363.0,2110301363001.0,1.0,989.0
2110301363.0,2110301363002.0,2.0,301.0
2110301363.0,2110301363003.0,3.0,344.0
2110301363.0,2110301363004.0,4.0,740.0
2110301363.0,2110301363005.0,5.0,946.0
2110301363.0,2110301363006.0,6.0,589.0
2110301363.0,2110301363007.0,7.0,255.0
2110301363.0,2110301363008.0,8.0,486.0
2110301363.0,2110301363009.0,9.0,689.0
2110301363.0,2110301363010.0,10.0,415.0
2110401373.0,2110401373001.0,1.0,886.0
2110401373.0,2110401373002.0,2.0,628.0
2110401373.0,2110401373003.0,3.0,169.0
2110401373.0,2110401373004.0,4.0,519.0
2110401373.0,2110401373005.0,5.0,948.0
2110401373.0,2110401373006.0,6.0,122.0
2110401373.0,2110401373007.0,7.0,66.0
2110401373.0,2110401373008.0,8.0,256.0
2110401381.0,2110401381001.0,1.0,988.0
2110401381.0,2110401381002.0,2.0,177.0
2110401381.0,2110401381003.0,3.0,52.0
2110501384.0,2110501384001.0,1.0,436.0
2110501384.0,2110501384002.0,2.0,603.0
2110501384.0,2110501384003.0,3.0,813.0
2120101387.0,2120101387001.0,1.0,108.0
2120101387.0,2120101387002.0,2.0,139.0
2120101387.0,2120101387003.0,3.0,365.0
2120101387.0,2120101387004.0,4.0,104.0
2120101387.0,2120101387005.0,5.0,668.0
2120101387.0,2120101387006.0,6.0,692.0
2120101387.0,2120101387007.0,7.0,948.0
2120101387.0,2120101387008.0,8.0,876.0
2120101387.0,2120101387009.0,9.0,512.0
2120101387.0,2120101387010.0,10.0,54.0
2120101387.0,2120101387011.0,11.0,241.0
2120101387.0,2120101387012.0,12.0,197.0
2120101399.0,2120101399001.0,1.0,210.0
2120101399.0,2120101399002.0,2.0,619.0
2120301401.0,2120301401001.0,1.0,672.0
2120301401.0,2120301401002.0,2.0,68.0
2120301401.0,2120301401003.0,3.0,993.0
2120301401.0,2120301401004.0,4.0,136.0
2120301401.0,2120301401005.0,5.0,885.0
2120301401.0,2120301401006.0,6.0,254.0
2120301401.0,2120301401007.0,7.0,343.0
2120301401.0,2120301401008.0,8.0,91.0
2120301401.0,2120301401009.0,9.0,546.0
2120301401.0,2120301401010.0,10.0,442.0
2120301401.0,2120301401011.0,11.0,172.0
2120301401.0,2120301401012.0,12.0,759.0
2120301401.0,2120301401013.0,13.0,792.0
2120301401.0,2120301401014.0,14.0,351.0
2120301401.0,2120301401015.0,15.0,727.0
2120301401.0,2120301401016.0,16.0,973.0
2120301417.0,2120301417001.0,1.0,483.0
2120401418.0,2120401418001.0,1.0,187.0
2120401418.0,2120401418002.0,2.0,141.0
2120401418.0,2120401418003.0,3.0,213.0
2120401418.0,2120401418004.0,4.0,773.0
2120401418.0,2120401418005.0,5.0,846.0
2120401418.0,2120401418006.0,6.0,830.0
2120401418.0,2120401418007.0,7.0,889.0
2120401418.0,2120401418008.0,8.0,351.0
2120401418.0,2120401418009.0,9.0,365.0
2120401418.0,2120401418010.0,10.0,185.0
2120401418.0,2120401418011.0,11.0,210.0
2120401418.0,2120401418012.0,12.0,566.0
2120401418.0,2120401418013.0,13.0,796.0
2120401418.0,2120401418014.0,14.0,873.0
2120401418.0,2120401418015.0,15.0,119.0
2120401418.0,2120401418016.0,16.0,942.0
2120401418.0,2120401418017.0,17.0,906.0
2130101435.0,2130101435001.0,1.0,395.0
2130101435.0,2130101435002.0,2.0,788.0
2130101435.0,2130101435003.0,3.0,522.0
2130101435.0,2130101435004.0,4.0,189.0
2130101435.0,2130101435005.0,5.0,760.0
2130101435.0,2130101435006.0,6.0,348.0
2130101435.0,2130101435007.0,7.0,226.0
2130101435.0,2130101435008.0,8.0,241.0
2130201443.0,2130201443001.0,1.0,114.0
2130301444.0,2130301444001.0,1.0,247.0
2130301444.0,2130301444002.0,2.0,888.0
2130301444.0,2130301444003.0,3.0,434.0
2130301444.0,2130301444004.0,4.0,291.0
2130301444.0,2130301444005.0,5.0,825.0
2130301444.0,2130301444006.0,6.0,114.0
2130301444.0,2130301444007.0,7.0,919.0
2130301444.0,2130301444008.0,8.0,620.0
2130301444.0,2130301444009.0,9.0,965.0
2130301444.0,2130301444010.0,10.0,254.0
2130301444.0,2130301444011.0,11.0,991.0
2130301444.0,2130301444012.0,12.0,994.0
2130301444.0,2130301444013.0,13.0,129.0
2130301444.0,2130301444014.0,14.0,947.0
2130401458.0,2130401458001.0,1.0,623.0
2130401458.0,2130401458002.0,2.0,477.0
2130401458.0,2130401458003.0,3.0,645.0
2130401458.0,2130401458004.0,4.0,879.0
2130401462.0,2130401462001.0,1.0,770.0
2130401462.0,2130401462002.0,2.0,503.0
2130401462.0,2130401462003.0,3.0,526.0
2130401462.0,2130401462004.0,4.0,377.0
2130401462.0,2130401462005.0,5.0,844.0
2130401462.0,2130401462006.0,6.0,397.0
2130401462.0,2130401462007.0,7.0,18.0
2130401462.0,2130401462008.0,8.0,251.0
2130401462.0,2130401462009.0,9.0,268.0
2130401462.0,2130401462010.0,10.0,141.0
2130401462.0,2130401462011.0,11.0,247.0
2130401462.0,2130401462012.0,12.0,421.0
2130401462.0,2130401462013.0,13.0,328.0
2130401462.0,2130401462014.0,14.0,602.0
2130401462.0,2130401462015.0,15.0,808.0
2130401462.0,2130401462016.0,16.0,569.0
2130401462.0,2130401462017.0,17.0,278.0
2130401462.0,2130401462018.0,18.0,396.0
2140101480.0,2140101480001.0,1.0,815.0
2140101480.0,2140101480002.0,2.0,785.0
2140101480.0,2140101480003.0,3.0,636.0
2140101480.0,2140101480004.0,4.0,557.0
2140101480.0,2140101480005.0,5.0,957.0
2140101480.0,2140101480006.0,6.0,901.0
2140101480.0,2140101480007.0,7.0,390.0
2140101480.0,2140101480008.0,8.0,967.0
2140101480.0,2140101480009.0,9.0,735.0
2140101480.0,2140101480010.0,10.0,517.0
2140101480.0,2140101480011.0,11.0,384.0
2140101480.0,2140101480012.0,12.0,294.0
2140101480.0,2140101480013.0,13.0,245.0
2140101480.0,2140101480014.0,14.0,219.0
2140101480.0,2140101480015.0,15.0,50.0
2140101480.0,2140101480016.0,16.0,578.0
2140101480.0,2140101480017.0,17.0,222.0
2140101480.0,2140101480018.0,18.0,837.0
2140101480.0,2140101480019.0,19.0,878.0
2140101499.0,2140101499001.0,1.0,560.0
2140101499.0,2140101499002.0,2.0,139.0
2140101499.0,2140101499003.0,3.0,609.0
2140101499.0,2140101499004.0,4.0,961.0
2140101499.0,2140101499005.0,5.0,617.0
2140101499.0,2140101499006.0,6.0,140.0
2140101499.0,2140101499007.0,7.0,218.0
2140101499.0,2140101499008.0,8.0,340.0
2140201507.0,2140201507001.0,1.0,630.0
2140201507.0,2140201507002.0,2.0,827.0
2140201507.0,2140201507003.0,3.0,764.0
2140201507.0,2140201507004.0,4.0,480.0
2140201511.0,2140201511001.0,1.0,323.0
2140201511.0,2140201511002.0,2.0,519.0
2140201511.0,2140201511003.0,3.0,575.0
2140201511.0,2140201511004.0,4.0,412.0
2140201511.0,2140201511005.0,5.0,622.0
2140201511.0,2140201511006.0,6.0,45.0
2140201511.0,2140201511007.0,7.0,452.0
2140201511.0,2140201511008.0,8.0,424.0
2140201511.0,2140201511009.0,9.0,222.0
2140201511.0,2140201511010.0,10.0,340.0
2140201511.0,2140201511011.0,11.0,477.0
2140201511.0,2140201511012.0,12.0,734.0
2140201511.0,2140201511013.0,13.0,914.0
2140201511.0,2140201511014.0,14.0,282.0
2140201511.0,2140201511015.0,15.0,456.0
2140201511.0,2140201511016.0,16.0,615.0
2140201511.0,2140201511017.0,17.0,96.0
2150101528.0,2150101528001.0,1.0,289.0
2150101528.0,2150101528002.0,2.0,722.0
2150101528.0,2150101528003.0,3.0,657.0
2150101528.0,2150101528004.0,4.0,648.0
2150101528.0,2150101528005.0,5.0,852.0
2150101528.0,2150101528006.0,6.0,531.0
2150101528.0,2150101528007.0,7.0,46.0
2150101528.0,2150101528008.0,8.0,11.0
2150101528.0,2150101528009.0,9.0,146.0
2150101528.0,2150101528010.0,10.0,365.0
2150101528.0,2150101528011.0,11.0,114.0
2150101528.0,2150101528012.0,12.0,13.0
2150101528.0,2150101528013.0,13.0,522.0
2150101528.0,2150101528014.0,14.0,599.0
2150101528.0,2150101528015.0,15.0,482.0
2150101528.0,2150101528016.0,16.0,57.0
2150101544.0,2150101544001.0,1.0,868.0
2150101544.0,2150101544002.0,2.0,554.0
2150101544.0,2150101544003.0,3.0,844.0
2150101544.0,2150101544004.0,4.0,434.0
2150101544.0,2150101544005.0,5.0,51.0
2150101544.0,2150101544006.0,6.0,881.0
2150101544.0,2150101544007.0,7.0,932.0
2150101544.0,2150101544008.0,8.0,596.0
2150101544.0,2150101544009.0,9.0,848.0
2150101544.0,2150101544010.0,10.0,755.0
2150101544.0,2150101544011.0,11.0,977.0
2150101544.0,2150101544012.0,12.0,518.0
2150101544.0,2150101544013.0,13.0,280.0
2150101544.0,2150101544014.0,14.0,776.0
2150101558.0,2150101558001.0,1.0,609.0
2150101558.0,2150101558002.0,2.0,494.0
2150101558.0,2150101558003.0,3.0,465.0
2150101558.0,2150101558004.0,4.0,443.0
2150101558.0,2150101558005.0,5.0,532.0
2150101558.0,2150101558006.0,6.0,796.0
2150101558.0,2150101558007.0,7.0,751.0
2150201565.0,2150201565001.0,1.0,641.0
2150201565.0,2150201565002.0,2.0,738.0
2150201565.0,2150201565003.0,3.0,488.0
2150201565.0,2150201565004.0,4.0,382.0
2150201565.0,2150201565005.0,5.0,551.0
2150201565.0,2150201565006.0,6.0,143.0
2150201565.0,2150201565007.0,7.0,12.0
2150201565.0,2150201565008.0,8.0,585.0
2150201565.0,2150201565009.0,9.0,606.0
2150201565.0,2150201565010.0,10.0,391.0
2150201575.0,2150201575001.0,1.0,558.0
2160101576.0,2160101576001.0,1.0,865.0
2160101577.0,2160101577001.0,1.0,122.0
2160101577.0,2160101577002.0,2.0,788.0
2160101577.0,2160101577003.0,3.0,727.0
2160101577.0,2160101577004.0,4.0,262.0
2160101577.0,2160101577005.0,5.0,148.0
2160101577.0,2160101577006.0,6.0,391.0
2160101577.0,2160101577007.0,7.0,332.0
2160101577.0,2160101577008.0,8.0,670.0
2160101577.0,2160101577009.0,9.0,480.0
2160101577.0,2160101577010.0,10.0,541.0
2160101577.0,2160101577011.0,11.0,566.0
2160101577.0,2160101577012.0,12.0,857.0
2160101577.0,2160101577013.0,13.0,30.0
2160101577.0,2160101577014.0,14.0,456.0
2160101577.0,2160101577015.0,15.0,986.0
2160101577.0,2160101577016.0,16.0,80.0
2160101577.0,2160101577017.0,17.0,42.0
2160101577.0,2160101577018.0,18.0,282.0
2160101577.0,2160101577019.0,19.0,325.0
2160101577.0,2160101577020.0,20.0,839.0
2160101597.0,2160101597001.0,1.0,839.0
2160101597.0,2160101597002.0,2.0,626.0
2160101597.0,2160101597003.0,3.0,743.0
2160101597.0,2160101597004.0,4.0,892.0
2160101597.0,2160101597005.0,5.0,926.0
2160101597.0,2160101597006.0,6.0,77.0
2160101597.0,2160101597007.0,7.0,798.0
2160101597.0,2160101597008.0,8.0,274.0
2160101597.0,2160101597009.0,9.0,254.0
2160101597.0,2160101597010.0,10.0,587.0
2160101597.0,2160101597011.0,11.0,327.0
2160101597.0,2160101597012.0,12.0,920.0
2160101597.0,2160101597013.0,13.0,14.0
2160101597.0,2160101597014.0,14.0,376.0
2160101597.0,2160101597015.0,15.0,151.0
2160101597.0,2160101597016.0,16.0,697.0
2160101597.0,2160101597017.0,17.0,902.0
2160101597.0,2160101597018.0,18.0,341.0
2160101597.0,2160101597019.0,19.0,902.0
2160101597.0,2160101597020.0,20.0,51.0
2160101617.0,2160101617001.0,1.0,738.0
2160101617.0,2160101617002.0,2.0,555.0
2160101617.0,2160101617003.0,3.0,212.0
2160101617.0,2160101617004.0,4.0,508.0
2160101617.0,2160101617005.0,5.0,670.0
2160101617.0,2160101617006.0,6.0,678.0
2160101617.0,2160101617007.0,7.0,864.0
2160201624.0,2160201624001.0,1.0,737.0
2160201624.0,2160201624002.0,2.0,973.0
2160201624.0,2160201624003.0,3.0,865.0
2160201624.0,2160201624004.0,4.0,535.0
2160201624.0,2160201624005.0,5.0,888.0
2160201624.0,2160201624006.0,6.0,687.0
2170201630.0,2170201630001.0,1.0,967.0
2170201630.0,2170201630002.0,2.0,204.0
2170201630.0,2170201630003.0,3.0,753.0
2170201630.0,2170201630004.0,4.0,860.0
2170201630.0,2170201630005.0,5.0,597.0
2170201630.0,2170201630006.0,6.0,503.0
2170201630.0,2170201630007.0,7.0,697.0
2170201630.0,2170201630008.0,8.0,574.0
2170201630.0,2170201630009.0,9.0,853.0
2170201630.0,2170201630010.0,10.0,65.0
2170201630.0,2170201630011.0,11.0,708.0
2170201630.0,2170201630012.0,12.0,811.0
2170201630.0,2170201630013.0,13.0,684.0
2170201630.0,2170201630014.0,14.0,648.0
2170201630.0,2170201630015.0,15.0,820.0
2170301645.0,2170301645001.0,1.0,737.0
2170301645.0,2170301645002.0,2.0,808.0
2170301645.0,2170301645003.0,3.0,846.0
2170301645.0,2170301645004.0,4.0,274.0
2170301645.0,2170301645005.0,5.0,868.0
2170301645.0,2170301645006.0,6.0,326.0
2170301645.0,2170301645007.0,7.0,909.0
2170301645.0,2170301645008.0,8.0,286.0
2170301645.0,2170301645009.0,9.0,230.0
2170301645.0,2170301645010.0,10.0,350.0
2170301645.0,2170301645011.0,11.0,861.0
2170301645.0,2170301645012.0,12.0,992.0
2170301645.0,2170301645013.0,13.0,787.0
2170301645.0,2170301645014.0,14.0,508.0
2170301659.0,2170301659001.0,1.0,666.0
2170301659.0,2170301659002.0,2.0,919.0
2170301659.0,2170301659003.0,3.0,117.0
2170301659.0,2170301659004.0,4.0,253.0
2170301659.0,2170301659005.0,5.0,815.0
2170301659.0,2170301659006.0,6.0,846.0
2170301659.0,2170301659007.0,7.0,763.0
2170301659.0,2170301659008.0,8.0,462.0
2170301659.0,2170301659009.0,9.0,29.0
2170301659.0,2170301659010.0,10.0,245.0
2170301659.0,2170301659011.0,11.0,427.0
2170301659.0,2170301659012.0,12.0,447.0
2170301659.0,2170301659013.0,13.0,231.0
2170301659.0,2170301659014.0,14.0,392.0
2170301659.0,2170301659015.0,15.0,566.0
2170301659.0,2170301659016.0,16.0,626.0
2170301659.0,2170301659017.0,17.0,179.0
2170301659.0,2170301659018.0,18.0,893.0
2170301659.0,2170301659019.0,19.0,599.0
2170301659.0,2170301659020.0,20.0,152.0
2180101679.0,2180101679001.0,1.0,493.0
2180101679.0,2180101679002.0,2.0,982.0
2180101679.0,2180101679003.0,3.0,279.0
2180101682.0,2180101682001.0,1.0,620.0
2180101682.0,2180101682002.0,2.0,325.0
2180101682.0,2180101682003.0,3.0,434.0
2180201685.0,2180201685001.0,1.0,953.0
2180201685.0,2180201685002.0,2.0,355.0
2180301687.0,2180301687001.0,1.0,24.0
2180301687.0,2180301687002.0,2.0,489.0
2180301687.0,2180301687003.0,3.0,835.0
2180301687.0,2180301687004.0,4.0,453.0
2180301687.0,2180301687005.0,5.0,93.0
2180301687.0,2180301687006.0,6.0,237.0
2180301687.0,2180301687007.0,7.0,599.0
2180301687.0,2180301687008.0,8.0,261.0
2180301687.0,2180301687009.0,9.0,254.0
2180301687.0,2180301687010.0,10.0,505.0
2180301687.0,2180301687011.0,11.0,136.0
2180301687.0,2180301687012.0,12.0,3.0
2180301687.0,2180301687013.0,13.0,244.0
2180301687.0,2180301687014.0,14.0,267.0
2180301687.0,2180301687015.0,15.0,785.0
2180301687.0,2180301687016.0,16.0,763.0
2180301687.0,2180301687017.0,17.0,942.0
2180301687.0,2180301687018.0,18.0,913.0
2190201705.0,2190201705001.0,1.0,619.0
2190201705.0,2190201705002.0,2.0,513.0
2190201705.0,2190201705003.0,3.0,261.0
2190201705.0,2190201705004.0,4.0,240.0
2190201705.0,2190201705005.0,5.0,615.0
2190201705.0,2190201705006.0,6.0,904.0
2190201705.0,2190201705007.0,7.0,139.0
2190201705.0,2190201705008.0,8.0,21.0
2190201705.0,2190201705009.0,9.0,643.0
2190201705.0,2190201705010.0,10.0,447.0
2190201705.0,2190201705011.0,11.0,52.0
2190201705.0,2190201705012.0,12.0,741.0
2200201717.0,2200201717001.0,1.0,12.0
2200201717.0,2200201717002.0,2.0,341.0
2200201717.0,2200201717003.0,3.0,591.0
2200201717.0,2200201717004.0,4.0,907.0
2200201717.0,2200201717005.0,5.0,340.0
2200201717.0,2200201717006.0,6.0,912.0
2200201717.0,2200201717007.0,7.0,715.0
2200201717.0,2200201717008.0,8.0,966.0
2200201717.0,2200201717009.0,9.0,766.0
2200201717.0,2200201717010.0,10.0,497.0
2200201717.0,2200201717011.0,11.0,456.0
2200201728.0,2200201728001.0,1.0,951.0
2200201728.0,2200201728002.0,2.0,328.0
2200201728.0,2200201728003.0,3.0,737.0
2200201731.0,2200201731001.0,1.0,368.0
2200201731.0,2200201731002.0,2.0,832.0
2200201731.0,2200201731003.0,3.0,14.0
2200201731.0,2200201731004.0,4.0,345.0
2200201731.0,2200201731005.0,5.0,567.0
2200201731.0,2200201731006.0,6.0,761.0
2200201731.0,2200201731007.0,7.0,60.0
2200201731.0,2200201731008.0,8.0,313.0
2200201731.0,2200201731009.0,9.0,151.0
2200201731.0,2200201731010.0,10.0,139.0
2200201731.0,2200201731011.0,11.0,334.0
2200201731.0,2200201731012.0,12.0,533.0
2200201731.0,2200201731013.0,13.0,460.0
2200201731.0,2200201731014.0,14.0,904.0
2200201731.0,2200201731015.0,15.0,416.0
2200201731.0,2200201731016.0,16.0,1.0
2200201731.0,2200201731017.0,17.0,645.0
2200201731.0,2200201731018.0,18.0,356.0
2200201731.0,2200201731019.0,19.0,415.0
3020101750.0,3020101750001.0,1.0,69.0
3020101750.0,3020101750002.0,2.0,519.0
3020101750.0,3020101750003.0,3.0,924.0
3020101750.0,3020101750004.0,4.0,832.0
3020101750.0,3020101750005.0,5.0,610.0
3020101750.0,3020101750006.0,6.0,95.0
3020101750.0,3020101750007.0,7.0,145.0
3020101750.0,3020101750008.0,8.0,257.0
3020101750.0,3020101750009.0,9.0,534.0
3020101750.0,3020101750010.0,10.0,815.0
3020101750.0,3020101750011.0,11.0,790.0
3020201761.0,3020201761001.0,1.0,296.0
3020201761.0,3020201761002.0,2.0,819.0
3020201761.0,3020201761003.0,3.0,921.0
3020201761.0,3020201761004.0,4.0,551.0
3020201761.0,3020201761005.0,5.0,696.0
3020201761.0,3020201761006.0,6.0,851.0
3020201761.0,3020201761007.0,7.0,775.0
3020201761.0,3020201761008.0,8.0,507.0
3020201761.0,3020201761009.0,9.0,237.0
3020201761.0,3020201761010.0,10.0,394.0
3020201761.0,3020201761011.0,11.0,978.0
3020201761.0,3020201761012.0,12.0,451.0
3020201761.0,3020201761013.0,13.0,213.0
3020201761.0,3020201761014.0,14.0,658.0
3020201761.0,3020201761015.0,15.0,849.0
3020201776.0,3020201776001.0,1.0,261.0
3020201776.0,3020201776002.0,2.0,297.0
3020201776.0,3020201776003.0,3.0,471.0
3020201776.0,3020201776004.0,4.0,349.0
3020201776.0,3020201776005.0,5.0,464.0
3020201776.0,3020201776006.0,6.0,366.0
3020201776.0,3020201776007.0,7.0,437.0
3020201776.0,3020201776008.0,8.0,521.0
3020201776.0,3020201776009.0,9.0,877.0
3020201776.0,3020201776010.0,10.0,831.0
3020201776.0,3020201776011.0,11.0,212.0
3020201776.0,3020201776012.0,12.0,44.0
3020201776.0,3020201776013.0,13.0,85.0
3020201776.0,3020201776014.0,14.0,286.0
3020201776.0,3020201776015.0,15.0,422.0
3020201776.0,3020201776016.0,16.0,441.0
3020201776.0,3020201776017.0,17.0,114.0
3020201793.0,3020201793001.0,1.0,472.0
3020201793.0,3020201793002.0,2.0,613.0
3020201793.0,3020201793003.0,3.0,228.0
3020201793.0,3020201793004.0,4.0,382.0
3020201793.0,3020201793005.0,5.0,561.0
3020201793.0,3020201793006.0,6.0,532.0
3020201793.0,3020201793007.0,7.0,515.0
3020201793.0,3020201793008.0,8.0,201.0
3020201793.0,3020201793009.0,9.0,255.0
3020201793.0,3020201793010.0,10.0,693.0
3020201793.0,3020201793011.0,11.0,241.0
3020201793.0,3020201793012.0,12.0,964.0
3020201793.0,3020201793013.0,13.0,293.0
3020201793.0,3020201793014.0,14.0,810.0
3020201793.0,3020201793015.0,15.0,652.0
3020201793.0,3020201793016.0,16.0,769.0
3020201793.0,3020201793017.0,17.0,426.0
3020201793.0,3020201793018.0,18.0,451.0
3020201793.0,3020201793019.0,19.0,596.0
3020301812.0,3020301812001.0,1.0,834.0
3020301812.0,3020301812002.0,2.0,905.0
3020301812.0,3020301812003.0,3.0,735.0
3020301812.0,3020301812004.0,4.0,686.0
3020301812.0,3020301812005.0,5.0,601.0
3020301812.0,3020301812006.0,6.0,749.0
3020301812.0,3020301812007.0,7.0,511.0
3020301812.0,3020301812008.0,8.0,597.0
3030201820.0,3030201820001.0,1.0,744.0
3030201820.0,3030201820002.0,2.0,274.0
3030201820.0,3030201820003.0,3.0,176.0
3030201820.0,3030201820004.0,4.0,391.0
3030201820.0,3030201820005.0,5.0,33.0
3030201820.0,3030201820006.0,6.0,772.0
3030201826.0,3030201826001.0,1.0,991.0
3030201826.0,3030201826002.0,2.0,722.0
3030201826.0,3030201826003.0,3.0,40.0
3030201826.0,3030201826004.0,4.0,861.0
3030201826.0,3030201826005.0,5.0,853.0
3030201826.0,3030201826006.0,6.0,955.0
3030201826.0,3030201826007.0,7.0,906.0
3030201826.0,3030201826008.0,8.0,253.0
3030201826.0,3030201826009.0,9.0,490.0
3030201826.0,3030201826010.0,10.0,89.0
3030201836.0,3030201836001.0,1.0,979.0
3030201836.0,3030201836002.0,2.0,931.0
3030201836.0,3030201836003.0,3.0,930.0
3030201836.0,3030201836004.0,4.0,876.0
3030201836.0,3030201836005.0,5.0,92.0
3030201836.0,3030201836006.0,6.0,27.0
3030201836.0,3030201836007.0,7.0,742.0
3030201836.0,3030201836008.0,8.0,102.0
3030201836.0,3030201836009.0,9.0,718.0
3030201836.0,3030201836010.0,10.0,168.0
3030201836.0,3030201836011.0,11.0,207.0
3030201836.0,3030201836012.0,12.0,279.0
3030201836.0,3030201836013.0,13.0,70.0
3030201836.0,3030201836014.0,14.0,735.0
3030201836.0,3030201836015.0,15.0,432.0
3030301851.0,3030301851001.0,1.0,575.0
3030301851.0,3030301851002.0,2.0,80.0
3030301851.0,3030301851003.0,3.0,511.0
3030301851.0,3030301851004.0,4.0,441.0
3030301851.0,3030301851005.0,5.0,305.0
3030301851.0,3030301851006.0,6.0,673.0
3030301851.0,3030301851007.0,7.0,337.0
3030301851.0,3030301851008.0,8.0,103.0
3030301851.0,3030301851009.0,9.0,176.0
3030301851.0,3030301851010.0,10.0,859.0
3030301851.0,3030301851011.0,11.0,566.0
3030301851.0,3030301851012.0,12.0,735.0
3030301851.0,3030301851013.0,13.0,874.0
3030301851.0,3030301851014.0,14.0,152.0
3030301851.0,3030301851015.0,15.0,310.0
3030301851.0,3030301851016.0,16.0,85.0
3030301851.0,3030301851017.0,17.0,428.0
3030301851.0,3030301851018.0,18.0,740.0
3030301851.0,3030301851019.0,19.0,872.0
3040101870.0,3040101870001.0,1.0,271.0
3040101870.0,3040101870002.0,2.0,158.0
3040101870.0,3040101870003.0,3.0,20.0
3040101870.0,3040101870004.0,4.0,627.0
3040101870.0,3040101870005.0,5.0,257.0
3040101870.0,3040101870006.0,6.0,548.0
3040101870.0,3040101870007.0,7.0,819.0
3040101870.0,3040101870008.0,8.0,308.0
3040101870.0,3040101870009.0,9.0,536.0
3040101870.0,3040101870010.0,10.0,213.0
3040101880.0,3040101880001.0,1.0,947.0
3040101880.0,3040101880002.0,2.0,11.0
3040101880.0,3040101880003.0,3.0,786.0
3040101880.0,3040101880004.0,4.0,574.0
3040101880.0,3040101880005.0,5.0,503.0
3040101880.0,3040101880006.0,6.0,426.0
3040101880.0,3040101880007.0,7.0,499.0
3040101880.0,3040101880008.0,8.0,655.0
3040201888.0,3040201888001.0,1.0,121.0
3040201888.0,3040201888002.0,2.0,699.0
3040301890.0,3040301890001.0,1.0,308.0
3040301890.0,3040301890002.0,2.0,630.0
3040301890.0,3040301890003.0,3.0,680.0
3040301890.0,3040301890004.0,4.0,815.0
3040301890.0,3040301890005.0,5.0,706.0
3050101895.0,3050101895001.0,1.0,819.0
3050101895.0,3050101895002.0,2.0,72.0
3050101897.0,3050101897001.0,1.0,821.0
3050101897.0,3050101897002.0,2.0,319.0
3050101897.0,3050101897003.0,3.0,198.0
3050101897.0,3050101897004.0,4.0,836.0
3050101897.0,3050101897005.0,5.0,78.0
3050101897.0,3050101897006.0,6.0,624.0
3050101897.0,3050101897007.0,7.0,952.0
3050101897.0,3050101897008.0,8.0,754.0
3050101897.0,3050101897009.0,9.0,878.0
3050101897.0,3050101897010.0,10.0,408.0
3050101897.0,3050101897011.0,11.0,866.0
3050101908.0,3050101908001.0,1.0,542.0
3050101908.0,3050101908002.0,2.0,826.0
3050101908.0,3050101908003.0,3.0,216.0
3050101908.0,3050101908004.0,4.0,342.0
3050101908.0,3050101908005.0,5.0,277.0
3050101908.0,3050101908006.0,6.0,255.0
3050101908.0,3050101908007.0,7.0,402.0
3050101908.0,3050101908008.0,8.0,573.0
3050101908.0,3050101908009.0,9.0,879.0
3050101908.0,3050101908010.0,10.0,291.0
3050101908.0,3050101908011.0,11.0,329.0
3050101908.0,3050101908012.0,12.0,319.0
3060201920.0,3060201920001.0,1.0,108.0
3060201920.0,3060201920002.0,2.0,170.0
3060201920.0,3060201920003.0,3.0,584.0
3060201920.0,3060201920004.0,4.0,4.0
3060201920.0,3060201920005.0,5.0,991.0
3060201920.0,3060201920006.0,6.0,86.0
3060201920.0,3060201920007.0,7.0,597.0
3060201920.0,3060201920008.0,8.0,119.0
3060201920.0,3060201920009.0,9.0,111.0
3060201920.0,3060201920010.0,10.0,473.0
3060201920.0,3060201920011.0,11.0,979.0
3060201920.0,3060201920012.0,12.0,220.0
3060201920.0,3060201920013.0,13.0,942.0
3070201933.0,3070201933001.0,1.0,453.0
3070201933.0,3070201933002.0,2.0,794.0
3070201933.0,3070201933003.0,3.0,724.0
3070201936.0,3070201936001.0,1.0,4.0
3070201936.0,3070201936002.0,2.0,952.0
3070201936.0,3070201936003.0,3.0,267.0
3070201936.0,3070201936004.0,4.0,373.0
3070201936.0,3070201936005.0,5.0,575.0
3070201941.0,3070201941001.0,1.0,204.0
3070201941.0,3070201941002.0,2.0,157.0
3070201941.0,3070201941003.0,3.0,989.0
3070201941.0,3070201941004.0,4.0,101.0
3070201941.0,3070201941005.0,5.0,688.0
3070201941.0,3070201941006.0,6.0,688.0
3070201941.0,3070201941007.0,7.0,257.0
3070201941.0,3070201941008.0,8.0,857.0
3070201941.0,3070201941009.0,9.0,832.0
3070201941.0,3070201941010.0,10.0,34.0
3070201941.0,3070201941011.0,11.0,856.0
3070201941.0,3070201941012.0,12.0,936.0
3070201941.0,3070201941013.0,13.0,499.0
3070201941.0,3070201941014.0,14.0,418.0
3070201941.0,3070201941015.0,15.0,210.0
3070201956.0,3070201956001.0,1.0,82.0
3070201956.0,3070201956002.0,2.0,702.0
3070201956.0,3070201956003.0,3.0,189.0
3070201956.0,3070201956004.0,4.0,572.0
3070201956.0,3070201956005.0,5.0,413.0
3070201956.0,3070201956006.0,6.0,26.0
3070201956.0,3070201956007.0,7.0,700.0
3070201956.0,3070201956008.0,8.0,254.0
3070201956.0,3070201956009.0,9.0,393.0
3070201956.0,3070201956010.0,10.0,733.0
3070201956.0,3070201956011.0,11.0,675.0
3070201956.0,3070201956012.0,12.0,553.0
3070201956.0,3070201956013.0,13.0,392.0
3070201956.0,3070201956014.0,14.0,864.0
3070201956.0,3070201956015.0,15.0,774.0
3070201956.0,3070201956016.0,16.0,641.0
3070201956.0,3070201956017.0,17.0,671.0
3070201956.0,3070201956018.0,18.0,444.0
3070201956.0,3070201956019.0,19.0,463.0
3080101975.0,3080101975001.0,1.0,93.0
3080101975.0,3080101975002.0,2.0,337.0
3080101975.0,3080101975003.0,3.0,58.0
3080101975.0,3080101975004.0,4.0,829.0
3080101975.0,3080101975005.0,5.0,193.0
3080101975.0,3080101975006.0,6.0,25.0
3080101975.0,3080101975007.0,7.0,356.0
3080101975.0,3080101975008.0,8.0,355.0
3080101975.0,3080101975009.0,9.0,378.0
3080101984.0,3080101984001.0,1.0,759.0
3080101984.0,3080101984002.0,2.0,172.0
3080101984.0,3080101984003.0,3.0,728.0
3080101984.0,3080101984004.0,4.0,237.0
3080101984.0,3080101984005.0,5.0,843.0
3080101984.0,3080101984006.0,6.0,364.0
3080101984.0,3080101984007.0,7.0,18.0
3080101991.0,3080101991001.0,1.0,31.0
3080101991.0,3080101991002.0,2.0,248.0
3080101991.0,3080101991003.0,3.0,610.0
3080101991.0,3080101991004.0,4.0,599.0
3080101991.0,3080101991005.0,5.0,293.0
3080101991.0,3080101991006.0,6.0,220.0
3080101991.0,3080101991007.0,7.0,544.0
3080101991.0,3080101991008.0,8.0,587.0
3080101991.0,3080101991009.0,9.0,341.0
3080101991.0,3080101991010.0,10.0,958.0
3080101991.0,3080101991011.0,11.0,308.0
3080101991.0,3080101991012.0,12.0,306.0
3080202003.0,3080202003001.0,1.0,360.0
3080202003.0,3080202003002.0,2.0,667.0
3080202003.0,3080202003003.0,3.0,744.0
3080202003.0,3080202003004.0,4.0,305.0
3080202003.0,3080202003005.0,5.0,676.0
3080202003.0,3080202003006.0,6.0,419.0
3080202003.0,3080202003007.0,7.0,749.0
3080302010.0,3080302010001.0,1.0,384.0
3080302010.0,3080302010002.0,2.0,293.0
3080302010.0,3080302010003.0,3.0,373.0
3080302010.0,3080302010004.0,4.0,598.0
3080302010.0,3080302010005.0,5.0,973.0
3080302010.0,3080302010006.0,6.0,604.0
3080302010.0,3080302010007.0,7.0,159.0
3080302010.0,3080302010008.0,8.0,583.0
3080302010.0,3080302010009.0,9.0,896.0
3080302010.0,3080302010010.0,10.0,405.0
3080302010.0,3080302010011.0,11.0,633.0
3080302010.0,3080302010012.0,12.0,73.0
3080302010.0,3080302010013.0,13.0,623.0
3080302010.0,3080302010014.0,14.0,919.0
3080302010.0,3080302010015.0,15.0,472.0
3080302010.0,3080302010016.0,16.0,260.0
3080302010.0,3080302010017.0,17.0,141.0
3080302010.0,3080302010018.0,18.0,337.0
3080302010.0,3080302010019.0,19.0,843.0
3080302010.0,3080302010020.0,20.0,40.0
3090102030.0,3090102030001.0,1.0,603.0
3090102030.0,3090102030002.0,2.0,758.0
3090102030.0,3090102030003.0,3.0,867.0
3090102030.0,3090102030004.0,4.0,64.0
3090102030.0,3090102030005.0,5.0,580.0
3090102030.0,3090102030006.0,6.0,752.0
3090102030.0,3090102030007.0,7.0,596.0
3090102030.0,3090102030008.0,8.0,709.0
3090102030.0,3090102030009.0,9.0,868.0
3090102030.0,3090102030010.0,10.0,206.0
3090102030.0,3090102030011.0,11.0,105.0
3090102030.0,3090102030012.0,12.0,212.0
3090102030.0,3090102030013.0,13.0,402.0
3090102030.0,3090102030014.0,14.0,597.0
3090102030.0,3090102030015.0,15.0,926.0
3090102030.0,3090102030016.0,16.0,305.0
3090102030.0,3090102030017.0,17.0,375.0
3090102030.0,3090102030018.0,18.0,77.0
3090102030.0,3090102030019.0,19.0,284.0
3090102049.0,3090102049001.0,1.0,854.0
3090102049.0,3090102049002.0,2.0,967.0
3090202051.0,3090202051001.0,1.0,693.0
3090202051.0,3090202051002.0,2.0,778.0
3090202051.0,3090202051003.0,3.0,16.0
3090202051.0,3090202051004.0,4.0,772.0
3090202051.0,3090202051005.0,5.0,365.0
3090202051.0,3090202051006.0,6.0,275.0
3090202051.0,3090202051007.0,7.0,668.0
3090202051.0,3090202051008.0,8.0,514.0
3090202051.0,3090202051009.0,9.0,935.0
3090202051.0,3090202051010.0,10.0,539.0
3090202051.0,3090202051011.0,11.0,429.0
3090202051.0,3090202051012.0,12.0,353.0
3090202051.0,3090202051013.0,13.0,856.0
3090202051.0,3090202051014.0,14.0,946.0
3090202051.0,3090202051015.0,15.0,143.0
3090202051.0,3090202051016.0,16.0,576.0
3090202051.0,3090202051017.0,17.0,677.0
3090302068.0,3090302068001.0,1.0,628.0
3090302068.0,3090302068002.0,2.0,966.0
3090302068.0,3090302068003.0,3.0,440.0
3090302068.0,3090302068004.0,4.0,132.0
3090302072.0,3090302072001.0,1.0,791.0
3090302072.0,3090302072002.0,2.0,130.0
3090302072.0,3090302072003.0,3.0,669.0
3100102075.0,3100102075001.0,1.0,753.0
3100102076.0,3100102076001.0,1.0,864.0
3100102076.0,3100102076002.0,2.0,812.0
3100102076.0,3100102076003.0,3.0,997.0
3100102076.0,3100102076004.0,4.0,519.0
3100102076.0,3100102076005.0,5.0,239.0
3100102076.0,3100102076006.0,6.0,284.0
3100102076.0,3100102076007.0,7.0,196.0
3100102076.0,3100102076008.0,8.0,571.0
3100102076.0,3100102076009.0,9.0,180.0
3100102076.0,3100102076010.0,10.0,885.0
3100102076.0,3100102076011.0,11.0,360.0
3100102076.0,3100102076012.0,12.0,871.0
3100102076.0,3100102076013.0,13.0,602.0
3100102076.0,3100102076014.0,14.0,468.0
3100102076.0,3100102076015.0,15.0,609.0
3100102076.0,3100102076016.0,16.0,755.0
3100102076.0,3100102076017.0,17.0,514.0
3100102076.0,3100102076018.0,18.0,79.0
3100102076.0,3100102076019.0,19.0,682.0
3100102076.0,3100102076020.0,20.0,306.0
3100202096.0,3100202096001.0,1.0,815.0
3100202096.0,3100202096002.0,2.0,410.0
3100202096.0,3100202096003.0,3.0,435.0
3100202096.0,3100202096004.0,4.0,497.0
3100202096.0,3100202096005.0,5.0,585.0
3100202096.0,3100202096006.0,6.0,988.0
3100202096.0,3100202096007.0,7.0,735.0
3100202096.0,3100202096008.0,8.0,906.0
3100202104.0,3100202104001.0,1.0,58.0
3100202104.0,3100202104002.0,2.0,161.0
3100202104.0,3100202104003.0,3.0,986.0
3100202104.0,3100202104004.0,4.0,318.0
3100202104.0,3100202104005.0,5.0,450.0
3100202104.0,3100202104006.0,6.0,759.0
3100202104.0,3100202104007.0,7.0,996.0
3100202104.0,3100202104008.0,8.0,98.0
3100202104.0,3100202104009.0,9.0,333.0
3100202104.0,3100202104010.0,10.0,551.0
3100202104.0,3100202104011.0,11.0,988.0
3100202104.0,3100202104012.0,12.0,291.0
3100202116.0,3100202116001.0,1.0,570.0
3100202116.0,3100202116002.0,2.0,686.0
3100202116.0,3100202116003.0,3.0,485.0
3100202116.0,3100202116004.0,4.0,846.0
3100202116.0,3100202116005.0,5.0,67.0
3100202116.0,3100202116006.0,6.0,677.0
3100202116.0,3100202116007.0,7.0,286.0
3100202116.0,3100202116008.0,8.0,817.0
3100202116.0,3100202116009.0,9.0,527.0
3100202116.0,3100202116010.0,10.0,460.0
3100202116.0,3100202116011.0,11.0,202.0
3100202116.0,3100202116012.0,12.0,70.0
3100202116.0,3100202116013.0,13.0,453.0
3100302129.0,3100302129001.0,1.0,304.0
3100302129.0,3100302129002.0,2.0,677.0
3100302129.0,3100302129003.0,3.0,557.0
3100302129.0,3100302129004.0,4.0,258.0
3100302129.0,3100302129005.0,5.0,80.0
3100302129.0,3100302129006.0,6.0,645.0
3100302129.0,3100302129007.0,7.0,710.0
3100302129.0,3100302129008.0,8.0,539.0
3100302129.0,3100302129009.0,9.0,832.0
3100302129.0,3100302129010.0,10.0,778.0
3100302139.0,3100302139001.0,1.0,129.0
3100302139.0,3100302139002.0,2.0,286.0
3100302139.0,3100302139003.0,3.0,447.0
3100302139.0,3100302139004.0,4.0,258.0
3100302139.0,3100302139005.0,5.0,235.0
3100302139.0,3100302139006.0,6.0,444.0
3100302139.0,3100302139007.0,7.0,362.0
3100302139.0,3100302139008.0,8.0,417.0
3100302139.0,3100302139009.0,9.0,472.0
3100302139.0,3100302139010.0,10.0,906.0
3100302139.0,3100302139011.0,11.0,611.0
3100302139.0,3100302139012.0,12.0,49.0
3100302139.0,3100302139013.0,13.0,971.0
3100302139.0,3100302139014.0,14.0,941.0
3100302139.0,3100302139015.0,15.0,982.0
3100302139.0,3100302139016.0,16.0,187.0
3100302139.0,3100302139017.0,17.0,318.0
3100302139.0,3100302139018.0,18.0,293.0
3100302139.0,3100302139019.0,19.0,814.0
3100302139.0,3100302139020.0,20.0,387.0
3110102159.0,3110102159001.0,1.0,991.0
3110102159.0,3110102159002.0,2.0,369.0
3110102159.0,3110102159003.0,3.0,730.0
3110102159.0,3110102159004.0,4.0,660.0
3110102159.0,3110102159005.0,5.0,259.0
3110102159.0,3110102159006.0,6.0,139.0
3110102159.0,3110102159007.0,7.0,454.0
3110102159.0,3110102159008.0,8.0,676.0
3110102159.0,3110102159009.0,9.0,623.0
3110102159.0,3110102159010.0,10.0,821.0
3110102159.0,3110102159011.0,11.0,869.0
3120202170.0,3120202170001.0,1.0,255.0
3120202170.0,3120202170002.0,2.0,891.0
3120202170.0,3120202170003.0,3.0,58.0
3120202170.0,3120202170004.0,4.0,500.0
3120202170.0,3120202170005.0,5.0,759.0
3120202170.0,3120202170006.0,6.0,14.0
3120202170.0,3120202170007.0,7.0,386.0
3120202170.0,3120202170008.0,8.0,260.0
3120202170.0,3120202170009.0,9.0,355.0
3120202170.0,3120202170010.0,10.0,166.0
3120202170.0,3120202170011.0,11.0,143.0
3120202170.0,3120202170012.0,12.0,430.0
3120202170.0,3120202170013.0,13.0,496.0
3120202170.0,3120202170014.0,14.0,431.0
3120202170.0,3120202170015.0,15.0,973.0
3120202170.0,3120202170016.0,16.0,571.0
3120202170.0,3120202170017.0,17.0,24.0
3120202170.0,3120202170018.0,18.0,37.0
3120202170.0,3120202170019.0,19.0,694.0
3120202170.0,3120202170020.0,20.0,881.0
3120202190.0,3120202190001.0,1.0,742.0
3120202190.0,3120202190002.0,2.0,795.0
3120202190.0,3120202190003.0,3.0,378.0
3120202190.0,3120202190004.0,4.0,472.0
3120202190.0,3120202190005.0,5.0,619.0
3120202190.0,3120202190006.0,6.0,933.0
3120202190.0,3120202190007.0,7.0,107.0
3120202190.0,3120202190008.0,8.0,13.0
3120202190.0,3120202190009.0,9.0,46.0
3120202199.0,3120202199001.0,1.0,266.0
3120202199.0,3120202199002.0,2.0,313.0
3120202199.0,3120202199003.0,3.0,783.0
3120202199.0,3120202199004.0,4.0,194.0
3120202199.0,3120202199005.0,5.0,149.0
3120202199.0,3120202199006.0,6.0,746.0
3120202199.0,3120202199007.0,7.0,339.0
3120202199.0,3120202199008.0,8.0,943.0
3120202199.0,3120202199009.0,9.0,416.0
3120202199.0,3120202199010.0,10.0,474.0
3120302209.0,3120302209001.0,1.0,384.0
3120302209.0,3120302209002.0,2.0,877.0
3120302209.0,3120302209003.0,3.0,189.0
3120302209.0,3120302209004.0,4.0,708.0
3120302209.0,3120302209005.0,5.0,686.0
3120302214.0,3120302214001.0,1.0,522.0
3120302214.0,3120302214002.0,2.0,907.0
3120302214.0,3120302214003.0,3.0,320.0
3120302214.0,3120302214004.0,4.0,313.0
3120302214.0,3120302214005.0,5.0,304.0
3120302214.0,3120302214006.0,6.0,358.0
3120302214.0,3120302214007.0,7.0,172.0
3120302214.0,3120302214008.0,8.0,145.0
3120302214.0,3120302214009.0,9.0,119.0
3120402223.0,3120402223001.0,1.0,522.0
3120402223.0,3120402223002.0,2.0,603.0
3120402223.0,3120402223003.0,3.0,554.0
3120402223.0,3120402223004.0,4.0,656.0
3120402223.0,3120402223005.0,5.0,574.0
3120402223.0,3120402223006.0,6.0,732.0
3120402223.0,3120402223007.0,7.0,929.0
3120402223.0,3120402223008.0,8.0,374.0
3120402223.0,3120402223009.0,9.0,197.0
3120402223.0,3120402223010.0,10.0,592.0
3120402223.0,3120402223011.0,11.0,64.0
3120402223.0,3120402223012.0,12.0,710.0
3120402223.0,3120402223013.0,13.0,725.0
3120402223.0,3120402223014.0,14.0,820.0
3120402223.0,3120402223015.0,15.0,353.0
3120402223.0,3120402223016.0,16.0,11.0
3120402223.0,3120402223017.0,17.0,304.0
3120402223.0,3120402223018.0,18.0,20.0
3120502241.0,3120502241001.0,1.0,820.0
3120502241.0,3120502241002.0,2.0,928.0
3120502241.0,3120502241003.0,3.0,788.0
3120502241.0,3120502241004.0,4.0,714.0
3120502241.0,3120502241005.0,5.0,350.0
3120602246.0,3120602246001.0,1.0,417.0
3120602246.0,3120602246002.0,2.0,485.0
3120602246.0,3120602246003.0,3.0,858.0
3120602246.0,3120602246004.0,4.0,985.0
3120602246.0,3120602246005.0,5.0,39.0
3120602246.0,3120602246006.0,6.0,948.0
3120602246.0,3120602246007.0,7.0,207.0
3120602246.0,3120602246008.0,8.0,720.0
3120602246.0,3120602246009.0,9.0,730.0
3120602246.0,3120602246010.0,10.0,25.0
3120602246.0,3120602246011.0,11.0,372.0
3120602246.0,3120602246012.0,12.0,794.0
3120602246.0,3120602246013.0,13.0,416.0
3120602246.0,3120602246014.0,14.0,497.0
3120602246.0,3120602246015.0,15.0,259.0
3120602246.0,3120602246016.0,16.0,745.0
3120602246.0,3120602246017.0,17.0,36.0
3130102263.0,3130102263001.0,1.0,104.0
3130102263.0,3130102263002.0,2.0,32.0
3130102263.0,3130102263003.0,3.0,989.0
3130102263.0,3130102263004.0,4.0,472.0
3130102263.0,3130102263005.0,5.0,258.0
3130102263.0,3130102263006.0,6.0,906.0
3130102263.0,3130102263007.0,7.0,793.0
3130102263.0,3130102263008.0,8.0,332.0
3130102263.0,3130102263009.0,9.0,502.0
3130102263.0,3130102263010.0,10.0,880.0
3130102263.0,3130102263011.0,11.0,370.0
3130102263.0,3130102263012.0,12.0,282.0
3130102263.0,3130102263013.0,13.0,192.0
3130302276.0,3130302276001.0,1.0,619.0
3140102277.0,3140102277001.0,1.0,226.0
3140102277.0,3140102277002.0,2.0,907.0
3140102277.0,3140102277003.0,3.0,642.0
3140102277.0,3140102277004.0,4.0,318.0
3140102277.0,3140102277005.0,5.0,878.0
3140102277.0,3140102277006.0,6.0,937.0
3140102277.0,3140102277007.0,7.0,217.0
3140102277.0,3140102277008.0,8.0,492.0
3140102277.0,3140102277009.0,9.0,250.0
3140102277.0,3140102277010.0,10.0,338.0
3140102277.0,3140102277011.0,11.0,976.0
3140102277.0,3140102277012.0,12.0,101.0
3140102277.0,3140102277013.0,13.0,607.0
3140102277.0,3140102277014.0,14.0,441.0
3140102277.0,3140102277015.0,15.0,824.0
3140102277.0,3140102277016.0,16.0,898.0
3140102277.0,3140102277017.0,17.0,563.0
3140102277.0,3140102277018.0,18.0,79.0
3140102277.0,3140102277019.0,19.0,578.0
3140102277.0,3140102277020.0,20.0,140.0
3140202297.0,3140202297001.0,1.0,715.0
3140202297.0,3140202297002.0,2.0,407.0
3140202297.0,3140202297003.0,3.0,854.0
3140202297.0,3140202297004.0,4.0,750.0
3140202297.0,3140202297005.0,5.0,758.0
3140202297.0,3140202297006.0,6.0,976.0
3140202297.0,3140202297007.0,7.0,926.0
3140202297.0,3140202297008.0,8.0,708.0
3140202297.0,3140202297009.0,9.0,400.0
3140202297.0,3140202297010.0,10.0,185.0
3140202297.0,3140202297011.0,11.0,598.0
3140202297.0,3140202297012.0,12.0,959.0
3140202297.0,3140202297013.0,13.0,31.0
3140202297.0,3140202297014.0,14.0,365.0
3140202297.0,3140202297015.0,15.0,503.0
3140202297.0,3140202297016.0,16.0,790.0
3140202313.0,3140202313001.0,1.0,390.0
3140202313.0,3140202313002.0,2.0,391.0
3140202313.0,3140202313003.0,3.0,470.0
3140202313.0,3140202313004.0,4.0,38.0
3140202313.0,3140202313005.0,5.0,186.0
3140202313.0,3140202313006.0,6.0,504.0
3140202313.0,3140202313007.0,7.0,98.0
3140202320.0,3140202320001.0,1.0,530.0
3140202320.0,3140202320002.0,2.0,965.0
3140202320.0,3140202320003.0,3.0,692.0
3140202320.0,3140202320004.0,4.0,918.0
3140202320.0,3140202320005.0,5.0,694.0
3140202320.0,3140202320006.0,6.0,741.0
3140202320.0,3140202320007.0,7.0,496.0
3140202320.0,3140202320008.0,8.0,145.0
3140202320.0,3140202320009.0,9.0,304.0
3140202320.0,3140202320010.0,10.0,996.0
3140202320.0,3140202320011.0,11.0,734.0
3140202320.0,3140202320012.0,12.0,942.0
3140202320.0,3140202320013.0,13.0,350.0
3140202333.0,3140202333001.0,1.0,151.0
3140202333.0,3140202333002.0,2.0,83.0
3140202333.0,3140202333003.0,3.0,715.0
3140202333.0,3140202333004.0,4.0,290.0
3140202333.0,3140202333005.0,5.0,331.0
3140202333.0,3140202333006.0,6.0,705.0
3140202333.0,3140202333007.0,7.0,253.0
3140202333.0,3140202333008.0,8.0,94.0
3140202333.0,3140202333009.0,9.0,100.0
3140202333.0,3140202333010.0,10.0,233.0
3140202333.0,3140202333011.0,11.0,43.0
3140202333.0,3140202333012.0,12.0,350.0
3140202333.0,3140202333013.0,13.0,831.0
3140202333.0,3140202333014.0,14.0,506.0
3140202333.0,3140202333015.0,15.0,416.0
3140202333.0,3140202333016.0,16.0,713.0
3140202333.0,3140202333017.0,17.0,847.0
3140202333.0,3140202333018.0,18.0,359.0
3140302351.0,3140302351001.0,1.0,640.0
3140302351.0,3140302351002.0,2.0,672.0
3140302351.0,3140302351003.0,3.0,856.0
3140302351.0,3140302351004.0,4.0,426.0
3140302351.0,3140302351005.0,5.0,846.0
3140302351.0,3140302351006.0,6.0,102.0
3140302351.0,3140302351007.0,7.0,67.0
3140302351.0,3140302351008.0,8.0,39.0
3140302351.0,3140302351009.0,9.0,700.0
3140302351.0,3140302351010.0,10.0,350.0
3140302351.0,3140302351011.0,11.0,852.0
3140302351.0,3140302351012.0,12.0,519.0
3140402363.0,3140402363001.0,1.0,928.0
3140402363.0,3140402363002.0,2.0,460.0
3140402363.0,3140402363003.0,3.0,152.0
3140402363.0,3140402363004.0,4.0,897.0
3140402363.0,3140402363005.0,5.0,471.0
3140402363.0,3140402363006.0,6.0,754.0
3140402363.0,3140402363007.0,7.0,379.0
3140402363.0,3140402363008.0,8.0,46.0
3140402363.0,3140402363009.0,9.0,248.0
3140402363.0,3140402363010.0,10.0,404.0
3140402363.0,3140402363011.0,11.0,173.0
3140402363.0,3140402363012.0,12.0,679.0
3140402363.0,3140402363013.0,13.0,436.0
3140402363.0,3140402363014.0,14.0,878.0
3140402363.0,3140402363015.0,15.0,994.0
3140402363.0,3140402363016.0,16.0,135.0
3140402363.0,3140402363017.0,17.0,51.0
3140502380.0,3140502380001.0,1.0,555.0
3140502380.0,3140502380002.0,2.0,872.0
3140502380.0,3140502380003.0,3.0,971.0
3140502380.0,3140502380004.0,4.0,310.0
3140502380.0,3140502380005.0,5.0,128.0
3140502380.0,3140502380006.0,6.0,244.0
3140502380.0,3140502380007.0,7.0,312.0
3140502380.0,3140502380008.0,8.0,463.0
3140502380.0,3140502380009.0,9.0,234.0
3140502380.0,3140502380010.0,10.0,17.0
3140502380.0,3140502380011.0,11.0,339.0
3140502380.0,3140502380012.0,12.0,606.0
3140502380.0,3140502380013.0,13.0,98.0
3140502380.0,3140502380014.0,14.0,559.0
3140502380.0,3140502380015.0,15.0,20.0
3140502380.0,3140502380016.0,16.0,404.0
3140502396.0,3140502396001.0,1.0,776.0
3140502396.0,3140502396002.0,2.0,706.0
3140502396.0,3140502396003.0,3.0,938.0
3140502396.0,3140502396004.0,4.0,21.0
3140502396.0,3140502396005.0,5.0,855.0
3140502396.0,3140502396006.0,6.0,664.0
3140502396.0,3140502396007.0,7.0,346.0
3140502396.0,3140502396008.0,8.0,86.0
3150102404.0,3150102404001.0,1.0,698.0
3160102405.0,3160102405001.0,1.0,339.0
3160102405.0,3160102405002.0,2.0,720.0
3160102405.0,3160102405003.0,3.0,372.0
3160102405.0,3160102405004.0,4.0,383.0
3160102405.0,3160102405005.0,5.0,248.0
3160102405.0,3160102405006.0,6.0,310.0
3160102405.0,3160102405007.0,7.0,455.0
3160102405.0,3160102405008.0,8.0,22.0
3160102405.0,3160102405009.0,9.0,404.0
3160102405.0,3160102405010.0,10.0,485.0
3160102405.0,3160102405011.0,11.0,890.0
3160102405.0,3160102405012.0,12.0,553.0
3160102417.0,3160102417001.0,1.0,634.0
3160102417.0,3160102417002.0,2.0,529.0
3160102417.0,3160102417003.0,3.0,501.0
3160102417.0,3160102417004.0,4.0,767.0
3160102417.0,3160102417005.0,5.0,382.0
3160102417.0,3160102417006.0,6.0,487.0
3160102417.0,3160102417007.0,7.0,577.0
3160102417.0,3160102417008.0,8.0,427.0
3160102417.0,3160102417009.0,9.0,820.0
3160102417.0,3160102417010.0,10.0,93.0
3160102417.0,3160102417011.0,11.0,13.0
3160102417.0,3160102417012.0,12.0,59.0
3160102417.0,3160102417013.0,13.0,299.0
3160102417.0,3160102417014.0,14.0,827.0
3160102417.0,3160102417015.0,15.0,738.0
3160102417.0,3160102417016.0,16.0,77.0
3160202433.0,3160202433001.0,1.0,736.0
3160202433.0,3160202433002.0,2.0,913.0
3160202433.0,3160202433003.0,3.0,447.0
3160202433.0,3160202433004.0,4.0,760.0
3160202433.0,3160202433005.0,5.0,313.0
3160202433.0,3160202433006.0,6.0,408.0
3160202433.0,3160202433007.0,7.0,548.0
3160202433.0,3160202433008.0,8.0,667.0
3160202433.0,3160202433009.0,9.0,627.0
3160202433.0,3160202433010.0,10.0,921.0
3160202443.0,3160202443001.0,1.0,284.0
3160202443.0,3160202443002.0,2.0,794.0
3160202443.0,3160202443003.0,3.0,216.0
3160202443.0,3160202443004.0,4.0,18.0
3160202443.0,3160202443005.0,5.0,86.0
3160202443.0,3160202443006.0,6.0,949.0
3160202443.0,3160202443007.0,7.0,31.0
3160202443.0,3160202443008.0,8.0,717.0
3160202443.0,3160202443009.0,9.0,323.0
3160202443.0,3160202443010.0,10.0,285.0
3160202443.0,3160202443011.0,11.0,850.0
4010102454.0,4010102454001.0,1.0,585.0
4010102454.0,4010102454002.0,2.0,145.0
4010102454.0,4010102454003.0,3.0,83.0
4010102454.0,4010102454004.0,4.0,549.0
4010102454.0,4010102454005.0,5.0,708.0
4010102454.0,4010102454006.0,6.0,945.0
4010102454.0,4010102454007.0,7.0,618.0
4010102454.0,4010102454008.0,8.0,726.0
4010102454.0,4010102454009.0,9.0,951.0
4010102454.0,4010102454010.0,10.0,556.0
4010102454.0,4010102454011.0,11.0,947.0
4010102454.0,4010102454012.0,12.0,318.0
4010102454.0,4010102454013.0,13.0,851.0
4010102454.0,4010102454014.0,14.0,539.0
4010102454.0,4010102454015.0,15.0,162.0
4010102454.0,4010102454016.0,16.0,39.0
4010102470.0,4010102470001.0,1.0,724.0
4010102470.0,4010102470002.0,2.0,734.0
4010102470.0,4010102470003.0,3.0,552.0
4010102470.0,4010102470004.0,4.0,108.0
4010102470.0,4010102470005.0,5.0,782.0
4010102470.0,4010102470006.0,6.0,564.0
4010102470.0,4010102470007.0,7.0,507.0
4010102470.0,4010102470008.0,8.0,548.0
4010102470.0,4010102470009.0,9.0,889.0
4010102470.0,4010102470010.0,10.0,907.0
4010102470.0,4010102470011.0,11.0,975.0
4010102470.0,4010102470012.0,12.0,846.0
4010102470.0,4010102470013.0,13.0,749.0
4010102470.0,4010102470014.0,14.0,732.0
4010102470.0,4010102470015.0,15.0,10.0
4010102470.0,4010102470016.0,16.0,810.0
4010102470.0,4010102470017.0,17.0,996.0
4010202487.0,4010202487001.0,1.0,369.0
4010202487.0,4010202487002.0,2.0,177.0
4010202487.0,4010202487003.0,3.0,604.0
4010202487.0,4010202487004.0,4.0,645.0
4010202487.0,4010202487005.0,5.0,306.0
4010202487.0,4010202487006.0,6.0,17.0
4010202487.0,4010202487007.0,7.0,348.0
4010202487.0,4010202487008.0,8.0,639.0
4010202487.0,4010202487009.0,9.0,346.0
4010202487.0,4010202487010.0,10.0,684.0
4010202487.0,4010202487011.0,11.0,188.0
4010202487.0,4010202487012.0,12.0,780.0
4010202487.0,4010202487013.0,13.0,32.0
4010202487.0,4010202487014.0,14.0,634.0
4010202487.0,4010202487015.0,15.0,295.0
4010202487.0,4010202487016.0,16.0,832.0
4010202487.0,4010202487017.0,17.0,562.0
4010302504.0,4010302504001.0,1.0,20.0
4010302504.0,4010302504002.0,2.0,890.0
4010302504.0,4010302504003.0,3.0,122.0
4010302504.0,4010302504004.0,4.0,26.0
4010302504.0,4010302504005.0,5.0,331.0
4010302504.0,4010302504006.0,6.0,125.0
4010302504.0,4010302504007.0,7.0,392.0
4010302504.0,4010302504008.0,8.0,57.0
4010302504.0,4010302504009.0,9.0,76.0
4010302504.0,4010302504010.0,10.0,277.0
4010302504.0,4010302504011.0,11.0,77.0
4010302504.0,4010302504012.0,12.0,337.0
4010302516.0,4010302516001.0,1.0,937.0
4010302516.0,4010302516002.0,2.0,106.0
4010302516.0,4010302516003.0,3.0,609.0
4010302516.0,4010302516004.0,4.0,803.0
4010302516.0,4010302516005.0,5.0,22.0
4010302516.0,4010302516006.0,6.0,929.0
4010302516.0,4010302516007.0,7.0,177.0
4010302516.0,4010302516008.0,8.0,580.0
4010302516.0,4010302516009.0,9.0,649.0
4020102525.0,4020102525001.0,1.0,51.0
4020102525.0,4020102525002.0,2.0,71.0
4020102525.0,4020102525003.0,3.0,823.0
4020102528.0,4020102528001.0,1.0,474.0
4020102528.0,4020102528002.0,2.0,589.0
4020102528.0,4020102528003.0,3.0,810.0
4020102528.0,4020102528004.0,4.0,165.0
4020102528.0,4020102528005.0,5.0,747.0
4020102528.0,4020102528006.0,6.0,404.0
4020102528.0,4020102528007.0,7.0,716.0
4020102528.0,4020102528008.0,8.0,102.0
4020102528.0,4020102528009.0,9.0,6.0
4020102528.0,4020102528010.0,10.0,247.0
4020102528.0,4020102528011.0,11.0,382.0
4020102528.0,4020102528012.0,12.0,878.0
4020102528.0,4020102528013.0,13.0,60.0
4020102528.0,4020102528014.0,14.0,648.0
4020102528.0,4020102528015.0,15.0,5.0
4020102528.0,4020102528016.0,16.0,564.0
4020102528.0,4020102528017.0,17.0,472.0
4020202545.0,4020202545001.0,1.0,75.0
4020202545.0,4020202545002.0,2.0,128.0
4020202545.0,4020202545003.0,3.0,45.0
4020202545.0,4020202545004.0,4.0,188.0
4020202545.0,4020202545005.0,5.0,921.0
4020202545.0,4020202545006.0,6.0,820.0
4030102551.0,4030102551001.0,1.0,604.0
4030102551.0,4030102551002.0,2.0,741.0
4030102551.0,4030102551003.0,3.0,582.0
4030102551.0,4030102551004.0,4.0,150.0
4030102551.0,4030102551005.0,5.0,560.0
4030102551.0,4030102551006.0,6.0,728.0
4030102551.0,4030102551007.0,7.0,556.0
4030102558.0,4030102558001.0,1.0,901.0
4030102558.0,4030102558002.0,2.0,910.0
4030102558.0,4030102558003.0,3.0,96.0
4030102558.0,4030102558004.0,4.0,808.0
4030102558.0,4030102558005.0,5.0,518.0
4030102558.0,4030102558006.0,6.0,628.0
4030102558.0,4030102558007.0,7.0,456.0
4030102558.0,4030102558008.0,8.0,861.0
4030102558.0,4030102558009.0,9.0,826.0
4030102558.0,4030102558010.0,10.0,640.0
4030102558.0,4030102558011.0,11.0,28.0
4030102558.0,4030102558012.0,12.0,733.0
4030102558.0,4030102558013.0,13.0,571.0
4030102558.0,4030102558014.0,14.0,383.0
4030102558.0,4030102558015.0,15.0,563.0
4030102558.0,4030102558016.0,16.0,163.0
4030102558.0,4030102558017.0,17.0,336.0
4030102558.0,4030102558018.0,18.0,107.0
4030102558.0,4030102558019.0,19.0,655.0
4030102577.0,4030102577001.0,1.0,414.0
4030102577.0,4030102577002.0,2.0,930.0
4030102577.0,4030102577003.0,3.0,813.0
4030102577.0,4030102577004.0,4.0,324.0
4030102577.0,4030102577005.0,5.0,180.0
4030102577.0,4030102577006.0,6.0,218.0
4030202583.0,4030202583001.0,1.0,365.0
4030202583.0,4030202583002.0,2.0,402.0
4030202583.0,4030202583003.0,3.0,235.0
4030202583.0,4030202583004.0,4.0,283.0
4030202583.0,4030202583005.0,5.0,962.0
4030202583.0,4030202583006.0,6.0,993.0
4030202583.0,4030202583007.0,7.0,661.0
4030202583.0,4030202583008.0,8.0,433.0
4030202583.0,4030202583009.0,9.0,358.0
4030202583.0,4030202583010.0,10.0,982.0
4030202583.0,4030202583011.0,11.0,492.0
4030202583.0,4030202583012.0,12.0,32.0
4030202583.0,4030202583013.0,13.0,636.0
4030202583.0,4030202583014.0,14.0,843.0
4030202583.0,4030202583015.0,15.0,28.0
4030202583.0,4030202583016.0,16.0,817.0
4030202583.0,4030202583017.0,17.0,250.0
4030202583.0,4030202583018.0,18.0,44.0
4040102601.0,4040102601001.0,1.0,533.0
4040102601.0,4040102601002.0,2.0,563.0
4040102601.0,4040102601003.0,3.0,601.0
4040102601.0,4040102601004.0,4.0,583.0
4040102601.0,4040102601005.0,5.0,82.0
4040102601.0,4040102601006.0,6.0,309.0
4040102601.0,4040102601007.0,7.0,279.0
4040102601.0,4040102601008.0,8.0,765.0
4040102601.0,4040102601009.0,9.0,973.0
4040102601.0,4040102601010.0,10.0,765.0
4040102601.0,4040102601011.0,11.0,624.0
4040102601.0,4040102601012.0,12.0,926.0
4040102601.0,4040102601013.0,13.0,234.0
4040102601.0,4040102601014.0,14.0,16.0
4040102601.0,4040102601015.0,15.0,396.0
4040102601.0,4040102601016.0,16.0,218.0
4040102601.0,4040102601017.0,17.0,226.0
4040102601.0,4040102601018.0,18.0,266.0
4040102619.0,4040102619001.0,1.0,825.0
4040102619.0,4040102619002.0,2.0,456.0
4040102619.0,4040102619003.0,3.0,182.0
4040102619.0,4040102619004.0,4.0,935.0
4040102619.0,4040102619005.0,5.0,360.0
4040102619.0,4040102619006.0,6.0,285.0
4040102619.0,4040102619007.0,7.0,326.0
4040102626.0,4040102626001.0,1.0,56.0
4040102626.0,4040102626002.0,2.0,243.0
4040102626.0,4040102626003.0,3.0,918.0
4040102626.0,4040102626004.0,4.0,317.0
4040102626.0,4040102626005.0,5.0,801.0
4040102626.0,4040102626006.0,6.0,636.0
4040102626.0,4040102626007.0,7.0,34.0
4040102626.0,4040102626008.0,8.0,281.0
4040102626.0,4040102626009.0,9.0,862.0
4040102626.0,4040102626010.0,10.0,582.0
4040102626.0,4040102626011.0,11.0,549.0
4040102626.0,4040102626012.0,12.0,879.0
4040102626.0,4040102626013.0,13.0,775.0
4040102626.0,4040102626014.0,14.0,348.0
4050102640.0,4050102640001.0,1.0,747.0
4050102640.0,4050102640002.0,2.0,230.0
4050102640.0,4050102640003.0,3.0,390.0
4050102643.0,4050102643001.0,1.0,11.0
4050102643.0,4050102643002.0,2.0,56.0
4050102643.0,4050102643003.0,3.0,255.0
4050302646.0,4050302646001.0,1.0,152.0
4050302646.0,4050302646002.0,2.0,29.0
4050302646.0,4050302646003.0,3.0,620.0
4050302646.0,4050302646004.0,4.0,97.0
4050302646.0,4050302646005.0,5.0,135.0
4050302646.0,4050302646006.0,6.0,471.0
4050302646.0,4050302646007.0,7.0,686.0
4050302646.0,4050302646008.0,8.0,258.0
4050302646.0,4050302646009.0,9.0,815.0
4050302646.0,4050302646010.0,10.0,38.0
4050302646.0,4050302646011.0,11.0,996.0
4050302646.0,4050302646012.0,12.0,934.0
4050302646.0,4050302646013.0,13.0,758.0
4050302646.0,4050302646014.0,14.0,747.0
4050302646.0,4050302646015.0,15.0,801.0
4050302646.0,4050302646016.0,16.0,866.0
4050302646.0,4050302646017.0,17.0,727.0
4050302646.0,4050302646018.0,18.0,733.0
4050302646.0,4050302646019.0,19.0,768.0
4050402665.0,4050402665001.0,1.0,569.0
4050402665.0,4050402665002.0,2.0,469.0
4050402665.0,4050402665003.0,3.0,368.0
4050402665.0,4050402665004.0,4.0,40.0
4050402665.0,4050402665005.0,5.0,744.0
4050402665.0,4050402665006.0,6.0,881.0
4050402665.0,4050402665007.0,7.0,179.0
4050402665.0,4050402665008.0,8.0,995.0
4050402665.0,4050402665009.0,9.0,330.0
4050402665.0,4050402665010.0,10.0,557.0
4050402665.0,4050402665011.0,11.0,832.0
4050402665.0,4050402665012.0,12.0,531.0
4050402665.0,4050402665013.0,13.0,523.0
4050402665.0,4050402665014.0,14.0,20.0
4050402665.0,4050402665015.0,15.0,810.0
4050402665.0,4050402665016.0,16.0,660.0
4050402665.0,4050402665017.0,17.0,119.0
4050402665.0,4050402665018.0,18.0,353.0
4050402665.0,4050402665019.0,19.0,977.0
4050402665.0,4050402665020.0,20.0,549.0
4050502685.0,4050502685001.0,1.0,245.0
4050502685.0,4050502685002.0,2.0,350.0
4060102687.0,4060102687001.0,1.0,401.0
4060102688.0,4060102688001.0,1.0,26.0
4060102688.0,4060102688002.0,2.0,48.0
4060102688.0,4060102688003.0,3.0,290.0
4060102688.0,4060102688004.0,4.0,752.0
4060102688.0,4060102688005.0,5.0,38.0
4060102688.0,4060102688006.0,6.0,725.0
4060102688.0,4060102688007.0,7.0,714.0
4060102688.0,4060102688008.0,8.0,201.0
4060102688.0,4060102688009.0,9.0,576.0
4060102688.0,4060102688010.0,10.0,328.0
4060102688.0,4060102688011.0,11.0,141.0
4060102688.0,4060102688012.0,12.0,579.0
4060102688.0,4060102688013.0,13.0,517.0
4060102688.0,4060102688014.0,14.0,659.0
4060102688.0,4060102688015.0,15.0,781.0
4060202703.0,4060202703001.0,1.0,759.0
4060202703.0,4060202703002.0,2.0,356.0
4060202703.0,4060202703003.0,3.0,433.0
4060202703.0,4060202703004.0,4.0,525.0
4060202703.0,4060202703005.0,5.0,255.0
4060202703.0,4060202703006.0,6.0,332.0
4060202703.0,4060202703007.0,7.0,686.0
4060202703.0,4060202703008.0,8.0,300.0
4060202703.0,4060202703009.0,9.0,545.0
4060202703.0,4060202703010.0,10.0,595.0
4060202703.0,4060202703011.0,11.0,709.0
4060202703.0,4060202703012.0,12.0,794.0
4060202703.0,4060202703013.0,13.0,353.0
4060202703.0,4060202703014.0,14.0,984.0
4060202703.0,4060202703015.0,15.0,515.0
4060202703.0,4060202703016.0,16.0,12.0
4060202703.0,4060202703017.0,17.0,587.0
4060202703.0,4060202703018.0,18.0,94.0
4060202703.0,4060202703019.0,19.0,663.0
4060202703.0,4060202703020.0,20.0,218.0
4060302723.0,4060302723001.0,1.0,447.0
4060302723.0,4060302723002.0,2.0,512.0
4060302723.0,4060302723003.0,3.0,797.0
4060302723.0,4060302723004.0,4.0,22.0
4070102727.0,4070102727001.0,1.0,422.0
4070102727.0,4070102727002.0,2.0,884.0
4070102727.0,4070102727003.0,3.0,126.0
4070102727.0,4070102727004.0,4.0,891.0
4070102727.0,4070102727005.0,5.0,442.0
4070102727.0,4070102727006.0,6.0,830.0
4070102727.0,4070102727007.0,7.0,573.0
4070102727.0,4070102727008.0,8.0,754.0
4070102727.0,4070102727009.0,9.0,531.0
4070102727.0,4070102727010.0,10.0,647.0
4070102727.0,4070102727011.0,11.0,848.0
4080102738.0,4080102738001.0,1.0,54.0
4080102738.0,4080102738002.0,2.0,722.0
4080102738.0,4080102738003.0,3.0,452.0
4080102738.0,4080102738004.0,4.0,988.0
4080102738.0,4080102738005.0,5.0,765.0
4080102738.0,4080102738006.0,6.0,256.0
4080102738.0,4080102738007.0,7.0,138.0
4080102738.0,4080102738008.0,8.0,971.0
4080102738.0,4080102738009.0,9.0,81.0
4080102738.0,4080102738010.0,10.0,498.0
4080102738.0,4080102738011.0,11.0,656.0
4080202749.0,4080202749001.0,1.0,847.0
4080202749.0,4080202749002.0,2.0,199.0
4080202749.0,4080202749003.0,3.0,987.0
4080202749.0,4080202749004.0,4.0,877.0
4080202749.0,4080202749005.0,5.0,676.0
4080202749.0,4080202749006.0,6.0,630.0
4080202749.0,4080202749007.0,7.0,298.0
4080202749.0,4080202749008.0,8.0,168.0
4080202749.0,4080202749009.0,9.0,911.0
4080202749.0,4080202749010.0,10.0,715.0
4080202749.0,4080202749011.0,11.0,861.0
4080202749.0,4080202749012.0,12.0,908.0
4080202749.0,4080202749013.0,13.0,416.0
4080202749.0,4080202749014.0,14.0,679.0
4080202749.0,4080202749015.0,15.0,317.0
4090102764.0,4090102764001.0,1.0,546.0
4090102764.0,4090102764002.0,2.0,677.0
4090102764.0,4090102764003.0,3.0,963.0
4090102764.0,4090102764004.0,4.0,334.0
4090102764.0,4090102764005.0,5.0,316.0
4090102764.0,4090102764006.0,6.0,769.0
4090102764.0,4090102764007.0,7.0,394.0
4090102764.0,4090102764008.0,8.0,436.0
4090102764.0,4090102764009.0,9.0,334.0
4090102764.0,4090102764010.0,10.0,364.0
4090102764.0,4090102764011.0,11.0,922.0
4090102764.0,4090102764012.0,12.0,8.0
4090102764.0,4090102764013.0,13.0,443.0
4090102764.0,4090102764014.0,14.0,514.0
4090102764.0,4090102764015.0,15.0,916.0
4090102764.0,4090102764016.0,16.0,511.0
4090202780.0,4090202780001.0,1.0,169.0
4090202780.0,4090202780002.0,2.0,765.0
4090202780.0,4090202780003.0,3.0,222.0
4090202780.0,4090202780004.0,4.0,653.0
4090202780.0,4090202780005.0,5.0,951.0
4090202780.0,4090202780006.0,6.0,506.0
4090202780.0,4090202780007.0,7.0,747.0
4090202780.0,4090202780008.0,8.0,895.0
4090202780.0,4090202780009.0,9.0,775.0
4090202780.0,4090202780010.0,10.0,789.0
4090202780.0,4090202780011.0,11.0,511.0
4090202780.0,4090202780012.0,12.0,32.0
4090202780.0,4090202780013.0,13.0,13.0
4090202793.0,4090202793001.0,1.0,898.0
4090202793.0,4090202793002.0,2.0,410.0
4090202793.0,4090202793003.0,3.0,109.0
4090202793.0,4090202793004.0,4.0,679.0
4090202793.0,4090202793005.0,5.0,164.0
4090202793.0,4090202793006.0,6.0,147.0
4090202793.0,4090202793007.0,7.0,833.0
4090202793.0,4090202793008.0,8.0,118.0
4090202793.0,4090202793009.0,9.0,913.0
4090202793.0,4090202793010.0,10.0,99.0
4090202793.0,4090202793011.0,11.0,659.0
4090202793.0,4090202793012.0,12.0,597.0
4090202793.0,4090202793013.0,13.0,846.0
4090202793.0,4090202793014.0,14.0,293.0
4090202793.0,4090202793015.0,15.0,864.0
4090202793.0,4090202793016.0,16.0,572.0
4090202793.0,4090202793017.0,17.0,463.0
4090202793.0,4090202793018.0,18.0,540.0
4090202793.0,4090202793019.0,19.0,75.0
4090302812.0,4090302812001.0,1.0,738.0
4090302812.0,4090302812002.0,2.0,702.0
4090302812.0,4090302812003.0,3.0,295.0
4090302812.0,4090302812004.0,4.0,750.0
4090302812.0,4090302812005.0,5.0,664.0
4090302812.0,4090302812006.0,6.0,26.0
4090302812.0,4090302812007.0,7.0,862.0
4090302812.0,4090302812008.0,8.0,878.0
4090302812.0,4090302812009.0,9.0,73.0
4090302812.0,4090302812010.0,10.0,161.0
4090302812.0,4090302812011.0,11.0,237.0
4090302812.0,4090302812012.0,12.0,246.0
4090302812.0,4090302812013.0,13.0,363.0
4090302812.0,4090302812014.0,14.0,301.0
4090302812.0,4090302812015.0,15.0,637.0
4090302812.0,4090302812016.0,16.0,397.0
4090302812.0,4090302812017.0,17.0,672.0
4090302812.0,4090302812018.0,18.0,986.0
4090302812.0,4090302812019.0,19.0,339.0
4090302812.0,4090302812020.0,20.0,995.0
4110102832.0,4110102832001.0,1.0,900.0
4110102832.0,4110102832002.0,2.0,290.0
4110102832.0,4110102832003.0,3.0,836.0
4110102832.0,4110102832004.0,4.0,673.0
4110102832.0,4110102832005.0,5.0,339.0
4110102832.0,4110102832006.0,6.0,96.0
4110102832.0,4110102832007.0,7.0,303.0
4110102832.0,4110102832008.0,8.0,692.0
4110102832.0,4110102832009.0,9.0,312.0
4110102832.0,4110102832010.0,10.0,556.0
4110102832.0,4110102832011.0,11.0,726.0
4110102832.0,4110102832012.0,12.0,89.0
4110102832.0,4110102832013.0,13.0,798.0
4110102832.0,4110102832014.0,14.0,115.0
4110102832.0,4110102832015.0,15.0,320.0
4110102832.0,4110102832016.0,16.0,537.0
4110102832.0,4110102832017.0,17.0,115.0
4110102832.0,4110102832018.0,18.0,313.0
4110102832.0,4110102832019.0,19.0,674.0
4110102832.0,4110102832020.0,20.0,367.0
4110102852.0,4110102852001.0,1.0,330.0
4110102852.0,4110102852002.0,2.0,29.0
4110102852.0,4110102852003.0,3.0,243.0
4110102852.0,4110102852004.0,4.0,96.0
4110102852.0,4110102852005.0,5.0,943.0
4110102852.0,4110102852006.0,6.0,643.0
4110102852.0,4110102852007.0,7.0,555.0
4110102852.0,4110102852008.0,8.0,572.0
4110102852.0,4110102852009.0,9.0,907.0
4110102852.0,4110102852010.0,10.0,477.0
4110102852.0,4110102852011.0,11.0,857.0
4110102852.0,4110102852012.0,12.0,784.0
4110102852.0,4110102852013.0,13.0,506.0
4110102852.0,4110102852014.0,14.0,194.0
4110102852.0,4110102852015.0,15.0,312.0
4120102867.0,4120102867001.0,1.0,894.0
4120102867.0,4120102867002.0,2.0,176.0
4120102867.0,4120102867003.0,3.0,290.0
4120102867.0,4120102867004.0,4.0,817.0
4120102867.0,4120102867005.0,5.0,562.0
4120102867.0,4120102867006.0,6.0,748.0
4120102867.0,4120102867007.0,7.0,618.0
4120102867.0,4120102867008.0,8.0,792.0
4120102867.0,4120102867009.0,9.0,224.0
4120102867.0,4120102867010.0,10.0,653.0
4120102867.0,4120102867011.0,11.0,37.0
4120102867.0,4120102867012.0,12.0,769.0
4120202879.0,4120202879001.0,1.0,668.0
4120202879.0,4120202879002.0,2.0,632.0
4120202879.0,4120202879003.0,3.0,613.0
4120202879.0,4120202879004.0,4.0,857.0
4120202879.0,4120202879005.0,5.0,605.0
4120202879.0,4120202879006.0,6.0,794.0
4130102885.0,4130102885001.0,1.0,863.0
4130102885.0,4130102885002.0,2.0,781.0
4130102885.0,4130102885003.0,3.0,831.0
4130102885.0,4130102885004.0,4.0,200.0
4130102885.0,4130102885005.0,5.0,413.0
4130102885.0,4130102885006.0,6.0,110.0
4130102885.0,4130102885007.0,7.0,175.0
4130102885.0,4130102885008.0,8.0,566.0
4130102885.0,4130102885009.0,9.0,182.0
4130102885.0,4130102885010.0,10.0,164.0
4130102885.0,4130102885011.0,11.0,580.0
4130102885.0,4130102885012.0,12.0,324.0
4130102885.0,4130102885013.0,13.0,87.0
4140102898.0,4140102898001.0,1.0,501.0
4140102898.0,4140102898002.0,2.0,796.0
4140102898.0,4140102898003.0,3.0,413.0
4140102898.0,4140102898004.0,4.0,905.0
4140102898.0,4140102898005.0,5.0,156.0
4140102898.0,4140102898006.0,6.0,67.0
4140102898.0,4140102898007.0,7.0,62.0
4140102898.0,4140102898008.0,8.0,635.0
4140102898.0,4140102898009.0,9.0,757.0
4140102898.0,4140102898010.0,10.0,77.0
4140102898.0,4140102898011.0,11.0,862.0
4140102909.0,4140102909001.0,1.0,70.0
4140102909.0,4140102909002.0,2.0,57.0
4140102909.0,4140102909003.0,3.0,30.0
4140102909.0,4140102909004.0,4.0,786.0
4140102909.0,4140102909005.0,5.0,235.0
4140102909.0,4140102909006.0,6.0,846.0
4140102909.0,4140102909007.0,7.0,339.0
4140102909.0,4140102909008.0,8.0,127.0
4140102909.0,4140102909009.0,9.0,422.0
4140102909.0,4140102909010.0,10.0,654.0
4140102909.0,4140102909011.0,11.0,253.0
4140102909.0,4140102909012.0,12.0,98.0
4140102909.0,4140102909013.0,13.0,318.0
4140102909.0,4140102909014.0,14.0,408.0
4140102909.0,4140102909015.0,15.0,732.0
4140102909.0,4140102909016.0,16.0,645.0
4140102909.0,4140102909017.0,17.0,989.0
4140102909.0,4140102909018.0,18.0,411.0
4140102909.0,4140102909019.0,19.0,183.0
4140102928.0,4140102928001.0,1.0,330.0
4140102928.0,4140102928002.0,2.0,966.0
4140102928.0,4140102928003.0,3.0,82.0
4140102928.0,4140102928004.0,4.0,646.0
4140102928.0,4140102928005.0,5.0,358.0
4140102928.0,4140102928006.0,6.0,366.0
4140102928.0,4140102928007.0,7.0,267.0
4140102928.0,4140102928008.0,8.0,297.0
4140102928.0,4140102928009.0,9.0,828.0
4140102928.0,4140102928010.0,10.0,445.0
4140102928.0,4140102928011.0,11.0,274.0
4140102928.0,4140102928012.0,12.0,574.0
4140102928.0,4140102928013.0,13.0,7.0
4140102928.0,4140102928014.0,14.0,209.0
4140102928.0,4140102928015.0,15.0,605.0
4140102928.0,4140102928016.0,16.0,418.0
4140102928.0,4140102928017.0,17.0,860.0
4150102945.0,4150102945001.0,1.0,128.0
4150102945.0,4150102945002.0,2.0,53.0
4150102945.0,4150102945003.0,3.0,481.0
4150102945.0,4150102945004.0,4.0,515.0
4150102945.0,4150102945005.0,5.0,541.0
4150102945.0,4150102945006.0,6.0,546.0
4150102945.0,4150102945007.0,7.0,966.0
4150102945.0,4150102945008.0,8.0,562.0
4150102945.0,4150102945009.0,9.0,892.0
4150102945.0,4150102945010.0,10.0,317.0
4150102945.0,4150102945011.0,11.0,460.0
4150102956.0,4150102956001.0,1.0,533.0
4150102956.0,4150102956002.0,2.0,129.0
4150102956.0,4150102956003.0,3.0,24.0
4150102956.0,4150102956004.0,4.0,623.0
4150102956.0,4150102956005.0,5.0,6.0
4150102956.0,4150102956006.0,6.0,542.0
4150102956.0,4150102956007.0,7.0,428.0
4150102956.0,4150102956008.0,8.0,961.0
4150102956.0,4150102956009.0,9.0,765.0
4150102956.0,4150102956010.0,10.0,723.0
4150102956.0,4150102956011.0,11.0,135.0
4150102956.0,4150102956012.0,12.0,62.0
4150102956.0,4150102956013.0,13.0,539.0
4150102956.0,4150102956014.0,14.0,522.0
4150102956.0,4150102956015.0,15.0,758.0
4150102956.0,4150102956016.0,16.0,789.0
4150202972.0,4150202972001.0,1.0,716.0
4150202972.0,4150202972002.0,2.0,878.0
4150202972.0,4150202972003.0,3.0,600.0
4150202972.0,4150202972004.0,4.0,529.0
4150202972.0,4150202972005.0,5.0,334.0
4150202972.0,4150202972006.0,6.0,319.0
4150202972.0,4150202972007.0,7.0,333.0
4150202972.0,4150202972008.0,8.0,611.0
4150202972.0,4150202972009.0,9.0,134.0
4150202972.0,4150202972010.0,10.0,376.0
4150302982.0,4150302982001.0,1.0,995.0
4150302982.0,4150302982002.0,2.0,427.0
4150302982.0,4150302982003.0,3.0,396.0
4150302985.0,4150302985001.0,1.0,878.0
4150302985.0,4150302985002.0,2.0,456.0
4150302985.0,4150302985003.0,3.0,394.0
4150302985.0,4150302985004.0,4.0,359.0
4150302985.0,4150302985005.0,5.0,186.0
4150302985.0,4150302985006.0,6.0,404.0
4150302985.0,4150302985007.0,7.0,534.0
4150302985.0,4150302985008.0,8.0,94.0
5010102993.0,5010102993001.0,1.0,261.0
5010102993.0,5010102993002.0,2.0,573.0
5010102993.0,5010102993003.0,3.0,110.0
5010102993.0,5010102993004.0,4.0,201.0
5010102993.0,5010102993005.0,5.0,854.0
5010102993.0,5010102993006.0,6.0,108.0
5010102993.0,5010102993007.0,7.0,195.0
5010102993.0,5010102993008.0,8.0,808.0
5010102993.0,5010102993009.0,9.0,339.0
5010102993.0,5010102993010.0,10.0,381.0
5010102993.0,5010102993011.0,11.0,64.0
5010103004.0,5010103004001.0,1.0,746.0
5010103004.0,5010103004002.0,2.0,844.0
5010103004.0,5010103004003.0,3.0,998.0
5010103004.0,5010103004004.0,4.0,672.0
5010103008.0,5010103008001.0,1.0,699.0
5010103008.0,5010103008002.0,2.0,268.0
5010203010.0,5010203010001.0,1.0,734.0
5010203010.0,5010203010002.0,2.0,168.0
5010203010.0,5010203010003.0,3.0,20.0
5010203010.0,5010203010004.0,4.0,23.0
5010203010.0,5010203010005.0,5.0,135.0
5010203010.0,5010203010006.0,6.0,355.0
5010203010.0,5010203010007.0,7.0,124.0
5010203010.0,5010203010008.0,8.0,196.0
5010203010.0,5010203010009.0,9.0,813.0
5010203010.0,5010203010010.0,10.0,443.0
5010203010.0,5010203010011.0,11.0,312.0
5010203010.0,5010203010012.0,12.0,830.0
5010203010.0,5010203010013.0,13.0,384.0
5010203010.0,5010203010014.0,14.0,223.0
5010203010.0,5010203010015.0,15.0,5.0
5010203010.0,5010203010016.0,16.0,588.0
5010203010.0,5010203010017.0,17.0,30.0
5010203010.0,5010203010018.0,18.0,332.0
5010203010.0,5010203010019.0,19.0,249.0
5010203029.0,5010203029001.0,1.0,674.0
5010203029.0,5010203029002.0,2.0,868.0
5010203029.0,5010203029003.0,3.0,958.0
5010203029.0,5010203029004.0,4.0,806.0
5010203029.0,5010203029005.0,5.0,952.0
5010203029.0,5010203029006.0,6.0,681.0
5010203029.0,5010203029007.0,7.0,55.0
5010203029.0,5010203029008.0,8.0,105.0
5010203029.0,5010203029009.0,9.0,809.0
5010203029.0,5010203029010.0,10.0,174.0
5010203029.0,5010203029011.0,11.0,732.0
5010203029.0,5010203029012.0,12.0,45.0
5010203029.0,5010203029013.0,13.0,930.0
5010303042.0,5010303042001.0,1.0,418.0
5010303042.0,5010303042002.0,2.0,835.0
5010303042.0,5010303042003.0,3.0,237.0
5010303042.0,5010303042004.0,4.0,214.0
5010303042.0,5010303042005.0,5.0,648.0
5010303042.0,5010303042006.0,6.0,186.0
5010303042.0,5010303042007.0,7.0,423.0
5010303042.0,5010303042008.0,8.0,952.0
5010303042.0,5010303042009.0,9.0,29.0
5010403051.0,5010403051001.0,1.0,401.0
5010403051.0,5010403051002.0,2.0,835.0
5010403051.0,5010403051003.0,3.0,146.0
5020103054.0,5020103054001.0,1.0,738.0
5020103054.0,5020103054002.0,2.0,518.0
5020103054.0,5020103054003.0,3.0,743.0
5020103054.0,5020103054004.0,4.0,679.0
5020103054.0,5020103054005.0,5.0,198.0
5020103054.0,5020103054006.0,6.0,446.0
5020103054.0,5020103054007.0,7.0,755.0
5020103054.0,5020103054008.0,8.0,395.0
5020103054.0,5020103054009.0,9.0,123.0
5020103054.0,5020103054010.0,10.0,989.0
5020103064.0,5020103064001.0,1.0,413.0
5020103064.0,5020103064002.0,2.0,70.0
5020103064.0,5020103064003.0,3.0,890.0
5020103064.0,5020103064004.0,4.0,819.0
5020103064.0,5020103064005.0,5.0,500.0
5020103064.0,5020103064006.0,6.0,171.0
5020103064.0,5020103064007.0,7.0,299.0
5020103064.0,5020103064008.0,8.0,424.0
5020103064.0,5020103064009.0,9.0,291.0
5020103064.0,5020103064010.0,10.0,395.0
5020103064.0,5020103064011.0,11.0,66.0
5020103064.0,5020103064012.0,12.0,783.0
5020103064.0,5020103064013.0,13.0,379.0
5020103064.0,5020103064014.0,14.0,258.0
5020103064.0,5020103064015.0,15.0,752.0
5020103064.0,5020103064016.0,16.0,166.0
5020203080.0,5020203080001.0,1.0,331.0
5020203080.0,5020203080002.0,2.0,853.0
5020203080.0,5020203080003.0,3.0,130.0
5020203080.0,5020203080004.0,4.0,227.0
5020203080.0,5020203080005.0,5.0,952.0
5020203080.0,5020203080006.0,6.0,609.0
5020203080.0,5020203080007.0,7.0,60.0
5020203087.0,5020203087001.0,1.0,963.0
5020203087.0,5020203087002.0,2.0,667.0
5020203087.0,5020203087003.0,3.0,609.0
5020203087.0,5020203087004.0,4.0,275.0
5020203087.0,5020203087005.0,5.0,550.0
5020203087.0,5020203087006.0,6.0,798.0
5020203087.0,5020203087007.0,7.0,912.0
5020203087.0,5020203087008.0,8.0,978.0
5020203087.0,5020203087009.0,9.0,77.0
5020203087.0,5020203087010.0,10.0,373.0
5020203097.0,5020203097001.0,1.0,579.0
5020203097.0,5020203097002.0,2.0,456.0
5020203097.0,5020203097003.0,3.0,877.0
5020203097.0,5020203097004.0,4.0,716.0
5020203097.0,5020203097005.0,5.0,417.0
5020203097.0,5020203097006.0,6.0,131.0
5020203097.0,5020203097007.0,7.0,456.0
5020303104.0,5020303104001.0,1.0,807.0
5020303104.0,5020303104002.0,2.0,592.0
5020303104.0,5020303104003.0,3.0,359.0
5020303104.0,5020303104004.0,4.0,871.0
5020303104.0,5020303104005.0,5.0,661.0
5020403109.0,5020403109001.0,1.0,889.0
5020403109.0,5020403109002.0,2.0,848.0
5020403111.0,5020403111001.0,1.0,790.0
5020403111.0,5020403111002.0,2.0,420.0
5020403111.0,5020403111003.0,3.0,293.0
5020403111.0,5020403111004.0,4.0,179.0
5020403111.0,5020403111005.0,5.0,744.0
5020403111.0,5020403111006.0,6.0,244.0
5020403111.0,5020403111007.0,7.0,548.0
5020403111.0,5020403111008.0,8.0,940.0
5020403111.0,5020403111009.0,9.0,831.0
5020403111.0,5020403111010.0,10.0,263.0
5020403111.0,5020403111011.0,11.0,528.0
5020403111.0,5020403111012.0,12.0,925.0
5020403111.0,5020403111013.0,13.0,479.0
5020403111.0,5020403111014.0,14.0,723.0
5020403111.0,5020403111015.0,15.0,135.0
5020403111.0,5020403111016.0,16.0,250.0
5020403127.0,5020403127001.0,1.0,434.0
5020403127.0,5020403127002.0,2.0,399.0
5020403127.0,5020403127003.0,3.0,287.0
5020403127.0,5020403127004.0,4.0,349.0
5020403127.0,5020403127005.0,5.0,498.0
5020403127.0,5020403127006.0,6.0,419.0
5020403127.0,5020403127007.0,7.0,385.0
5020403127.0,5020403127008.0,8.0,124.0
5020403127.0,5020403127009.0,9.0,550.0
5020403127.0,5020403127010.0,10.0,278.0
5020403127.0,5020403127011.0,11.0,467.0
5030103138.0,5030103138001.0,1.0,767.0
5030103138.0,5030103138002.0,2.0,965.0
5030103140.0,5030103140001.0,1.0,586.0
5030103140.0,5030103140002.0,2.0,440.0
5030103140.0,5030103140003.0,3.0,771.0
5030103140.0,5030103140004.0,4.0,549.0
5030103140.0,5030103140005.0,5.0,598.0
5030103140.0,5030103140006.0,6.0,871.0
5030103140.0,5030103140007.0,7.0,750.0
5030103140.0,5030103140008.0,8.0,355.0
5030103140.0,5030103140009.0,9.0,334.0
5030103140.0,5030103140010.0,10.0,384.0
5030103140.0,5030103140011.0,11.0,633.0
5030103140.0,5030103140012.0,12.0,684.0
5030103140.0,5030103140013.0,13.0,127.0
5030103140.0,5030103140014.0,14.0,368.0
5030103140.0,5030103140015.0,15.0,568.0
5030103140.0,5030103140016.0,16.0,759.0
5030103140.0,5030103140017.0,17.0,282.0
5030103140.0,5030103140018.0,18.0,542.0
5030103140.0,5030103140019.0,19.0,873.0
5030103159.0,5030103159001.0,1.0,202.0
5030103159.0,5030103159002.0,2.0,440.0
5030103159.0,5030103159003.0,3.0,818.0
5030103159.0,5030103159004.0,4.0,432.0
5030103159.0,5030103159005.0,5.0,19.0
5030103159.0,5030103159006.0,6.0,556.0
5030103159.0,5030103159007.0,7.0,925.0
5030103159.0,5030103159008.0,8.0,140.0
5030103159.0,5030103159009.0,9.0,689.0
5030103159.0,5030103159010.0,10.0,507.0
5030103159.0,5030103159011.0,11.0,777.0
5030303170.0,5030303170001.0,1.0,97.0
5030303170.0,5030303170002.0,2.0,487.0
5030303170.0,5030303170003.0,3.0,126.0
5030303170.0,5030303170004.0,4.0,524.0
5030303170.0,5030303170005.0,5.0,553.0
5030303170.0,5030303170006.0,6.0,33.0
5030303170.0,5030303170007.0,7.0,511.0
5030303170.0,5030303170008.0,8.0,681.0
5030303170.0,5030303170009.0,9.0,316.0
5030303170.0,5030303170010.0,10.0,329.0
5030303170.0,5030303170011.0,11.0,350.0
5030303170.0,5030303170012.0,12.0,278.0
5030303170.0,5030303170013.0,13.0,747.0
5030303170.0,5030303170014.0,14.0,128.0
5030303170.0,5030303170015.0,15.0,144.0
5030303170.0,5030303170016.0,16.0,523.0
5040103186.0,5040103186001.0,1.0,302.0
5040103186.0,5040103186002.0,2.0,747.0
5040103186.0,5040103186003.0,3.0,178.0
5040103186.0,5040103186004.0,4.0,752.0
5040103186.0,5040103186005.0,5.0,71.0
5040103186.0,5040103186006.0,6.0,594.0
5040103192.0,5040103192001.0,1.0,424.0
5040103193.0,5040103193001.0,1.0,147.0
5040103194.0,5040103194001.0,1.0,446.0
5040103194.0,5040103194002.0,2.0,218.0
5040103194.0,5040103194003.0,3.0,765.0
5040103194.0,5040103194004.0,4.0,848.0
5040103194.0,5040103194005.0,5.0,722.0
5040103194.0,5040103194006.0,6.0,750.0
5040103194.0,5040103194007.0,7.0,292.0
5040103194.0,5040103194008.0,8.0,590.0
5040103194.0,5040103194009.0,9.0,681.0
5040203203.0,5040203203001.0,1.0,672.0
5040203203.0,5040203203002.0,2.0,205.0
5040203203.0,5040203203003.0,3.0,127.0
5040203203.0,5040203203004.0,4.0,368.0
5040203203.0,5040203203005.0,5.0,497.0
5040303208.0,5040303208001.0,1.0,364.0
5040303208.0,5040303208002.0,2.0,850.0
5040303208.0,5040303208003.0,3.0,71.0
5040303208.0,5040303208004.0,4.0,778.0
5040303208.0,5040303208005.0,5.0,774.0
5040303208.0,5040303208006.0,6.0,597.0
5040303208.0,5040303208007.0,7.0,413.0
5040303208.0,5040303208008.0,8.0,691.0
5040303208.0,5040303208009.0,9.0,644.0
5040303208.0,5040303208010.0,10.0,807.0
5040303208.0,5040303208011.0,11.0,925.0
5040303208.0,5040303208012.0,12.0,846.0
5040303208.0,5040303208013.0,13.0,73.0
5040303221.0,5040303221001.0,1.0,405.0
5040303221.0,5040303221002.0,2.0,732.0
5040303221.0,5040303221003.0,3.0,598.0
5040303221.0,5040303221004.0,4.0,724.0
5040303221.0,5040303221005.0,5.0,789.0
5040303221.0,5040303221006.0,6.0,690.0
5040303221.0,5040303221007.0,7.0,955.0
5040303221.0,5040303221008.0,8.0,350.0
5040303221.0,5040303221009.0,9.0,911.0
5040303221.0,5040303221010.0,10.0,117.0
5040303221.0,5040303221011.0,11.0,137.0
5040403232.0,5040403232001.0,1.0,336.0
5040403232.0,5040403232002.0,2.0,574.0
5040403232.0,5040403232003.0,3.0,349.0
5040403232.0,5040403232004.0,4.0,907.0
5040403232.0,5040403232005.0,5.0,409.0
5040403232.0,5040403232006.0,6.0,566.0
5040403232.0,5040403232007.0,7.0,245.0
5040403232.0,5040403232008.0,8.0,166.0
5040403232.0,5040403232009.0,9.0,774.0
5040403232.0,5040403232010.0,10.0,626.0
5040403232.0,5040403232011.0,11.0,16.0
5040403232.0,5040403232012.0,12.0,912.0
5040403232.0,5040403232013.0,13.0,143.0
5040403232.0,5040403232014.0,14.0,555.0
5040403232.0,5040403232015.0,15.0,791.0
5040403247.0,5040403247001.0,1.0,940.0
5040403247.0,5040403247002.0,2.0,251.0
5040403247.0,5040403247003.0,3.0,513.0
5040403247.0,5040403247004.0,4.0,218.0
5040403247.0,5040403247005.0,5.0,323.0
5040403247.0,5040403247006.0,6.0,486.0
5040403247.0,5040403247007.0,7.0,473.0
5040403247.0,5040403247008.0,8.0,152.0
5040403247.0,5040403247009.0,9.0,626.0
5040403247.0,5040403247010.0,10.0,662.0
5040403247.0,5040403247011.0,11.0,275.0
5040403247.0,5040403247012.0,12.0,153.0
5040403247.0,5040403247013.0,13.0,578.0
5040503260.0,5040503260001.0,1.0,817.0
5040503260.0,5040503260002.0,2.0,778.0
5040503260.0,5040503260003.0,3.0,476.0
5040503263.0,5040503263001.0,1.0,774.0
5040503263.0,5040503263002.0,2.0,595.0
5040503263.0,5040503263003.0,3.0,449.0
5040503263.0,5040503263004.0,4.0,123.0
5040503263.0,5040503263005.0,5.0,661.0
5040503263.0,5040503263006.0,6.0,155.0
5040503263.0,5040503263007.0,7.0,768.0
5040503263.0,5040503263008.0,8.0,96.0
5040503263.0,5040503263009.0,9.0,391.0
5040503263.0,5040503263010.0,10.0,390.0
5040503263.0,5040503263011.0,11.0,743.0
5040503263.0,5040503263012.0,12.0,382.0
5040503263.0,5040503263013.0,13.0,332.0
5040503263.0,5040503263014.0,14.0,264.0
5040503263.0,5040503263015.0,15.0,608.0
5040503263.0,5040503263016.0,16.0,286.0
5040503263.0,5040503263017.0,17.0,418.0
5040503263.0,5040503263018.0,18.0,77.0
5040503263.0,5040503263019.0,19.0,47.0
5040503263.0,5040503263020.0,20.0,541.0
5040503283.0,5040503283001.0,1.0,529.0
5040503283.0,5040503283002.0,2.0,485.0
5040503283.0,5040503283003.0,3.0,889.0
5040503283.0,5040503283004.0,4.0,877.0
5040503283.0,5040503283005.0,5.0,649.0
5040503283.0,5040503283006.0,6.0,273.0
5040503283.0,5040503283007.0,7.0,30.0
5040503283.0,5040503283008.0,8.0,159.0
5040503283.0,5040503283009.0,9.0,334.0
5040503283.0,5040503283010.0,10.0,562.0
5040503283.0,5040503283011.0,11.0,617.0
5040503283.0,5040503283012.0,12.0,922.0
5040503283.0,5040503283013.0,13.0,220.0
5040503283.0,5040503283014.0,14.0,784.0
5050203297.0,5050203297001.0,1.0,649.0
5050203297.0,5050203297002.0,2.0,502.0
5050203297.0,5050203297003.0,3.0,214.0
5050203297.0,5050203297004.0,4.0,620.0
5050203297.0,5050203297005.0,5.0,921.0
5050203297.0,5050203297006.0,6.0,620.0
5050203297.0,5050203297007.0,7.0,948.0
5050203297.0,5050203297008.0,8.0,225.0
5050203297.0,5050203297009.0,9.0,423.0
5050203297.0,5050203297010.0,10.0,826.0
5050203297.0,5050203297011.0,11.0,414.0
5050203297.0,5050203297012.0,12.0,386.0
5050203297.0,5050203297013.0,13.0,823.0
5050203297.0,5050203297014.0,14.0,870.0
5050203297.0,5050203297015.0,15.0,72.0
5050203297.0,5050203297016.0,16.0,714.0
5050203297.0,5050203297017.0,17.0,946.0
5050203314.0,5050203314001.0,1.0,395.0
5050203314.0,5050203314002.0,2.0,634.0
5050203314.0,5050203314003.0,3.0,90.0
5050203314.0,5050203314004.0,4.0,390.0
5050203314.0,5050203314005.0,5.0,498.0
5050203314.0,5050203314006.0,6.0,426.0
5050203314.0,5050203314007.0,7.0,963.0
5050203314.0,5050203314008.0,8.0,945.0
5050203314.0,5050203314009.0,9.0,988.0
5050203314.0,5050203314010.0,10.0,375.0
5050203314.0,5050203314011.0,11.0,17.0
5050203314.0,5050203314012.0,12.0,299.0
5050203314.0,5050203314013.0,13.0,355.0
5050203314.0,5050203314014.0,14.0,534.0
5050203314.0,5050203314015.0,15.0,347.0
5070203329.0,5070203329001.0,1.0,613.0
5070203329.0,5070203329002.0,2.0,316.0
5070203329.0,5070203329003.0,3.0,969.0
5070203329.0,5070203329004.0,4.0,612.0
5070203329.0,5070203329005.0,5.0,865.0
5070203329.0,5070203329006.0,6.0,156.0
5070203329.0,5070203329007.0,7.0,436.0
5070203329.0,5070203329008.0,8.0,870.0
5070203329.0,5070203329009.0,9.0,232.0
5070203329.0,5070203329010.0,10.0,400.0
5070203329.0,5070203329011.0,11.0,513.0
5070203329.0,5070203329012.0,12.0,913.0
5070203329.0,5070203329013.0,13.0,554.0
5070203329.0,5070203329014.0,14.0,491.0
5070203329.0,5070203329015.0,15.0,718.0
5070203329.0,5070203329016.0,16.0,575.0
5070203345.0,5070203345001.0,1.0,299.0
5070203345.0,5070203345002.0,2.0,701.0
5070203345.0,5070203345003.0,3.0,211.0
5080103348.0,5080103348001.0,1.0,602.0
5080103348.0,5080103348002.0,2.0,51.0
5080103348.0,5080103348003.0,3.0,737.0
5080103348.0,5080103348004.0,4.0,386.0
5080103348.0,5080103348005.0,5.0,215.0
5080103348.0,5080103348006.0,6.0,854.0
5080103348.0,5080103348007.0,7.0,654.0
5080103348.0,5080103348008.0,8.0,954.0
5080103348.0,5080103348009.0,9.0,986.0
5080103348.0,5080103348010.0,10.0,524.0
5080103348.0,5080103348011.0,11.0,179.0
5080103348.0,5080103348012.0,12.0,836.0
5080103348.0,5080103348013.0,13.0,727.0
5080103348.0,5080103348014.0,14.0,780.0
5080103348.0,5080103348015.0,15.0,106.0
5080103348.0,5080103348016.0,16.0,175.0
5080103348.0,5080103348017.0,17.0,564.0
5080103348.0,5080103348018.0,18.0,522.0
5080203366.0,5080203366001.0,1.0,20.0
5080203366.0,5080203366002.0,2.0,785.0
5080203366.0,5080203366003.0,3.0,952.0
5080203366.0,5080203366004.0,4.0,203.0
5080203366.0,5080203366005.0,5.0,956.0
5080203366.0,5080203366006.0,6.0,92.0
5080203366.0,5080203366007.0,7.0,936.0
5080203366.0,5080203366008.0,8.0,735.0
5080203366.0,5080203366009.0,9.0,712.0
5080203366.0,5080203366010.0,10.0,54.0
5080203366.0,5080203366011.0,11.0,407.0
5080203366.0,5080203366012.0,12.0,678.0
5080203366.0,5080203366013.0,13.0,35.0
5080203366.0,5080203366014.0,14.0,210.0
5080203366.0,5080203366015.0,15.0,393.0
5080203366.0,5080203366016.0,16.0,370.0
5080203366.0,5080203366017.0,17.0,12.0
5090103383.0,5090103383001.0,1.0,87.0
5090103383.0,5090103383002.0,2.0,864.0
5090103383.0,5090103383003.0,3.0,695.0
5090103383.0,5090103383004.0,4.0,328.0
5090103383.0,5090103383005.0,5.0,243.0
5090103383.0,5090103383006.0,6.0,768.0
5090103383.0,5090103383007.0,7.0,290.0
5090103383.0,5090103383008.0,8.0,604.0
5090103391.0,5090103391001.0,1.0,535.0
5090103391.0,5090103391002.0,2.0,914.0
5090103391.0,5090103391003.0,3.0,412.0
5090203394.0,5090203394001.0,1.0,174.0
5090203394.0,5090203394002.0,2.0,581.0
5090203394.0,5090203394003.0,3.0,426.0
5090203394.0,5090203394004.0,4.0,897.0
5090203394.0,5090203394005.0,5.0,227.0
5090203394.0,5090203394006.0,6.0,54.0
5090203394.0,5090203394007.0,7.0,139.0
5090203394.0,5090203394008.0,8.0,777.0
5090203394.0,5090203394009.0,9.0,341.0
5090203394.0,5090203394010.0,10.0,397.0
5090203394.0,5090203394011.0,11.0,397.0
5090203394.0,5090203394012.0,12.0,965.0
5090203394.0,5090203394013.0,13.0,167.0
5090203394.0,5090203394014.0,14.0,765.0
5090203394.0,5090203394015.0,15.0,230.0
5090203394.0,5090203394016.0,16.0,392.0
5090203410.0,5090203410001.0,1.0,128.0
5090203410.0,5090203410002.0,2.0,506.0
5090203410.0,5090203410003.0,3.0,891.0
5090203410.0,5090203410004.0,4.0,545.0
5090203410.0,5090203410005.0,5.0,623.0
5090203410.0,5090203410006.0,6.0,746.0
5090203410.0,5090203410007.0,7.0,126.0
5090203410.0,5090203410008.0,8.0,919.0
5090203410.0,5090203410009.0,9.0,967.0
5090203410.0,5090203410010.0,10.0,207.0
5090203410.0,5090203410011.0,11.0,690.0
5090203410.0,5090203410012.0,12.0,291.0
5090203410.0,5090203410013.0,13.0,953.0
5090203410.0,5090203410014.0,14.0,393.0
5090203410.0,5090203410015.0,15.0,864.0
5100103425.0,5100103425001.0,1.0,447.0
5100103425.0,5100103425002.0,2.0,228.0
5100103425.0,5100103425003.0,3.0,962.0
5100103425.0,5100103425004.0,4.0,195.0
5100103425.0,5100103425005.0,5.0,247.0
5100103425.0,5100103425006.0,6.0,456.0
5100103425.0,5100103425007.0,7.0,385.0
5100103425.0,5100103425008.0,8.0,101.0
5100103425.0,5100103425009.0,9.0,217.0
5100103425.0,5100103425010.0,10.0,134.0
5100103425.0,5100103425011.0,11.0,712.0
5100103425.0,5100103425012.0,12.0,287.0
5100103425.0,5100103425013.0,13.0,19.0
5110103438.0,5110103438001.0,1.0,819.0
5110103438.0,5110103438002.0,2.0,349.0
5110103438.0,5110103438003.0,3.0,690.0
5110103438.0,5110103438004.0,4.0,18.0
5110103438.0,5110103438005.0,5.0,31.0
5110103438.0,5110103438006.0,6.0,308.0
5110103438.0,5110103438007.0,7.0,408.0
5110103438.0,5110103438008.0,8.0,90.0
5110103438.0,5110103438009.0,9.0,489.0
5110103438.0,5110103438010.0,10.0,959.0
5110103438.0,5110103438011.0,11.0,187.0
5110103438.0,5110103438012.0,12.0,107.0
5110103438.0,5110103438013.0,13.0,161.0
5110103438.0,5110103438014.0,14.0,411.0
5110103438.0,5110103438015.0,15.0,832.0
5110103438.0,5110103438016.0,16.0,883.0
5110103438.0,5110103438017.0,17.0,112.0
5110103438.0,5110103438018.0,18.0,178.0
5110103438.0,5110103438019.0,19.0,342.0
5110103438.0,5110103438020.0,20.0,648.0
5110203458.0,5110203458001.0,1.0,694.0
5110203458.0,5110203458002.0,2.0,185.0
5110203458.0,5110203458003.0,3.0,191.0
5110203458.0,5110203458004.0,4.0,940.0
5110203458.0,5110203458005.0,5.0,239.0
5110203458.0,5110203458006.0,6.0,619.0
5110203458.0,5110203458007.0,7.0,700.0
5110203458.0,5110203458008.0,8.0,463.0
5110203458.0,5110203458009.0,9.0,321.0
5110203458.0,5110203458010.0,10.0,90.0
5110203458.0,5110203458011.0,11.0,211.0
5110203458.0,5110203458012.0,12.0,76.0
5110203458.0,5110203458013.0,13.0,366.0
5110203471.0,5110203471001.0,1.0,65.0
5110203471.0,5110203471002.0,2.0,648.0
5110203471.0,5110203471003.0,3.0,499.0
5110203471.0,5110203471004.0,4.0,180.0
5110203471.0,5110203471005.0,5.0,720.0
5110303476.0,5110303476001.0,1.0,639.0
5110303476.0,5110303476002.0,2.0,748.0
5110303476.0,5110303476003.0,3.0,8.0
5110303476.0,5110303476004.0,4.0,674.0
5110303476.0,5110303476005.0,5.0,893.0
5110303476.0,5110303476006.0,6.0,374.0
5110303476.0,5110303476007.0,7.0,288.0
5110303476.0,5110303476008.0,8.0,770.0
5110303476.0,5110303476009.0,9.0,718.0
5110303476.0,5110303476010.0,10.0,109.0
5110303476.0,5110303476011.0,11.0,349.0
5110303476.0,5110303476012.0,12.0,428.0
5110303476.0,5110303476013.0,13.0,237.0
5110303476.0,5110303476014.0,14.0,398.0
5110303476.0,5110303476015.0,15.0,78.0
5110303476.0,5110303476016.0,16.0,216.0
5110303476.0,5110303476017.0,17.0,614.0
5110303476.0,5110303476018.0,18.0,542.0
5110303494.0,5110303494001.0,1.0,868.0
5110303494.0,5110303494002.0,2.0,822.0
5110303494.0,5110303494003.0,3.0,683.0
5110303494.0,5110303494004.0,4.0,351.0
5110303494.0,5110303494005.0,5.0,616.0
5110303494.0,5110303494006.0,6.0,56.0
5110303494.0,5110303494007.0,7.0,95.0
5110303494.0,5110303494008.0,8.0,55.0
5110303494.0,5110303494009.0,9.0,324.0
5110303494.0,5110303494010.0,10.0,824.0
5110303494.0,5110303494011.0,11.0,38.0
5110303494.0,5110303494012.0,12.0,966.0
5110303494.0,5110303494013.0,13.0,108.0
5110303494.0,5110303494014.0,14.0,635.0
5120103508.0,5120103508001.0,1.0,499.0
5120103508.0,5120103508002.0,2.0,317.0
5120103508.0,5120103508003.0,3.0,581.0
5120103508.0,5120103508004.0,4.0,943.0
5120103508.0,5120103508005.0,5.0,664.0
5120103508.0,5120103508006.0,6.0,434.0
5120103508.0,5120103508007.0,7.0,659.0
5120103508.0,5120103508008.0,8.0,534.0
5120103508.0,5120103508009.0,9.0,304.0
5120103508.0,5120103508010.0,10.0,545.0
5120103508.0,5120103508011.0,11.0,798.0
5120103508.0,5120103508012.0,12.0,891.0
5120103508.0,5120103508013.0,13.0,655.0
5120103508.0,5120103508014.0,14.0,606.0
5120203522.0,5120203522001.0,1.0,300.0
5120203522.0,5120203522002.0,2.0,799.0
5120203522.0,5120203522003.0,3.0,563.0
5120203522.0,5120203522004.0,4.0,653.0
5120203522.0,5120203522005.0,5.0,652.0
5120203522.0,5120203522006.0,6.0,125.0
5120203522.0,5120203522007.0,7.0,598.0
5120203522.0,5120203522008.0,8.0,454.0
5120203522.0,5120203522009.0,9.0,338.0
5120203522.0,5120203522010.0,10.0,993.0
5120203522.0,5120203522011.0,11.0,362.0
5120203522.0,5120203522012.0,12.0,813.0
5120203522.0,5120203522013.0,13.0,675.0
5120203522.0,5120203522014.0,14.0,949.0
5120203536.0,5120203536001.0,1.0,853.0
5120303537.0,5120303537001.0,1.0,678.0
5120303537.0,5120303537002.0,2.0,867.0
5120303537.0,5120303537003.0,3.0,2.0
5120303537.0,5120303537004.0,4.0,591.0
5120303537.0,5120303537005.0,5.0,630.0
5120303542.0,5120303542001.0,1.0,306.0
5120303542.0,5120303542002.0,2.0,903.0
5120303542.0,5120303542003.0,3.0,755.0
5120303542.0,5120303542004.0,4.0,778.0
5120303542.0,5120303542005.0,5.0,836.0
5120303542.0,5120303542006.0,6.0,396.0
5120303542.0,5120303542007.0,7.0,529.0
5120303542.0,5120303542008.0,8.0,769.0
5120303542.0,5120303542009.0,9.0,897.0
5120303542.0,5120303542010.0,10.0,891.0
5120303542.0,5120303542011.0,11.0,837.0
5120303542.0,5120303542012.0,12.0,916.0
5120303542.0,5120303542013.0,13.0,75.0
5120303542.0,5120303542014.0,14.0,261.0
5120303542.0,5120303542015.0,15.0,93.0
5130103557.0,5130103557001.0,1.0,267.0
5130103557.0,5130103557002.0,2.0,421.0
5130103557.0,5130103557003.0,3.0,777.0
5130103557.0,5130103557004.0,4.0,681.0
5130103557.0,5130103557005.0,5.0,472.0
5130103557.0,5130103557006.0,6.0,97.0
5130103557.0,5130103557007.0,7.0,517.0
5130103557.0,5130103557008.0,8.0,706.0
5130103557.0,5130103557009.0,9.0,787.0
5130103557.0,5130103557010.0,10.0,247.0
5130103557.0,5130103557011.0,11.0,655.0
5130103557.0,5130103557012.0,12.0,966.0
5130103557.0,5130103557013.0,13.0,820.0
5130103570.0,5130103570001.0,1.0,809.0
5130103570.0,5130103570002.0,2.0,142.0
5130103570.0,5130103570003.0,3.0,115.0
5130203573.0,5130203573001.0,1.0,455.0
5130203573.0,5130203573002.0,2.0,936.0
5130203573.0,5130203573003.0,3.0,554.0
5130203573.0,5130203573004.0,4.0,32.0
5130203573.0,5130203573005.0,5.0,300.0
5130203573.0,5130203573006.0,6.0,217.0
5130203573.0,5130203573007.0,7.0,23.0
5130203573.0,5130203573008.0,8.0,159.0
5130203573.0,5130203573009.0,9.0,721.0
5130203573.0,5130203573010.0,10.0,903.0
5130203583.0,5130203583001.0,1.0,207.0
5130203583.0,5130203583002.0,2.0,784.0
5130203583.0,5130203583003.0,3.0,690.0
5130203583.0,5130203583004.0,4.0,251.0
5130203583.0,5130203583005.0,5.0,48.0
5130203583.0,5130203583006.0,6.0,748.0
5130203583.0,5130203583007.0,7.0,651.0
5130203583.0,5130203583008.0,8.0,543.0
5130203583.0,5130203583009.0,9.0,103.0
5130203583.0,5130203583010.0,10.0,362.0
5130203583.0,5130203583011.0,11.0,86.0
5130203583.0,5130203583012.0,12.0,2.0
5130203583.0,5130203583013.0,13.0,65.0
5130203583.0,5130203583014.0,14.0,847.0
5140103597.0,5140103597001.0,1.0,13.0
5140103597.0,5140103597002.0,2.0,679.0
5140103597.0,5140103597003.0,3.0,591.0
5140103597.0,5140103597004.0,4.0,854.0
5140103597.0,5140103597005.0,5.0,733.0
5150103602.0,5150103602001.0,1.0,765.0
5150103603.0,5150103603001.0,1.0,392.0
5150103603.0,5150103603002.0,2.0,530.0
5150103603.0,5150103603003.0,3.0,516.0
5150103603.0,5150103603004.0,4.0,458.0
5160103607.0,5160103607001.0,1.0,403.0
5160103607.0,5160103607002.0,2.0,995.0
5160103607.0,5160103607003.0,3.0,85.0
5160103607.0,5160103607004.0,4.0,573.0
5160103607.0,5160103607005.0,5.0,778.0
5160103612.0,5160103612001.0,1.0,269.0
5160103612.0,5160103612002.0,2.0,678.0
5160103612.0,5160103612003.0,3.0,737.0
5160103612.0,5160103612004.0,4.0,408.0
5160103612.0,5160103612005.0,5.0,874.0
5160103612.0,5160103612006.0,6.0,939.0
5160103618.0,5160103618001.0,1.0,116.0
5160103618.0,5160103618002.0,2.0,614.0
5160103618.0,5160103618003.0,3.0,863.0
5160103618.0,5160103618004.0,4.0,484.0
5160103618.0,5160103618005.0,5.0,695.0
5160103618.0,5160103618006.0,6.0,639.0
5160103618.0,5160103618007.0,7.0,165.0
5160103618.0,5160103618008.0,8.0,38.0
5160103618.0,5160103618009.0,9.0,787.0
5160103618.0,5160103618010.0,10.0,454.0
5160103618.0,5160103618011.0,11.0,975.0
5160103618.0,5160103618012.0,12.0,35.0
5160103618.0,5160103618013.0,13.0,554.0
5160103618.0,5160103618014.0,14.0,916.0
5160103618.0,5160103618015.0,15.0,441.0
5160103618.0,5160103618016.0,16.0,62.0
5160103618.0,5160103618017.0,17.0,450.0
5160103618.0,5160103618018.0,18.0,285.0
5160103618.0,5160103618019.0,19.0,733.0
5160103618.0,5160103618020.0,20.0,791.0
6020103638.0,6020103638001.0,1.0,134.0
6020103638.0,6020103638002.0,2.0,754.0
6020103638.0,6020103638003.0,3.0,859.0
6020103638.0,6020103638004.0,4.0,303.0
6020103638.0,6020103638005.0,5.0,969.0
6020103638.0,6020103638006.0,6.0,507.0
6020103638.0,6020103638007.0,7.0,1.0
6020103638.0,6020103638008.0,8.0,63.0
6020103638.0,6020103638009.0,9.0,24.0
6020103638.0,6020103638010.0,10.0,670.0
6020103648.0,6020103648001.0,1.0,107.0
6020103648.0,6020103648002.0,2.0,936.0
6020103648.0,6020103648003.0,3.0,121.0
6020103648.0,6020103648004.0,4.0,198.0
6020103648.0,6020103648005.0,5.0,226.0
6020103648.0,6020103648006.0,6.0,825.0
6030103654.0,6030103654001.0,1.0,657.0
6030103654.0,6030103654002.0,2.0,38.0
6030103654.0,6030103654003.0,3.0,760.0
6030103654.0,6030103654004.0,4.0,911.0
6030103654.0,6030103654005.0,5.0,275.0
6030103654.0,6030103654006.0,6.0,334.0
6030103654.0,6030103654007.0,7.0,260.0
6030103654.0,6030103654008.0,8.0,723.0
6030103654.0,6030103654009.0,9.0,912.0
6030103654.0,6030103654010.0,10.0,73.0
6030103654.0,6030103654011.0,11.0,323.0
6030103665.0,6030103665001.0,1.0,559.0
6030103665.0,6030103665002.0,2.0,380.0
6030103665.0,6030103665003.0,3.0,727.0
6030103665.0,6030103665004.0,4.0,129.0
6030103665.0,6030103665005.0,5.0,163.0
6030103665.0,6030103665006.0,6.0,589.0
6030103665.0,6030103665007.0,7.0,168.0
6030103665.0,6030103665008.0,8.0,367.0
6030103665.0,6030103665009.0,9.0,515.0
6030103665.0,6030103665010.0,10.0,667.0
6030103665.0,6030103665011.0,11.0,761.0
6030103665.0,6030103665012.0,12.0,232.0
6030103665.0,6030103665013.0,13.0,348.0
6030103665.0,6030103665014.0,14.0,537.0
6030103665.0,6030103665015.0,15.0,619.0
6030103665.0,6030103665016.0,16.0,10.0
6030103665.0,6030103665017.0,17.0,984.0
6030103665.0,6030103665018.0,18.0,30.0
6030103683.0,6030103683001.0,1.0,719.0
6030103683.0,6030103683002.0,2.0,809.0
6030103683.0,6030103683003.0,3.0,157.0
6030103683.0,6030103683004.0,4.0,795.0
6030103683.0,6030103683005.0,5.0,323.0
6030103683.0,6030103683006.0,6.0,424.0
6030103683.0,6030103683007.0,7.0,499.0
6030103683.0,6030103683008.0,8.0,877.0
6030103683.0,6030103683009.0,9.0,708.0
6030103683.0,6030103683010.0,10.0,787.0
6030103683.0,6030103683011.0,11.0,691.0
6030103683.0,6030103683012.0,12.0,841.0
6030103683.0,6030103683013.0,13.0,181.0
6030203696.0,6030203696001.0,1.0,823.0
6030203696.0,6030203696002.0,2.0,213.0
6030203696.0,6030203696003.0,3.0,342.0
6030203696.0,6030203696004.0,4.0,903.0
6030203696.0,6030203696005.0,5.0,810.0
6030203696.0,6030203696006.0,6.0,158.0
6030203696.0,6030203696007.0,7.0,652.0
6030203696.0,6030203696008.0,8.0,444.0
6030203696.0,6030203696009.0,9.0,466.0
6030203696.0,6030203696010.0,10.0,276.0
6030203696.0,6030203696011.0,11.0,824.0
6030203696.0,6030203696012.0,12.0,961.0
6030203696.0,6030203696013.0,13.0,177.0
6030203696.0,6030203696014.0,14.0,171.0
6030203696.0,6030203696015.0,15.0,427.0
6030203696.0,6030203696016.0,16.0,724.0
6030203696.0,6030203696017.0,17.0,49.0
6030203696.0,6030203696018.0,18.0,312.0
6030203696.0,6030203696019.0,19.0,165.0
6030203715.0,6030203715001.0,1.0,582.0
6030203715.0,6030203715002.0,2.0,798.0
6030203717.0,6030203717001.0,1.0,74.0
6030203717.0,6030203717002.0,2.0,67.0
6030203717.0,6030203717003.0,3.0,76.0
6030203717.0,6030203717004.0,4.0,129.0
6030203717.0,6030203717005.0,5.0,438.0
6030203717.0,6030203717006.0,6.0,811.0
6030203717.0,6030203717007.0,7.0,943.0
6030203717.0,6030203717008.0,8.0,84.0
6030203717.0,6030203717009.0,9.0,361.0
6030203717.0,6030203717010.0,10.0,176.0
6030203717.0,6030203717011.0,11.0,925.0
6030203717.0,6030203717012.0,12.0,378.0
6030203717.0,6030203717013.0,13.0,968.0
6030203717.0,6030203717014.0,14.0,374.0
6030203717.0,6030203717015.0,15.0,65.0
6030203717.0,6030203717016.0,16.0,582.0
6030203717.0,6030203717017.0,17.0,410.0
6030203717.0,6030203717018.0,18.0,382.0
6030203717.0,6030203717019.0,19.0,696.0
6030203717.0,6030203717020.0,20.0,861.0
6030303737.0,6030303737001.0,1.0,650.0
6030303737.0,6030303737002.0,2.0,388.0
6030303737.0,6030303737003.0,3.0,9.0
6030303737.0,6030303737004.0,4.0,992.0
6030303737.0,6030303737005.0,5.0,964.0
6030303737.0,6030303737006.0,6.0,736.0
6030303737.0,6030303737007.0,7.0,177.0
6030303737.0,6030303737008.0,8.0,269.0
6030303737.0,6030303737009.0,9.0,342.0
6030303737.0,6030303737010.0,10.0,355.0
6030303737.0,6030303737011.0,11.0,100.0
6030303737.0,6030303737012.0,12.0,457.0
6030303737.0,6030303737013.0,13.0,853.0
6030303737.0,6030303737014.0,14.0,154.0
6030303737.0,6030303737015.0,15.0,828.0
6030303737.0,6030303737016.0,16.0,421.0
6030303737.0,6030303737017.0,17.0,624.0
6030303737.0,6030303737018.0,18.0,145.0
6030303737.0,6030303737019.0,19.0,391.0
6030303756.0,6030303756001.0,1.0,807.0
6030303756.0,6030303756002.0,2.0,562.0
6030303756.0,6030303756003.0,3.0,19.0
6030303756.0,6030303756004.0,4.0,768.0
6030303756.0,6030303756005.0,5.0,359.0
6030303756.0,6030303756006.0,6.0,241.0
6030303756.0,6030303756007.0,7.0,846.0
6030303756.0,6030303756008.0,8.0,188.0
6030303756.0,6030303756009.0,9.0,469.0
6030303756.0,6030303756010.0,10.0,251.0
6030303756.0,6030303756011.0,11.0,834.0
6030303756.0,6030303756012.0,12.0,111.0
6030303756.0,6030303756013.0,13.0,594.0
6030303756.0,6030303756014.0,14.0,282.0
6030303756.0,6030303756015.0,15.0,753.0
6030303756.0,6030303756016.0,16.0,758.0
6030303756.0,6030303756017.0,17.0,604.0
6030303756.0,6030303756018.0,18.0,791.0
6030303756.0,6030303756019.0,19.0,488.0
6040203775.0,6040203775001.0,1.0,287.0
6050103776.0,6050103776001.0,1.0,879.0
6050103776.0,6050103776002.0,2.0,254.0
6050103776.0,6050103776003.0,3.0,501.0
6050103776.0,6050103776004.0,4.0,38.0
6050103776.0,6050103776005.0,5.0,437.0
6050103776.0,6050103776006.0,6.0,259.0
6050103776.0,6050103776007.0,7.0,727.0
6050103776.0,6050103776008.0,8.0,891.0
6050103776.0,6050103776009.0,9.0,437.0
6050203785.0,6050203785001.0,1.0,821.0
6050203785.0,6050203785002.0,2.0,265.0
6050203785.0,6050203785003.0,3.0,640.0
6050203785.0,6050203785004.0,4.0,281.0
6050203785.0,6050203785005.0,5.0,557.0
6050203785.0,6050203785006.0,6.0,581.0
6050203785.0,6050203785007.0,7.0,568.0
6050203785.0,6050203785008.0,8.0,56.0
6050203785.0,6050203785009.0,9.0,538.0
6050203785.0,6050203785010.0,10.0,556.0
6050203785.0,6050203785011.0,11.0,468.0
6050203785.0,6050203785012.0,12.0,30.0
6060103797.0,6060103797001.0,1.0,373.0
6060103797.0,6060103797002.0,2.0,231.0
6060103797.0,6060103797003.0,3.0,226.0
6060103797.0,6060103797004.0,4.0,314.0
6060103797.0,6060103797005.0,5.0,8.0
6060103797.0,6060103797006.0,6.0,726.0
6060103797.0,6060103797007.0,7.0,627.0
7010103804.0,7010103804001.0,1.0,663.0
7010103804.0,7010103804002.0,2.0,846.0
7010103804.0,7010103804003.0,3.0,554.0
7010103804.0,7010103804004.0,4.0,641.0
7010103804.0,7010103804005.0,5.0,404.0
7010103804.0,7010103804006.0,6.0,911.0
7010103804.0,7010103804007.0,7.0,665.0
7010103804.0,7010103804008.0,8.0,50.0
7010103804.0,7010103804009.0,9.0,120.0
7010103804.0,7010103804010.0,10.0,591.0
7010103804.0,7010103804011.0,11.0,933.0
7010103804.0,7010103804012.0,12.0,57.0
7010103804.0,7010103804013.0,13.0,698.0
7010103817.0,7010103817001.0,1.0,633.0
7010103817.0,7010103817002.0,2.0,582.0
7010103817.0,7010103817003.0,3.0,262.0
7010103817.0,7010103817004.0,4.0,268.0
7010103817.0,7010103817005.0,5.0,278.0
7010103817.0,7010103817006.0,6.0,41.0
7010103817.0,7010103817007.0,7.0,775.0
7010103817.0,7010103817008.0,8.0,651.0
7010103817.0,7010103817009.0,9.0,496.0
7010103817.0,7010103817010.0,10.0,763.0
7010103817.0,7010103817011.0,11.0,86.0
7010103817.0,7010103817012.0,12.0,780.0
7010103817.0,7010103817013.0,13.0,171.0
7010103817.0,7010103817014.0,14.0,628.0
7010103817.0,7010103817015.0,15.0,323.0
7010103817.0,7010103817016.0,16.0,199.0
7010103817.0,7010103817017.0,17.0,30.0
7010103817.0,7010103817018.0,18.0,943.0
7010103817.0,7010103817019.0,19.0,206.0
7010103817.0,7010103817020.0,20.0,523.0
7010203837.0,7010203837001.0,1.0,929.0
7010203837.0,7010203837002.0,2.0,86.0
7010203837.0,7010203837003.0,3.0,256.0
7010203837.0,7010203837004.0,4.0,259.0
7010203841.0,7010203841001.0,1.0,178.0
7010203841.0,7010203841002.0,2.0,930.0
7010203841.0,7010203841003.0,3.0,708.0
7010203841.0,7010203841004.0,4.0,432.0
7010203841.0,7010203841005.0,5.0,823.0
7010203841.0,7010203841006.0,6.0,36.0
7010303847.0,7010303847001.0,1.0,195.0
7010303847.0,7010303847002.0,2.0,719.0
7010303847.0,7010303847003.0,3.0,627.0
7010303847.0,7010303847004.0,4.0,198.0
7010303847.0,7010303847005.0,5.0,751.0
7010303847.0,7010303847006.0,6.0,53.0
7010303847.0,7010303847007.0,7.0,210.0
7010303847.0,7010303847008.0,8.0,673.0
7010303847.0,7010303847009.0,9.0,110.0
7010303847.0,7010303847010.0,10.0,220.0
7010303847.0,7010303847011.0,11.0,788.0
7010303847.0,7010303847012.0,12.0,815.0
7010303847.0,7010303847013.0,13.0,287.0
7010403860.0,7010403860001.0,1.0,672.0
7010403860.0,7010403860002.0,2.0,442.0
7010403860.0,7010403860003.0,3.0,485.0
7010403860.0,7010403860004.0,4.0,91.0
7010403860.0,7010403860005.0,5.0,951.0
7010403865.0,7010403865001.0,1.0,219.0
7010403865.0,7010403865002.0,2.0,725.0
7010403865.0,7010403865003.0,3.0,353.0
7010403865.0,7010403865004.0,4.0,41.0
7010403865.0,7010403865005.0,5.0,326.0
7010403865.0,7010403865006.0,6.0,213.0
7010403865.0,7010403865007.0,7.0,530.0
7010403865.0,7010403865008.0,8.0,247.0
7010403873.0,7010403873001.0,1.0,913.0
7010403873.0,7010403873002.0,2.0,933.0
7010403873.0,7010403873003.0,3.0,110.0
7010403873.0,7010403873004.0,4.0,739.0
7010403873.0,7010403873005.0,5.0,954.0
7010403873.0,7010403873006.0,6.0,241.0
7010403873.0,7010403873007.0,7.0,613.0
7020203880.0,7020203880001.0,1.0,839.0
7020203880.0,7020203880002.0,2.0,261.0
7020203880.0,7020203880003.0,3.0,837.0
7020203880.0,7020203880004.0,4.0,507.0
7020203880.0,7020203880005.0,5.0,248.0
7020203880.0,7020203880006.0,6.0,559.0
7020203880.0,7020203880007.0,7.0,893.0
7020203880.0,7020203880008.0,8.0,457.0
7020203880.0,7020203880009.0,9.0,852.0
7020203880.0,7020203880010.0,10.0,294.0
7020203880.0,7020203880011.0,11.0,469.0
7020203880.0,7020203880012.0,12.0,377.0
7020203880.0,7020203880013.0,13.0,522.0
7020203880.0,7020203880014.0,14.0,744.0
7020203880.0,7020203880015.0,15.0,991.0
7030203895.0,7030203895001.0,1.0,87.0
7030203895.0,7030203895002.0,2.0,498.0
7030203895.0,7030203895003.0,3.0,633.0
7030203895.0,7030203895004.0,4.0,64.0
7030203895.0,7030203895005.0,5.0,527.0
7030203895.0,7030203895006.0,6.0,500.0
7030203895.0,7030203895007.0,7.0,955.0
7030203895.0,7030203895008.0,8.0,696.0
7030203895.0,7030203895009.0,9.0,162.0
7030203895.0,7030203895010.0,10.0,654.0
7030203895.0,7030203895011.0,11.0,344.0
7030203895.0,7030203895012.0,12.0,426.0
7030203895.0,7030203895013.0,13.0,834.0
7030203895.0,7030203895014.0,14.0,203.0
7030203895.0,7030203895015.0,15.0,323.0
7030203895.0,7030203895016.0,16.0,581.0
7030203895.0,7030203895017.0,17.0,294.0
7030203895.0,7030203895018.0,18.0,800.0
7030203913.0,7030203913001.0,1.0,479.0
7030203913.0,7030203913002.0,2.0,1.0
7030203913.0,7030203913003.0,3.0,741.0
7030203913.0,7030203913004.0,4.0,409.0
7030203913.0,7030203913005.0,5.0,293.0
7030203913.0,7030203913006.0,6.0,873.0
7030203913.0,7030203913007.0,7.0,986.0
7030203913.0,7030203913008.0,8.0,910.0
7030203913.0,7030203913009.0,9.0,987.0
7030203913.0,7030203913010.0,10.0,573.0
7030203913.0,7030203913011.0,11.0,600.0
7030203913.0,7030203913012.0,12.0,317.0
7030203913.0,7030203913013.0,13.0,250.0
7030203926.0,7030203926001.0,1.0,646.0
7030203926.0,7030203926002.0,2.0,209.0
7030203926.0,7030203926003.0,3.0,302.0
7030203926.0,7030203926004.0,4.0,397.0
7030203926.0,7030203926005.0,5.0,616.0
7030203926.0,7030203926006.0,6.0,362.0
7030303932.0,7030303932001.0,1.0,167.0
7030303932.0,7030303932002.0,2.0,292.0
7030303932.0,7030303932003.0,3.0,279.0
7030303932.0,7030303932004.0,4.0,632.0
7030303932.0,7030303932005.0,5.0,954.0
7030303932.0,7030303932006.0,6.0,795.0
7030303932.0,7030303932007.0,7.0,182.0
7030303932.0,7030303932008.0,8.0,844.0
7030303932.0,7030303932009.0,9.0,968.0
7030303932.0,7030303932010.0,10.0,211.0
7030303932.0,7030303932011.0,11.0,117.0
7030303943.0,7030303943001.0,1.0,220.0
7030303943.0,7030303943002.0,2.0,35.0
7030303943.0,7030303943003.0,3.0,385.0
7030303943.0,7030303943004.0,4.0,243.0
7030303943.0,7030303943005.0,5.0,143.0
7030303943.0,7030303943006.0,6.0,42.0
7030303943.0,7030303943007.0,7.0,563.0
7030303943.0,7030303943008.0,8.0,179.0
7030303943.0,7030303943009.0,9.0,13.0
7030303943.0,7030303943010.0,10.0,576.0
7030303943.0,7030303943011.0,11.0,20.0
7030303943.0,7030303943012.0,12.0,291.0
7030303943.0,7030303943013.0,13.0,803.0
7030303943.0,7030303943014.0,14.0,494.0
7030303943.0,7030303943015.0,15.0,265.0
7030303943.0,7030303943016.0,16.0,732.0
7040103959.0,7040103959001.0,1.0,457.0
7040103959.0,7040103959002.0,2.0,571.0
7040103959.0,7040103959003.0,3.0,458.0
7040103959.0,7040103959004.0,4.0,129.0
7040103959.0,7040103959005.0,5.0,8.0
7040103959.0,7040103959006.0,6.0,324.0
7040103959.0,7040103959007.0,7.0,583.0
7040103959.0,7040103959008.0,8.0,637.0
7040103959.0,7040103959009.0,9.0,71.0
7040203968.0,7040203968001.0,1.0,566.0
7040203968.0,7040203968002.0,2.0,832.0
7040203968.0,7040203968003.0,3.0,889.0
7040203968.0,7040203968004.0,4.0,619.0
7040203968.0,7040203968005.0,5.0,433.0
7040203968.0,7040203968006.0,6.0,844.0
7040203968.0,7040203968007.0,7.0,935.0
7040203968.0,7040203968008.0,8.0,459.0
7040203976.0,7040203976001.0,1.0,626.0
7040203976.0,7040203976002.0,2.0,505.0
7040203976.0,7040203976003.0,3.0,132.0
7040203976.0,7040203976004.0,4.0,269.0
7040203976.0,7040203976005.0,5.0,151.0
7040203976.0,7040203976006.0,6.0,786.0
7040203976.0,7040203976007.0,7.0,492.0
7040203976.0,7040203976008.0,8.0,692.0
7040203976.0,7040203976009.0,9.0,971.0
7040203976.0,7040203976010.0,10.0,178.0
7040203976.0,7040203976011.0,11.0,222.0
7040203976.0,7040203976012.0,12.0,885.0
7040203976.0,7040203976013.0,13.0,838.0
7040203976.0,7040203976014.0,14.0,102.0
7040203976.0,7040203976015.0,15.0,358.0
7040203976.0,7040203976016.0,16.0,948.0
7040203976.0,7040203976017.0,17.0,538.0
7040203976.0,7040203976018.0,18.0,949.0
7040203976.0,7040203976019.0,19.0,980.0
7040203976.0,7040203976020.0,20.0,374.0
7040203996.0,7040203996001.0,1.0,298.0
7040203996.0,7040203996002.0,2.0,895.0
7040203996.0,7040203996003.0,3.0,215.0
7040203996.0,7040203996004.0,4.0,304.0
7040203996.0,7040203996005.0,5.0,358.0
7040203996.0,7040203996006.0,6.0,733.0
7040203996.0,7040203996007.0,7.0,158.0
7040203996.0,7040203996008.0,8.0,660.0
7040203996.0,7040203996009.0,9.0,420.0
7040203996.0,7040203996010.0,10.0,24.0
7040203996.0,7040203996011.0,11.0,678.0
7040203996.0,7040203996012.0,12.0,607.0
7040203996.0,7040203996013.0,13.0,378.0
7040203996.0,7040203996014.0,14.0,228.0
7040203996.0,7040203996015.0,15.0,563.0
7040203996.0,7040203996016.0,16.0,99.0
7040203996.0,7040203996017.0,17.0,167.0
7040203996.0,7040203996018.0,18.0,738.0
7040203996.0,7040203996019.0,19.0,419.0
7040204015.0,7040204015001.0,1.0,731.0
7040204015.0,7040204015002.0,2.0,166.0
7040204015.0,7040204015003.0,3.0,318.0
7040204015.0,7040204015004.0,4.0,502.0
7040204015.0,7040204015005.0,5.0,188.0
7040204015.0,7040204015006.0,6.0,922.0
7040204015.0,7040204015007.0,7.0,682.0
7040204015.0,7040204015008.0,8.0,286.0
7040204015.0,7040204015009.0,9.0,930.0
7040204015.0,7040204015010.0,10.0,71.0
7040204015.0,7040204015011.0,11.0,903.0
7040204015.0,7040204015012.0,12.0,71.0
7040204015.0,7040204015013.0,13.0,342.0
7040204015.0,7040204015014.0,14.0,21.0
7040404029.0,7040404029001.0,1.0,714.0
7040404029.0,7040404029002.0,2.0,56.0
7040404029.0,7040404029003.0,3.0,674.0
7040404029.0,7040404029004.0,4.0,49.0
7040404029.0,7040404029005.0,5.0,257.0
7040404029.0,7040404029006.0,6.0,422.0
7040404029.0,7040404029007.0,7.0,283.0
7040404029.0,7040404029008.0,8.0,688.0
7040404029.0,7040404029009.0,9.0,392.0
7040404029.0,7040404029010.0,10.0,217.0
7040404029.0,7040404029011.0,11.0,433.0
7040404029.0,7040404029012.0,12.0,823.0
7040404029.0,7040404029013.0,13.0,297.0
7040404029.0,7040404029014.0,14.0,217.0
7040404029.0,7040404029015.0,15.0,489.0
7040404029.0,7040404029016.0,16.0,580.0
7040404029.0,7040404029017.0,17.0,894.0
7040404046.0,7040404046001.0,1.0,197.0
7040404046.0,7040404046002.0,2.0,534.0
7040404046.0,7040404046003.0,3.0,598.0
7040404046.0,7040404046004.0,4.0,313.0
7040404046.0,7040404046005.0,5.0,524.0
7040404046.0,7040404046006.0,6.0,305.0
7040404046.0,7040404046007.0,7.0,931.0
7040404046.0,7040404046008.0,8.0,528.0
7040404046.0,7040404046009.0,9.0,372.0
7040404046.0,7040404046010.0,10.0,331.0
7040404046.0,7040404046011.0,11.0,82.0
7040404046.0,7040404046012.0,12.0,114.0
7040404046.0,7040404046013.0,13.0,351.0
7040404046.0,7040404046014.0,14.0,159.0
7040404046.0,7040404046015.0,15.0,159.0
7040404046.0,7040404046016.0,16.0,511.0
7040404046.0,7040404046017.0,17.0,880.0
7040404046.0,7040404046018.0,18.0,852.0
7040404064.0,7040404064001.0,1.0,790.0
7040404064.0,7040404064002.0,2.0,330.0
7040404064.0,7040404064003.0,3.0,744.0
7040404064.0,7040404064004.0,4.0,450.0
7040404068.0,7040404068001.0,1.0,529.0
7040404068.0,7040404068002.0,2.0,560.0
7040404068.0,7040404068003.0,3.0,707.0
7040404068.0,7040404068004.0,4.0,291.0
7040404068.0,7040404068005.0,5.0,976.0
7040404068.0,7040404068006.0,6.0,140.0
7040404068.0,7040404068007.0,7.0,216.0
7040404068.0,7040404068008.0,8.0,316.0
7040404068.0,7040404068009.0,9.0,37.0
7040404068.0,7040404068010.0,10.0,703.0
7040404068.0,7040404068011.0,11.0,685.0
7040404068.0,7040404068012.0,12.0,206.0
7040404068.0,7040404068013.0,13.0,920.0
7040404068.0,7040404068014.0,14.0,337.0
7040404068.0,7040404068015.0,15.0,758.0
7040404068.0,7040404068016.0,16.0,906.0
7050104084.0,7050104084001.0,1.0,278.0
7050104084.0,7050104084002.0,2.0,255.0
7050104084.0,7050104084003.0,3.0,156.0
7050104084.0,7050104084004.0,4.0,12.0
7050104084.0,7050104084005.0,5.0,5.0
7050104084.0,7050104084006.0,6.0,737.0
7050104084.0,7050104084007.0,7.0,343.0
7050104084.0,7050104084008.0,8.0,983.0
7050104092.0,7050104092001.0,1.0,669.0
7050104092.0,7050104092002.0,2.0,933.0
7050104092.0,7050104092003.0,3.0,257.0
7050104092.0,7050104092004.0,4.0,609.0
7050104092.0,7050104092005.0,5.0,260.0
7050104092.0,7050104092006.0,6.0,492.0
7050104092.0,7050104092007.0,7.0,194.0
7050104092.0,7050104092008.0,8.0,34.0
7050104092.0,7050104092009.0,9.0,522.0
7050104092.0,7050104092010.0,10.0,697.0
7050104092.0,7050104092011.0,11.0,603.0
7050104092.0,7050104092012.0,12.0,772.0
7050104092.0,7050104092013.0,13.0,185.0
7050104092.0,7050104092014.0,14.0,94.0
7050104092.0,7050104092015.0,15.0,898.0
7050104092.0,7050104092016.0,16.0,368.0
7050104092.0,7050104092017.0,17.0,398.0
7050104092.0,7050104092018.0,18.0,31.0
7050104092.0,7050104092019.0,19.0,265.0
7050104092.0,7050104092020.0,20.0,722.0
7050104112.0,7050104112001.0,1.0,598.0
7050104112.0,7050104112002.0,2.0,958.0
7050104112.0,7050104112003.0,3.0,227.0
7050104112.0,7050104112004.0,4.0,816.0
7050104112.0,7050104112005.0,5.0,125.0
7050104112.0,7050104112006.0,6.0,228.0
7050104112.0,7050104112007.0,7.0,19.0
7050104112.0,7050104112008.0,8.0,409.0
7050104120.0,7050104120001.0,1.0,161.0
7050104120.0,7050104120002.0,2.0,420.0
7050104120.0,7050104120003.0,3.0,492.0
7050204123.0,7050204123001.0,1.0,983.0
7050204123.0,7050204123002.0,2.0,586.0
7050204123.0,7050204123003.0,3.0,486.0
7050204123.0,7050204123004.0,4.0,940.0
7050204123.0,7050204123005.0,5.0,574.0
7050204123.0,7050204123006.0,6.0,800.0
7050204123.0,7050204123007.0,7.0,603.0
7050204123.0,7050204123008.0,8.0,84.0
7050204123.0,7050204123009.0,9.0,854.0
7050304132.0,7050304132001.0,1.0,943.0
7050304132.0,7050304132002.0,2.0,413.0
7050304132.0,7050304132003.0,3.0,139.0
7050304132.0,7050304132004.0,4.0,653.0
7050304132.0,7050304132005.0,5.0,374.0
7050304132.0,7050304132006.0,6.0,178.0
7050304132.0,7050304132007.0,7.0,714.0
7050304132.0,7050304132008.0,8.0,949.0
7050304132.0,7050304132009.0,9.0,869.0
7050304132.0,7050304132010.0,10.0,228.0
7050304132.0,7050304132011.0,11.0,574.0
7050304132.0,7050304132012.0,12.0,580.0
7050304132.0,7050304132013.0,13.0,53.0
7050304132.0,7050304132014.0,14.0,736.0
7050304132.0,7050304132015.0,15.0,192.0
7050304132.0,7050304132016.0,16.0,797.0
7050304132.0,7050304132017.0,17.0,746.0
7050304132.0,7050304132018.0,18.0,114.0
7050304132.0,7050304132019.0,19.0,338.0
7050304132.0,7050304132020.0,20.0,186.0
7060104152.0,7060104152001.0,1.0,541.0
7060104152.0,7060104152002.0,2.0,993.0
7060104152.0,7060104152003.0,3.0,150.0
7060104152.0,7060104152004.0,4.0,712.0
7060104152.0,7060104152005.0,5.0,197.0
7060104152.0,7060104152006.0,6.0,22.0
7060104152.0,7060104152007.0,7.0,564.0
7060104152.0,7060104152008.0,8.0,86.0
7060104152.0,7060104152009.0,9.0,290.0
7060104152.0,7060104152010.0,10.0,700.0
7060104152.0,7060104152011.0,11.0,139.0
7060104163.0,7060104163001.0,1.0,699.0
7060104163.0,7060104163002.0,2.0,288.0
7060104163.0,7060104163003.0,3.0,759.0
7060104163.0,7060104163004.0,4.0,687.0
7060104163.0,7060104163005.0,5.0,151.0
7060104163.0,7060104163006.0,6.0,654.0
7060104163.0,7060104163007.0,7.0,261.0
7060104163.0,7060104163008.0,8.0,590.0
7060104163.0,7060104163009.0,9.0,148.0
7060104172.0,7060104172001.0,1.0,758.0
7060104172.0,7060104172002.0,2.0,926.0
7060104172.0,7060104172003.0,3.0,19.0
7060104172.0,7060104172004.0,4.0,461.0
7060104172.0,7060104172005.0,5.0,643.0
7060104172.0,7060104172006.0,6.0,403.0
7060104172.0,7060104172007.0,7.0,456.0
7060104172.0,7060104172008.0,8.0,875.0
7060104172.0,7060104172009.0,9.0,699.0
7060104172.0,7060104172010.0,10.0,715.0
7060104172.0,7060104172011.0,11.0,436.0
7060104172.0,7060104172012.0,12.0,276.0
7060104172.0,7060104172013.0,13.0,304.0
7060104172.0,7060104172014.0,14.0,432.0
7060104172.0,7060104172015.0,15.0,146.0
7060104172.0,7060104172016.0,16.0,745.0
7060104172.0,7060104172017.0,17.0,367.0
7060204189.0,7060204189001.0,1.0,683.0
7060204189.0,7060204189002.0,2.0,28.0
7060204189.0,7060204189003.0,3.0,271.0
7060204189.0,7060204189004.0,4.0,643.0
7060204189.0,7060204189005.0,5.0,838.0
7060204189.0,7060204189006.0,6.0,940.0
7060204189.0,7060204189007.0,7.0,74.0
7060204189.0,7060204189008.0,8.0,921.0
7060204189.0,7060204189009.0,9.0,432.0
7060204189.0,7060204189010.0,10.0,424.0
7060204189.0,7060204189011.0,11.0,221.0
7060204189.0,7060204189012.0,12.0,522.0
7060204189.0,7060204189013.0,13.0,105.0
7060204189.0,7060204189014.0,14.0,730.0
7060204189.0,7060204189015.0,15.0,705.0
7060204189.0,7060204189016.0,16.0,516.0
7060204189.0,7060204189017.0,17.0,781.0
7060304206.0,7060304206001.0,1.0,770.0
7060304206.0,7060304206002.0,2.0,15.0
7060304206.0,7060304206003.0,3.0,211.0
7060304206.0,7060304206004.0,4.0,363.0
7060304206.0,7060304206005.0,5.0,719.0
7060304206.0,7060304206006.0,6.0,989.0
7060304206.0,7060304206007.0,7.0,384.0
7060304206.0,7060304206008.0,8.0,339.0
7060304206.0,7060304206009.0,9.0,984.0
7060304206.0,7060304206010.0,10.0,489.0
7060304206.0,7060304206011.0,11.0,118.0
7060304206.0,7060304206012.0,12.0,673.0
7060304218.0,7060304218001.0,1.0,670.0
7060304218.0,7060304218002.0,2.0,299.0
7060304218.0,7060304218003.0,3.0,493.0
7060304218.0,7060304218004.0,4.0,111.0
7060304218.0,7060304218005.0,5.0,136.0
7060304218.0,7060304218006.0,6.0,163.0
7060304218.0,7060304218007.0,7.0,500.0
7060304218.0,7060304218008.0,8.0,984.0
7060304218.0,7060304218009.0,9.0,830.0
7060304218.0,7060304218010.0,10.0,828.0
7060304218.0,7060304218011.0,11.0,881.0
7060304218.0,7060304218012.0,12.0,435.0
7060304218.0,7060304218013.0,13.0,914.0
7060304218.0,7060304218014.0,14.0,333.0
7060304218.0,7060304218015.0,15.0,762.0
7060304218.0,7060304218016.0,16.0,444.0
7060304218.0,7060304218017.0,17.0,82.0
7060304218.0,7060304218018.0,18.0,520.0
7060304218.0,7060304218019.0,19.0,260.0
7060304237.0,7060304237001.0,1.0,89.0
7060304237.0,7060304237002.0,2.0,621.0
7060304237.0,7060304237003.0,3.0,395.0
7060304237.0,7060304237004.0,4.0,228.0
7060304237.0,7060304237005.0,5.0,726.0
7070104242.0,7070104242001.0,1.0,641.0
7070104242.0,7070104242002.0,2.0,384.0
7070204244.0,7070204244001.0,1.0,294.0
7070204244.0,7070204244002.0,2.0,455.0
7070204244.0,7070204244003.0,3.0,458.0
7070204244.0,7070204244004.0,4.0,480.0
7070204244.0,7070204244005.0,5.0,663.0
7070204244.0,7070204244006.0,6.0,840.0
7070204244.0,7070204244007.0,7.0,350.0
7070204251.0,7070204251001.0,1.0,994.0
7070204251.0,7070204251002.0,2.0,983.0
7070204251.0,7070204251003.0,3.0,446.0
7070204251.0,7070204251004.0,4.0,592.0
7070204251.0,7070204251005.0,5.0,993.0
7070204251.0,7070204251006.0,6.0,661.0
7070204251.0,7070204251007.0,7.0,37.0
7070204251.0,7070204251008.0,8.0,363.0
7070204251.0,7070204251009.0,9.0,538.0
7070204251.0,7070204251010.0,10.0,405.0
7070204251.0,7070204251011.0,11.0,24.0
7070204251.0,7070204251012.0,12.0,448.0
7070304263.0,7070304263001.0,1.0,952.0
7070304263.0,7070304263002.0,2.0,182.0
7070304263.0,7070304263003.0,3.0,941.0
7070304263.0,7070304263004.0,4.0,464.0
7070304263.0,7070304263005.0,5.0,570.0
7070304263.0,7070304263006.0,6.0,861.0
7070304263.0,7070304263007.0,7.0,996.0
7070304263.0,7070304263008.0,8.0,42.0
7070304263.0,7070304263009.0,9.0,622.0
7070304263.0,7070304263010.0,10.0,126.0
7070304263.0,7070304263011.0,11.0,236.0
7070304274.0,7070304274001.0,1.0,123.0
7070304274.0,7070304274002.0,2.0,450.0
7070304274.0,7070304274003.0,3.0,64.0
7070304274.0,7070304274004.0,4.0,325.0
7070304274.0,7070304274005.0,5.0,651.0
7070304274.0,7070304274006.0,6.0,564.0
7070304274.0,7070304274007.0,7.0,682.0
7070304274.0,7070304274008.0,8.0,961.0
7070304274.0,7070304274009.0,9.0,105.0
7070304274.0,7070304274010.0,10.0,721.0
7070304274.0,7070304274011.0,11.0,556.0
7070304274.0,7070304274012.0,12.0,298.0
7070304274.0,7070304274013.0,13.0,518.0
7070304274.0,7070304274014.0,14.0,894.0
7070304274.0,7070304274015.0,15.0,700.0
7070304274.0,7070304274016.0,16.0,651.0
7070304274.0,7070304274017.0,17.0,141.0
7070304291.0,7070304291001.0,1.0,284.0
7070304291.0,7070304291002.0,2.0,516.0
7070304291.0,7070304291003.0,3.0,135.0
7070304291.0,7070304291004.0,4.0,334.0
7070304291.0,7070304291005.0,5.0,198.0
7070304291.0,7070304291006.0,6.0,64.0
7070304291.0,7070304291007.0,7.0,501.0
7070304291.0,7070304291008.0,8.0,863.0
7070304291.0,7070304291009.0,9.0,629.0
7070304291.0,7070304291010.0,10.0,913.0
7070304291.0,7070304291011.0,11.0,874.0
7070304291.0,7070304291012.0,12.0,739.0
7070304291.0,7070304291013.0,13.0,844.0
7070304291.0,7070304291014.0,14.0,973.0
7070304291.0,7070304291015.0,15.0,92.0
7070404306.0,7070404306001.0,1.0,311.0
7070404306.0,7070404306002.0,2.0,334.0
7070404306.0,7070404306003.0,3.0,854.0
7070404306.0,7070404306004.0,4.0,989.0
7070404306.0,7070404306005.0,5.0,560.0
7070404306.0,7070404306006.0,6.0,662.0
7070404306.0,7070404306007.0,7.0,555.0
7070404306.0,7070404306008.0,8.0,659.0
7070404306.0,7070404306009.0,9.0,276.0
7070404306.0,7070404306010.0,10.0,962.0
7070404306.0,7070404306011.0,11.0,503.0
7070404306.0,7070404306012.0,12.0,443.0
7070404306.0,7070404306013.0,13.0,262.0
7070404306.0,7070404306014.0,14.0,296.0
7070404320.0,7070404320001.0,1.0,84.0
7070404320.0,7070404320002.0,2.0,288.0
7070404320.0,7070404320003.0,3.0,477.0
7070404320.0,7070404320004.0,4.0,591.0
7070404320.0,7070404320005.0,5.0,657.0
7070404320.0,7070404320006.0,6.0,846.0
7070404320.0,7070404320007.0,7.0,605.0
7070404320.0,7070404320008.0,8.0,266.0
7070404320.0,7070404320009.0,9.0,663.0
7070404320.0,7070404320010.0,10.0,783.0
7070504330.0,7070504330001.0,1.0,851.0
7070504330.0,7070504330002.0,2.0,175.0
7070504330.0,7070504330003.0,3.0,479.0
7070504330.0,7070504330004.0,4.0,484.0
7070504330.0,7070504330005.0,5.0,41.0
7070504330.0,7070504330006.0,6.0,393.0
7070504330.0,7070504330007.0,7.0,688.0
7070504330.0,7070504330008.0,8.0,659.0
7070504330.0,7070504330009.0,9.0,68.0
7070504330.0,7070504330010.0,10.0,965.0
7070504330.0,7070504330011.0,11.0,992.0
7070504330.0,7070504330012.0,12.0,2.0
7070504330.0,7070504330013.0,13.0,616.0
7070504330.0,7070504330014.0,14.0,498.0
7070504330.0,7070504330015.0,15.0,330.0
7070504330.0,7070504330016.0,16.0,664.0
7070504330.0,7070504330017.0,17.0,861.0
7070504330.0,7070504330018.0,18.0,169.0
7070604348.0,7070604348001.0,1.0,538.0
7070604348.0,7070604348002.0,2.0,376.0
7070604348.0,7070604348003.0,3.0,380.0
7070604348.0,7070604348004.0,4.0,920.0
7070604348.0,7070604348005.0,5.0,739.0
7070604348.0,7070604348006.0,6.0,703.0
7070604348.0,7070604348007.0,7.0,991.0
7070604348.0,7070604348008.0,8.0,777.0
7070604348.0,7070604348009.0,9.0,622.0
7070604348.0,7070604348010.0,10.0,234.0
7070604348.0,7070604348011.0,11.0,353.0
7070604348.0,7070604348012.0,12.0,747.0
7070704360.0,7070704360001.0,1.0,287.0
7070704360.0,7070704360002.0,2.0,423.0
7070704360.0,7070704360003.0,3.0,165.0
7070704360.0,7070704360004.0,4.0,303.0
7070704364.0,7070704364001.0,1.0,326.0
7080104365.0,7080104365001.0,1.0,440.0
7080104365.0,7080104365002.0,2.0,264.0
7080104365.0,7080104365003.0,3.0,627.0
7080104365.0,7080104365004.0,4.0,278.0
7080104365.0,7080104365005.0,5.0,893.0
7080104365.0,7080104365006.0,6.0,213.0
7080104365.0,7080104365007.0,7.0,616.0
7080104365.0,7080104365008.0,8.0,284.0
7080104365.0,7080104365009.0,9.0,636.0
7080104365.0,7080104365010.0,10.0,210.0
7080104365.0,7080104365011.0,11.0,524.0
7080104365.0,7080104365012.0,12.0,33.0
7080104365.0,7080104365013.0,13.0,782.0
7080104365.0,7080104365014.0,14.0,601.0
7080204379.0,7080204379001.0,1.0,588.0
7080204379.0,7080204379002.0,2.0,500.0
7080204379.0,7080204379003.0,3.0,306.0
7080204379.0,7080204379004.0,4.0,812.0
7080204379.0,7080204379005.0,5.0,505.0
7080204379.0,7080204379006.0,6.0,346.0
7080204379.0,7080204379007.0,7.0,912.0
7080204379.0,7080204379008.0,8.0,58.0
7080204379.0,7080204379009.0,9.0,405.0
7080204379.0,7080204379010.0,10.0,392.0
7080204379.0,7080204379011.0,11.0,703.0
7080204379.0,7080204379012.0,12.0,229.0
7080204379.0,7080204379013.0,13.0,740.0
7080204379.0,7080204379014.0,14.0,498.0
7080204379.0,7080204379015.0,15.0,390.0
7080204379.0,7080204379016.0,16.0,781.0
7080204379.0,7080204379017.0,17.0,267.0
7080204379.0,7080204379018.0,18.0,61.0
7080204379.0,7080204379019.0,19.0,538.0
7080204379.0,7080204379020.0,20.0,83.0
7080204399.0,7080204399001.0,1.0,117.0
7080204399.0,7080204399002.0,2.0,352.0
7080204399.0,7080204399003.0,3.0,125.0
7080204399.0,7080204399004.0,4.0,464.0
7080204399.0,7080204399005.0,5.0,348.0
7080204399.0,7080204399006.0,6.0,49.0
7080204399.0,7080204399007.0,7.0,607.0
7080204399.0,7080204399008.0,8.0,106.0
7080204399.0,7080204399009.0,9.0,963.0
7080204399.0,7080204399010.0,10.0,427.0
7080204399.0,7080204399011.0,11.0,712.0
7080204399.0,7080204399012.0,12.0,98.0
7080204399.0,7080204399013.0,13.0,880.0
7080204399.0,7080204399014.0,14.0,936.0
7080204399.0,7080204399015.0,15.0,358.0
7080204399.0,7080204399016.0,16.0,911.0
7080204399.0,7080204399017.0,17.0,852.0
7080204399.0,7080204399018.0,18.0,489.0
7080204399.0,7080204399019.0,19.0,927.0
7080204418.0,7080204418001.0,1.0,169.0
7080204418.0,7080204418002.0,2.0,645.0
7080204418.0,7080204418003.0,3.0,880.0
7080204418.0,7080204418004.0,4.0,657.0
7080204418.0,7080204418005.0,5.0,466.0
7080304423.0,7080304423001.0,1.0,840.0
7080304423.0,7080304423002.0,2.0,195.0
7080304423.0,7080304423003.0,3.0,205.0
7080304423.0,7080304423004.0,4.0,146.0
7080304423.0,7080304423005.0,5.0,461.0
7080304423.0,7080304423006.0,6.0,320.0
7080304423.0,7080304423007.0,7.0,384.0
7080304423.0,7080304423008.0,8.0,851.0
7080404431.0,7080404431001.0,1.0,979.0
7080404431.0,7080404431002.0,2.0,998.0
7080404431.0,7080404431003.0,3.0,494.0
7080404431.0,7080404431004.0,4.0,304.0
7080404431.0,7080404431005.0,5.0,625.0
7080404431.0,7080404431006.0,6.0,765.0
7080404431.0,7080404431007.0,7.0,870.0
7080404431.0,7080404431008.0,8.0,479.0
7080404431.0,7080404431009.0,9.0,473.0
7080404431.0,7080404431010.0,10.0,737.0
7080404431.0,7080404431011.0,11.0,81.0
7080404431.0,7080404431012.0,12.0,496.0
7080404431.0,7080404431013.0,13.0,247.0
7080404431.0,7080404431014.0,14.0,706.0
7080404431.0,7080404431015.0,15.0,772.0
7080404431.0,7080404431016.0,16.0,497.0
7080404431.0,7080404431017.0,17.0,358.0
7080404431.0,7080404431018.0,18.0,393.0
7080404431.0,7080404431019.0,19.0,245.0
7080404450.0,7080404450001.0,1.0,811.0
7080404450.0,7080404450002.0,2.0,987.0
7080404450.0,7080404450003.0,3.0,869.0
7080404450.0,7080404450004.0,4.0,281.0
7080404450.0,7080404450005.0,5.0,394.0
7080404455.0,7080404455001.0,1.0,160.0
7080404455.0,7080404455002.0,2.0,688.0
7080404457.0,7080404457001.0,1.0,575.0
7080404457.0,7080404457002.0,2.0,680.0
7080404457.0,7080404457003.0,3.0,124.0
7080404457.0,7080404457004.0,4.0,344.0
7080404457.0,7080404457005.0,5.0,905.0
7080404457.0,7080404457006.0,6.0,578.0
7080404457.0,7080404457007.0,7.0,869.0
7080404457.0,7080404457008.0,8.0,407.0
7080404457.0,7080404457009.0,9.0,131.0
7080404457.0,7080404457010.0,10.0,344.0
7080404457.0,7080404457011.0,11.0,65.0
7080404457.0,7080404457012.0,12.0,329.0
7080404457.0,7080404457013.0,13.0,195.0
7080404457.0,7080404457014.0,14.0,89.0
7080404457.0,7080404457015.0,15.0,4.0
7080404457.0,7080404457016.0,16.0,629.0
7080404457.0,7080404457017.0,17.0,51.0
7080404457.0,7080404457018.0,18.0,634.0
7080404457.0,7080404457019.0,19.0,255.0
7080404457.0,7080404457020.0,20.0,588.0
7080504477.0,7080504477001.0,1.0,508.0
7080504477.0,7080504477002.0,2.0,583.0
7090104479.0,7090104479001.0,1.0,46.0
7090104479.0,7090104479002.0,2.0,890.0
7090104479.0,7090104479003.0,3.0,622.0
7090104479.0,7090104479004.0,4.0,657.0
7090104479.0,7090104479005.0,5.0,670.0
7090104479.0,7090104479006.0,6.0,972.0
7090104479.0,7090104479007.0,7.0,498.0
7090104479.0,7090104479008.0,8.0,550.0
7090104479.0,7090104479009.0,9.0,439.0
7090104479.0,7090104479010.0,10.0,80.0
7090204489.0,7090204489001.0,1.0,430.0
7090204489.0,7090204489002.0,2.0,612.0
7090204489.0,7090204489003.0,3.0,85.0
7090204489.0,7090204489004.0,4.0,471.0
7090204489.0,7090204489005.0,5.0,157.0
7090204489.0,7090204489006.0,6.0,821.0
7090204489.0,7090204489007.0,7.0,852.0
7090204496.0,7090204496001.0,1.0,506.0
7090204496.0,7090204496002.0,2.0,132.0
7090204496.0,7090204496003.0,3.0,18.0
7090204496.0,7090204496004.0,4.0,725.0
7090204496.0,7090204496005.0,5.0,825.0
7090204501.0,7090204501001.0,1.0,792.0
7090204501.0,7090204501002.0,2.0,616.0
7090304503.0,7090304503001.0,1.0,851.0
7090304503.0,7090304503002.0,2.0,575.0
7090304503.0,7090304503003.0,3.0,443.0
7090304503.0,7090304503004.0,4.0,51.0
7090304503.0,7090304503005.0,5.0,831.0
7090304503.0,7090304503006.0,6.0,487.0
7090304503.0,7090304503007.0,7.0,878.0
7090304503.0,7090304503008.0,8.0,401.0
7090304503.0,7090304503009.0,9.0,233.0
7090404512.0,7090404512001.0,1.0,29.0
7090404512.0,7090404512002.0,2.0,347.0
7090404512.0,7090404512003.0,3.0,792.0
7090404512.0,7090404512004.0,4.0,119.0
7090404512.0,7090404512005.0,5.0,378.0
7090404512.0,7090404512006.0,6.0,657.0
7090404512.0,7090404512007.0,7.0,153.0
7090404512.0,7090404512008.0,8.0,226.0
7090404512.0,7090404512009.0,9.0,368.0
7090404512.0,7090404512010.0,10.0,713.0
7090404512.0,7090404512011.0,11.0,366.0
7100104523.0,7100104523001.0,1.0,334.0
7100104523.0,7100104523002.0,2.0,304.0
7100104523.0,7100104523003.0,3.0,400.0
7100104523.0,7100104523004.0,4.0,144.0
7100104523.0,7100104523005.0,5.0,973.0
7100104523.0,7100104523006.0,6.0,280.0
7100104523.0,7100104523007.0,7.0,952.0
7100104523.0,7100104523008.0,8.0,553.0
7100104523.0,7100104523009.0,9.0,172.0
7100104523.0,7100104523010.0,10.0,879.0
7100104523.0,7100104523011.0,11.0,332.0
7100104523.0,7100104523012.0,12.0,722.0
7100104523.0,7100104523013.0,13.0,89.0
7100104523.0,7100104523014.0,14.0,264.0
7100104523.0,7100104523015.0,15.0,162.0
7100104523.0,7100104523016.0,16.0,899.0
7100104523.0,7100104523017.0,17.0,250.0
7100104523.0,7100104523018.0,18.0,884.0
7100204541.0,7100204541001.0,1.0,740.0
7100204541.0,7100204541002.0,2.0,3.0
7100204541.0,7100204541003.0,3.0,530.0
7100204541.0,7100204541004.0,4.0,306.0
7100204541.0,7100204541005.0,5.0,768.0
7100204541.0,7100204541006.0,6.0,592.0
7100204541.0,7100204541007.0,7.0,215.0
7100204541.0,7100204541008.0,8.0,842.0
7100204541.0,7100204541009.0,9.0,998.0
7100304550.0,7100304550001.0,1.0,303.0
7100304550.0,7100304550002.0,2.0,791.0
7100304550.0,7100304550003.0,3.0,847.0
7100304550.0,7100304550004.0,4.0,600.0
7100304550.0,7100304550005.0,5.0,191.0
7100304550.0,7100304550006.0,6.0,519.0
7100304550.0,7100304550007.0,7.0,166.0
7100304550.0,7100304550008.0,8.0,975.0
7100304550.0,7100304550009.0,9.0,424.0
7100304550.0,7100304550010.0,10.0,392.0
7100304550.0,7100304550011.0,11.0,377.0
7100304561.0,7100304561001.0,1.0,921.0
7100304561.0,7100304561002.0,2.0,441.0
7100304561.0,7100304561003.0,3.0,947.0
7100304561.0,7100304561004.0,4.0,95.0
7100304561.0,7100304561005.0,5.0,1.0
7100304561.0,7100304561006.0,6.0,63.0
7100304561.0,7100304561007.0,7.0,75.0
7100304561.0,7100304561008.0,8.0,371.0
7100304561.0,7100304561009.0,9.0,401.0
7100304561.0,7100304561010.0,10.0,200.0
7100404571.0,7100404571001.0,1.0,95.0
7100404571.0,7100404571002.0,2.0,619.0
7100404571.0,7100404571003.0,3.0,89.0
7100404571.0,7100404571004.0,4.0,569.0
7100404571.0,7100404571005.0,5.0,771.0
7100404571.0,7100404571006.0,6.0,530.0
7100404571.0,7100404571007.0,7.0,644.0
7100404571.0,7100404571008.0,8.0,874.0
7100404571.0,7100404571009.0,9.0,489.0
7100404571.0,7100404571010.0,10.0,312.0
7100404571.0,7100404571011.0,11.0,305.0
7100404571.0,7100404571012.0,12.0,307.0
7100404571.0,7100404571013.0,13.0,126.0
7100404571.0,7100404571014.0,14.0,329.0
7100404571.0,7100404571015.0,15.0,277.0
7100404571.0,7100404571016.0,16.0,801.0
7100404571.0,7100404571017.0,17.0,622.0
7100404571.0,7100404571018.0,18.0,727.0
7100404571.0,7100404571019.0,19.0,199.0
7100504590.0,7100504590001.0,1.0,107.0
7100504590.0,7100504590002.0,2.0,263.0
7100504590.0,7100504590003.0,3.0,587.0
7100504590.0,7100504590004.0,4.0,74.0
7100504590.0,7100504590005.0,5.0,807.0
7100504590.0,7100504590006.0,6.0,432.0
7100504590.0,7100504590007.0,7.0,422.0
7100504590.0,7100504590008.0,8.0,106.0
7100504590.0,7100504590009.0,9.0,177.0
7100504590.0,7100504590010.0,10.0,555.0
7100504590.0,7100504590011.0,11.0,872.0
7100504590.0,7100504590012.0,12.0,472.0
7100504590.0,7100504590013.0,13.0,814.0
7100504590.0,7100504590014.0,14.0,814.0
7100504590.0,7100504590015.0,15.0,745.0
7100504605.0,7100504605001.0,1.0,83.0
7100504605.0,7100504605002.0,2.0,493.0
7110104607.0,7110104607001.0,1.0,895.0
7110104607.0,7110104607002.0,2.0,22.0
7110104607.0,7110104607003.0,3.0,655.0
7110104607.0,7110104607004.0,4.0,72.0
7110104607.0,7110104607005.0,5.0,173.0
7110104607.0,7110104607006.0,6.0,31.0
7110104607.0,7110104607007.0,7.0,809.0
7110104607.0,7110104607008.0,8.0,564.0
7110104607.0,7110104607009.0,9.0,598.0
7110104607.0,7110104607010.0,10.0,542.0
7110104607.0,7110104607011.0,11.0,532.0
7110104607.0,7110104607012.0,12.0,798.0
7110104607.0,7110104607013.0,13.0,788.0
7110104607.0,7110104607014.0,14.0,251.0
7110104607.0,7110104607015.0,15.0,457.0
7110104607.0,7110104607016.0,16.0,131.0
7110104607.0,7110104607017.0,17.0,626.0
7110104607.0,7110104607018.0,18.0,846.0
7110104607.0,7110104607019.0,19.0,555.0
7110104607.0,7110104607020.0,20.0,482.0
7110104627.0,7110104627001.0,1.0,87.0
7110104627.0,7110104627002.0,2.0,89.0
7110104627.0,7110104627003.0,3.0,687.0
7110104627.0,7110104627004.0,4.0,602.0
7110104627.0,7110104627005.0,5.0,288.0
7110104627.0,7110104627006.0,6.0,457.0
7110104627.0,7110104627007.0,7.0,150.0
7110104627.0,7110104627008.0,8.0,148.0
7110104627.0,7110104627009.0,9.0,548.0
7110104627.0,7110104627010.0,10.0,344.0
7110104627.0,7110104627011.0,11.0,857.0
7110104627.0,7110104627012.0,12.0,930.0
7110104627.0,7110104627013.0,13.0,503.0
7110104627.0,7110104627014.0,14.0,221.0
7110204641.0,7110204641001.0,1.0,75.0
7110204641.0,7110204641002.0,2.0,650.0
7110204641.0,7110204641003.0,3.0,840.0
7110204641.0,7110204641004.0,4.0,389.0
7110204641.0,7110204641005.0,5.0,779.0
7110204641.0,7110204641006.0,6.0,37.0
7110204641.0,7110204641007.0,7.0,729.0
7110204641.0,7110204641008.0,8.0,235.0
7110204641.0,7110204641009.0,9.0,52.0
7110204641.0,7110204641010.0,10.0,744.0
7110204641.0,7110204641011.0,11.0,899.0
7110204641.0,7110204641012.0,12.0,689.0
7110204641.0,7110204641013.0,13.0,967.0
7110304654.0,7110304654001.0,1.0,973.0
7110304654.0,7110304654002.0,2.0,355.0
7110304654.0,7110304654003.0,3.0,326.0
7110304654.0,7110304654004.0,4.0,394.0
7110304654.0,7110304654005.0,5.0,959.0
7110304654.0,7110304654006.0,6.0,518.0
7110304654.0,7110304654007.0,7.0,952.0
7110304654.0,7110304654008.0,8.0,892.0
7110304654.0,7110304654009.0,9.0,587.0
7110304654.0,7110304654010.0,10.0,95.0
7110304654.0,7110304654011.0,11.0,800.0
7110304654.0,7110304654012.0,12.0,334.0
7110304654.0,7110304654013.0,13.0,797.0
7110304654.0,7110304654014.0,14.0,347.0
7110404668.0,7110404668001.0,1.0,387.0
7110404668.0,7110404668002.0,2.0,202.0
7110504670.0,7110504670001.0,1.0,270.0
7110504670.0,7110504670002.0,2.0,430.0
7110504670.0,7110504670003.0,3.0,607.0
7110504670.0,7110504670004.0,4.0,911.0
7110504670.0,7110504670005.0,5.0,624.0
7110504670.0,7110504670006.0,6.0,844.0
7110504670.0,7110504670007.0,7.0,762.0
7110504670.0,7110504670008.0,8.0,75.0
7110504670.0,7110504670009.0,9.0,132.0
7110504670.0,7110504670010.0,10.0,184.0
7110504670.0,7110504670011.0,11.0,577.0
7110504670.0,7110504670012.0,12.0,677.0
7110504670.0,7110504670013.0,13.0,32.0
7110504670.0,7110504670014.0,14.0,317.0
7110504670.0,7110504670015.0,15.0,655.0
7110504670.0,7110504670016.0,16.0,988.0
7110504670.0,7110504670017.0,17.0,664.0
7110504670.0,7110504670018.0,18.0,161.0
7110604688.0,7110604688001.0,1.0,278.0
7110604688.0,7110604688002.0,2.0,881.0
7110604688.0,7110604688003.0,3.0,765.0
7110604688.0,7110604688004.0,4.0,993.0
7110604688.0,7110604688005.0,5.0,827.0
7110604688.0,7110604688006.0,6.0,376.0
7110604688.0,7110604688007.0,7.0,787.0
7110604688.0,7110604688008.0,8.0,830.0
7110604688.0,7110604688009.0,9.0,27.0
7110604688.0,7110604688010.0,10.0,547.0
7110604688.0,7110604688011.0,11.0,316.0
7110604688.0,7110604688012.0,12.0,580.0
7110604688.0,7110604688013.0,13.0,199.0
7110604688.0,7110604688014.0,14.0,450.0
7110604702.0,7110604702001.0,1.0,231.0
7110604702.0,7110604702002.0,2.0,216.0
7110604702.0,7110604702003.0,3.0,920.0
7110604702.0,7110604702004.0,4.0,968.0
7110604702.0,7110604702005.0,5.0,593.0
7110604702.0,7110604702006.0,6.0,587.0
7110604702.0,7110604702007.0,7.0,847.0
7110604702.0,7110604702008.0,8.0,730.0
7110604702.0,7110604702009.0,9.0,403.0
7110604702.0,7110604702010.0,10.0,260.0
7110604702.0,7110604702011.0,11.0,438.0
7110604702.0,7110604702012.0,12.0,412.0
7110604702.0,7110604702013.0,13.0,603.0
7110604702.0,7110604702014.0,14.0,245.0
7110604702.0,7110604702015.0,15.0,430.0
7130104717.0,7130104717001.0,1.0,380.0
7130104717.0,7130104717002.0,2.0,732.0
7130104717.0,7130104717003.0,3.0,659.0
7130104717.0,7130104717004.0,4.0,537.0
7130104717.0,7130104717005.0,5.0,244.0
7130104717.0,7130104717006.0,6.0,614.0
7130104717.0,7130104717007.0,7.0,177.0
7130104717.0,7130104717008.0,8.0,247.0
7130104717.0,7130104717009.0,9.0,849.0
7130204726.0,7130204726001.0,1.0,251.0
7130204726.0,7130204726002.0,2.0,286.0
7130204726.0,7130204726003.0,3.0,970.0
7130204726.0,7130204726004.0,4.0,940.0
7130204726.0,7130204726005.0,5.0,22.0
7130204726.0,7130204726006.0,6.0,143.0
7130204726.0,7130204726007.0,7.0,961.0
7130204726.0,7130204726008.0,8.0,78.0
7130204726.0,7130204726009.0,9.0,139.0
7130204726.0,7130204726010.0,10.0,348.0
7130204726.0,7130204726011.0,11.0,758.0
7130204726.0,7130204726012.0,12.0,991.0
7130204726.0,7130204726013.0,13.0,836.0
7130204726.0,7130204726014.0,14.0,86.0
7130204726.0,7130204726015.0,15.0,348.0
7130204726.0,7130204726016.0,16.0,921.0
7130204726.0,7130204726017.0,17.0,784.0
7130204726.0,7130204726018.0,18.0,161.0
7130204726.0,7130204726019.0,19.0,11.0
7130204745.0,7130204745001.0,1.0,186.0
7130204745.0,7130204745002.0,2.0,226.0
7130204745.0,7130204745003.0,3.0,913.0
7130204745.0,7130204745004.0,4.0,600.0
7130204745.0,7130204745005.0,5.0,961.0
7130204745.0,7130204745006.0,6.0,925.0
7130204745.0,7130204745007.0,7.0,83.0
7130204745.0,7130204745008.0,8.0,888.0
7130204745.0,7130204745009.0,9.0,54.0
7130204745.0,7130204745010.0,10.0,676.0
7130204755.0,7130204755001.0,1.0,126.0
7130204755.0,7130204755002.0,2.0,635.0
7130204755.0,7130204755003.0,3.0,573.0
7130204755.0,7130204755004.0,4.0,305.0
7130204755.0,7130204755005.0,5.0,996.0
7130204755.0,7130204755006.0,6.0,326.0
7130204755.0,7130204755007.0,7.0,405.0
7130204755.0,7130204755008.0,8.0,573.0
7130204755.0,7130204755009.0,9.0,15.0
7130204755.0,7130204755010.0,10.0,112.0
7130204755.0,7130204755011.0,11.0,833.0
7130204755.0,7130204755012.0,12.0,364.0
7130204755.0,7130204755013.0,13.0,628.0
7130204755.0,7130204755014.0,14.0,56.0
7130204755.0,7130204755015.0,15.0,54.0
7130204755.0,7130204755016.0,16.0,217.0
7140104771.0,7140104771001.0,1.0,658.0
7140104771.0,7140104771002.0,2.0,955.0
7140104771.0,7140104771003.0,3.0,119.0
7140104771.0,7140104771004.0,4.0,174.0
7140104771.0,7140104771005.0,5.0,235.0
7140104771.0,7140104771006.0,6.0,814.0
7140104771.0,7140104771007.0,7.0,786.0
7140104771.0,7140104771008.0,8.0,52.0
7140104771.0,7140104771009.0,9.0,54.0
7140104780.0,7140104780001.0,1.0,678.0
7140104780.0,7140104780002.0,2.0,398.0
7140104780.0,7140104780003.0,3.0,637.0
7140104780.0,7140104780004.0,4.0,571.0
7140104780.0,7140104780005.0,5.0,957.0
7140104780.0,7140104780006.0,6.0,245.0
7140104780.0,7140104780007.0,7.0,120.0
7140204787.0,7140204787001.0,1.0,166.0
7140204787.0,7140204787002.0,2.0,594.0
7140204787.0,7140204787003.0,3.0,872.0
7140204787.0,7140204787004.0,4.0,134.0
7140204787.0,7140204787005.0,5.0,602.0
7140204787.0,7140204787006.0,6.0,683.0
7140204787.0,7140204787007.0,7.0,298.0
7140204787.0,7140204787008.0,8.0,609.0
7140204787.0,7140204787009.0,9.0,867.0
7140204787.0,7140204787010.0,10.0,409.0
7140204787.0,7140204787011.0,11.0,248.0
7140204787.0,7140204787012.0,12.0,307.0
7140204787.0,7140204787013.0,13.0,342.0
7140304800.0,7140304800001.0,1.0,492.0
7150104801.0,7150104801001.0,1.0,397.0
7150104801.0,7150104801002.0,2.0,575.0
7150104801.0,7150104801003.0,3.0,540.0
7150104801.0,7150104801004.0,4.0,956.0
7150104801.0,7150104801005.0,5.0,486.0
7150104801.0,7150104801006.0,6.0,856.0
7150104801.0,7150104801007.0,7.0,195.0
7150104801.0,7150104801008.0,8.0,389.0
7150104801.0,7150104801009.0,9.0,176.0
7150104801.0,7150104801010.0,10.0,366.0
7150104801.0,7150104801011.0,11.0,461.0
7150104801.0,7150104801012.0,12.0,740.0
7150104801.0,7150104801013.0,13.0,322.0
7150104801.0,7150104801014.0,14.0,746.0
7150104801.0,7150104801015.0,15.0,476.0
7150104801.0,7150104801016.0,16.0,728.0
7150104817.0,7150104817001.0,1.0,839.0
7150104817.0,7150104817002.0,2.0,280.0
7150104817.0,7150104817003.0,3.0,791.0
7150104817.0,7150104817004.0,4.0,856.0
7150104817.0,7150104817005.0,5.0,635.0
7150104817.0,7150104817006.0,6.0,997.0
7150104817.0,7150104817007.0,7.0,4.0
7150104817.0,7150104817008.0,8.0,306.0
7150104817.0,7150104817009.0,9.0,988.0
7150104817.0,7150104817010.0,10.0,933.0
7150104817.0,7150104817011.0,11.0,941.0
7150204828.0,7150204828001.0,1.0,505.0
7150204828.0,7150204828002.0,2.0,85.0
7150204828.0,7150204828003.0,3.0,43.0
7150204828.0,7150204828004.0,4.0,243.0
7150204828.0,7150204828005.0,5.0,872.0
7150204828.0,7150204828006.0,6.0,849.0
7150204828.0,7150204828007.0,7.0,185.0
7150204828.0,7150204828008.0,8.0,705.0
7150204828.0,7150204828009.0,9.0,934.0
7150204828.0,7150204828010.0,10.0,420.0
7150204828.0,7150204828011.0,11.0,579.0
7150204828.0,7150204828012.0,12.0,250.0
7150204828.0,7150204828013.0,13.0,731.0
7150204828.0,7150204828014.0,14.0,950.0
7150204828.0,7150204828015.0,15.0,334.0
7150204828.0,7150204828016.0,16.0,628.0
7150204828.0,7150204828017.0,17.0,246.0
7150204845.0,7150204845001.0,1.0,912.0
7150204845.0,7150204845002.0,2.0,449.0
7150204845.0,7150204845003.0,3.0,783.0
7150204845.0,7150204845004.0,4.0,42.0
7150204845.0,7150204845005.0,5.0,497.0
7150204845.0,7150204845006.0,6.0,922.0
7150204845.0,7150204845007.0,7.0,116.0
7150204845.0,7150204845008.0,8.0,391.0
7150204845.0,7150204845009.0,9.0,558.0
7150304854.0,7150304854001.0,1.0,635.0
7150304854.0,7150304854002.0,2.0,972.0
7150304854.0,7150304854003.0,3.0,307.0
7150304854.0,7150304854004.0,4.0,762.0
7150304854.0,7150304854005.0,5.0,11.0
7150304854.0,7150304854006.0,6.0,575.0
7150304854.0,7150304854007.0,7.0,329.0
7150304854.0,7150304854008.0,8.0,367.0
7150304854.0,7150304854009.0,9.0,325.0
7150304854.0,7150304854010.0,10.0,20.0
7150304854.0,7150304854011.0,11.0,862.0
7150304854.0,7150304854012.0,12.0,547.0
7150304854.0,7150304854013.0,13.0,233.0
7150304854.0,7150304854014.0,14.0,644.0
7150304854.0,7150304854015.0,15.0,99.0
7150304854.0,7150304854016.0,16.0,923.0
7150304854.0,7150304854017.0,17.0,29.0
7150304854.0,7150304854018.0,18.0,956.0
7150304872.0,7150304872001.0,1.0,69.0
7150304872.0,7150304872002.0,2.0,785.0
7150304872.0,7150304872003.0,3.0,874.0
7150304872.0,7150304872004.0,4.0,241.0
7150304872.0,7150304872005.0,5.0,891.0
7150304872.0,7150304872006.0,6.0,34.0
7150304872.0,7150304872007.0,7.0,136.0
8010104879.0,8010104879001.0,1.0,159.0
8010104879.0,8010104879002.0,2.0,578.0
8010104879.0,8010104879003.0,3.0,267.0
8010104879.0,8010104879004.0,4.0,701.0
8010104879.0,8010104879005.0,5.0,549.0
8010104879.0,8010104879006.0,6.0,312.0
8010104879.0,8010104879007.0,7.0,937.0
8010104879.0,8010104879008.0,8.0,425.0
8010104879.0,8010104879009.0,9.0,365.0
8010104879.0,8010104879010.0,10.0,265.0
8010104879.0,8010104879011.0,11.0,569.0
8010104890.0,8010104890001.0,1.0,633.0
8010104890.0,8010104890002.0,2.0,785.0
8010104890.0,8010104890003.0,3.0,374.0
8010104890.0,8010104890004.0,4.0,90.0
8010104890.0,8010104890005.0,5.0,269.0
8010104890.0,8010104890006.0,6.0,902.0
8010104890.0,8010104890007.0,7.0,505.0
8010104890.0,8010104890008.0,8.0,922.0
8010104890.0,8010104890009.0,9.0,329.0
8010104890.0,8010104890010.0,10.0,12.0
8020104900.0,8020104900001.0,1.0,764.0
8020104900.0,8020104900002.0,2.0,683.0
8020104900.0,8020104900003.0,3.0,112.0
8020104900.0,8020104900004.0,4.0,821.0
8020104900.0,8020104900005.0,5.0,82.0
8020104900.0,8020104900006.0,6.0,304.0
8020104900.0,8020104900007.0,7.0,658.0
8020104900.0,8020104900008.0,8.0,580.0
8020104900.0,8020104900009.0,9.0,420.0
8020104900.0,8020104900010.0,10.0,35.0
8020104900.0,8020104900011.0,11.0,64.0
8020104900.0,8020104900012.0,12.0,411.0
8020104900.0,8020104900013.0,13.0,812.0
8020104900.0,8020104900014.0,14.0,501.0
8020104900.0,8020104900015.0,15.0,318.0
8020104900.0,8020104900016.0,16.0,644.0
8020104900.0,8020104900017.0,17.0,498.0
8020104900.0,8020104900018.0,18.0,735.0
8020104918.0,8020104918001.0,1.0,501.0
8020104918.0,8020104918002.0,2.0,778.0
8020104918.0,8020104918003.0,3.0,773.0
8020104918.0,8020104918004.0,4.0,9.0
8020104918.0,8020104918005.0,5.0,560.0
8020104918.0,8020104918006.0,6.0,102.0
8020104918.0,8020104918007.0,7.0,775.0
8020104918.0,8020104918008.0,8.0,252.0
8030104926.0,8030104926001.0,1.0,723.0
8030104926.0,8030104926002.0,2.0,479.0
8030104926.0,8030104926003.0,3.0,168.0
8030104926.0,8030104926004.0,4.0,127.0
8030104926.0,8030104926005.0,5.0,484.0
8030104926.0,8030104926006.0,6.0,972.0
8030104926.0,8030104926007.0,7.0,219.0
8030104933.0,8030104933001.0,1.0,19.0
8030204934.0,8030204934001.0,1.0,777.0
8030204934.0,8030204934002.0,2.0,386.0
8030204934.0,8030204934003.0,3.0,614.0
8030204934.0,8030204934004.0,4.0,342.0
8030204934.0,8030204934005.0,5.0,685.0
8030204934.0,8030204934006.0,6.0,348.0
8030204934.0,8030204934007.0,7.0,443.0
8030204934.0,8030204934008.0,8.0,61.0
8030204934.0,8030204934009.0,9.0,231.0
8030204934.0,8030204934010.0,10.0,363.0
8030204934.0,8030204934011.0,11.0,915.0
8030204934.0,8030204934012.0,12.0,353.0
8030204934.0,8030204934013.0,13.0,938.0
8030204934.0,8030204934014.0,14.0,389.0
8030204934.0,8030204934015.0,15.0,292.0
8030204934.0,8030204934016.0,16.0,969.0
8030204934.0,8030204934017.0,17.0,879.0
8030204934.0,8030204934018.0,18.0,492.0
8030204952.0,8030204952001.0,1.0,147.0
8030204952.0,8030204952002.0,2.0,441.0
8030204952.0,8030204952003.0,3.0,62.0
8030204952.0,8030204952004.0,4.0,909.0
8030204952.0,8030204952005.0,5.0,991.0
8030204952.0,8030204952006.0,6.0,368.0
8030204952.0,8030204952007.0,7.0,484.0
8030204952.0,8030204952008.0,8.0,617.0
8030204952.0,8030204952009.0,9.0,489.0
8030204952.0,8030204952010.0,10.0,533.0
8030204952.0,8030204952011.0,11.0,412.0
8030204952.0,8030204952012.0,12.0,717.0
8030204964.0,8030204964001.0,1.0,873.0
8030204964.0,8030204964002.0,2.0,867.0
8030204964.0,8030204964003.0,3.0,875.0
8030204964.0,8030204964004.0,4.0,11.0
8030204964.0,8030204964005.0,5.0,593.0
8030204964.0,8030204964006.0,6.0,18.0
8030204964.0,8030204964007.0,7.0,626.0
8030204964.0,8030204964008.0,8.0,988.0
8030204964.0,8030204964009.0,9.0,860.0
8030204964.0,8030204964010.0,10.0,126.0
8030204964.0,8030204964011.0,11.0,911.0
8030204964.0,8030204964012.0,12.0,94.0
8030204964.0,8030204964013.0,13.0,95.0
8030204964.0,8030204964014.0,14.0,656.0
8030304978.0,8030304978001.0,1.0,455.0
8030304978.0,8030304978002.0,2.0,842.0
8030304980.0,8030304980001.0,1.0,994.0
8030304980.0,8030304980002.0,2.0,932.0
8030304980.0,8030304980003.0,3.0,979.0
8030304980.0,8030304980004.0,4.0,419.0
8030304980.0,8030304980005.0,5.0,349.0
8030304980.0,8030304980006.0,6.0,253.0
8030304980.0,8030304980007.0,7.0,838.0
8030304980.0,8030304980008.0,8.0,97.0
8030304980.0,8030304980009.0,9.0,761.0
8030304980.0,8030304980010.0,10.0,540.0
8030304980.0,8030304980011.0,11.0,522.0
8030304980.0,8030304980012.0,12.0,296.0
8030304980.0,8030304980013.0,13.0,920.0
8030304980.0,8030304980014.0,14.0,556.0
8030404994.0,8030404994001.0,1.0,808.0
8030404994.0,8030404994002.0,2.0,586.0
8030404994.0,8030404994003.0,3.0,646.0
8030404994.0,8030404994004.0,4.0,18.0
8030404994.0,8030404994005.0,5.0,162.0
8030404994.0,8030404994006.0,6.0,7.0
8030404994.0,8030404994007.0,7.0,614.0
8030404994.0,8030404994008.0,8.0,386.0
8030404994.0,8030404994009.0,9.0,462.0
8030404994.0,8030404994010.0,10.0,959.0
8030404994.0,8030404994011.0,11.0,922.0
8030404994.0,8030404994012.0,12.0,823.0
8030404994.0,8030404994013.0,13.0,775.0
8030404994.0,8030404994014.0,14.0,859.0
8030404994.0,8030404994015.0,15.0,781.0
8030404994.0,8030404994016.0,16.0,776.0
8030404994.0,8030404994017.0,17.0,158.0
8030404994.0,8030404994018.0,18.0,384.0
8040105012.0,8040105012001.0,1.0,621.0
8040105012.0,8040105012002.0,2.0,943.0
8040105012.0,8040105012003.0,3.0,941.0
8040105012.0,8040105012004.0,4.0,540.0
8040105012.0,8040105012005.0,5.0,123.0
8040105012.0,8040105012006.0,6.0,767.0
8040105012.0,8040105012007.0,7.0,430.0
8040105012.0,8040105012008.0,8.0,653.0
8040105012.0,8040105012009.0,9.0,307.0
8040105012.0,8040105012010.0,10.0,428.0
8040105022.0,8040105022001.0,1.0,139.0
8040105022.0,8040105022002.0,2.0,652.0
8040105022.0,8040105022003.0,3.0,568.0
8040105022.0,8040105022004.0,4.0,219.0
8040105022.0,8040105022005.0,5.0,510.0
8040105022.0,8040105022006.0,6.0,36.0
8040105022.0,8040105022007.0,7.0,950.0
8040105022.0,8040105022008.0,8.0,917.0
8040105022.0,8040105022009.0,9.0,504.0
8040105022.0,8040105022010.0,10.0,838.0
8040105022.0,8040105022011.0,11.0,907.0
8040105022.0,8040105022012.0,12.0,711.0
8040205034.0,8040205034001.0,1.0,24.0
8040205034.0,8040205034002.0,2.0,425.0
8040205034.0,8040205034003.0,3.0,376.0
8040205034.0,8040205034004.0,4.0,925.0
8040205034.0,8040205034005.0,5.0,262.0
8040205034.0,8040205034006.0,6.0,519.0
8040205034.0,8040205034007.0,7.0,268.0
8040205034.0,8040205034008.0,8.0,672.0
8040205034.0,8040205034009.0,9.0,789.0
8040205034.0,8040205034010.0,10.0,119.0
8040205034.0,8040205034011.0,11.0,840.0
8040205034.0,8040205034012.0,12.0,526.0
8050105046.0,8050105046001.0,1.0,900.0
8050105046.0,8050105046002.0,2.0,847.0
8050105046.0,8050105046003.0,3.0,761.0
8050105046.0,8050105046004.0,4.0,964.0
8050105046.0,8050105046005.0,5.0,89.0
8050105046.0,8050105046006.0,6.0,718.0
8050105046.0,8050105046007.0,7.0,825.0
8050105046.0,8050105046008.0,8.0,50.0
8050105054.0,8050105054001.0,1.0,576.0
8050105054.0,8050105054002.0,2.0,308.0
8050105054.0,8050105054003.0,3.0,821.0
8050105054.0,8050105054004.0,4.0,945.0
8050105054.0,8050105054005.0,5.0,825.0
8050105054.0,8050105054006.0,6.0,194.0
8050105054.0,8050105054007.0,7.0,595.0
8050105054.0,8050105054008.0,8.0,184.0
8050105054.0,8050105054009.0,9.0,973.0
8050105054.0,8050105054010.0,10.0,609.0
8050105054.0,8050105054011.0,11.0,146.0
8050105054.0,8050105054012.0,12.0,11.0
8050105054.0,8050105054013.0,13.0,52.0
8060105067.0,8060105067001.0,1.0,624.0
8060105067.0,8060105067002.0,2.0,762.0
8060105067.0,8060105067003.0,3.0,597.0
8060105067.0,8060105067004.0,4.0,158.0
8060105067.0,8060105067005.0,5.0,335.0
8060105067.0,8060105067006.0,6.0,334.0
8060105067.0,8060105067007.0,7.0,654.0
8060105067.0,8060105067008.0,8.0,686.0
8060105067.0,8060105067009.0,9.0,51.0
8060105067.0,8060105067010.0,10.0,547.0
8060105067.0,8060105067011.0,11.0,584.0
8060105067.0,8060105067012.0,12.0,843.0
8060105067.0,8060105067013.0,13.0,682.0
8060105067.0,8060105067014.0,14.0,274.0
8060105067.0,8060105067015.0,15.0,655.0
8060205082.0,8060205082001.0,1.0,155.0
8060205082.0,8060205082002.0,2.0,351.0
8060205082.0,8060205082003.0,3.0,959.0
8070105085.0,8070105085001.0,1.0,635.0
8070105085.0,8070105085002.0,2.0,424.0
8070105085.0,8070105085003.0,3.0,428.0
8070105085.0,8070105085004.0,4.0,754.0
8070105085.0,8070105085005.0,5.0,110.0
8070105085.0,8070105085006.0,6.0,267.0
8070105085.0,8070105085007.0,7.0,715.0
8070105085.0,8070105085008.0,8.0,840.0
8070105085.0,8070105085009.0,9.0,464.0
8070105085.0,8070105085010.0,10.0,592.0
8070105085.0,8070105085011.0,11.0,959.0
8070105085.0,8070105085012.0,12.0,50.0
8070205097.0,8070205097001.0,1.0,21.0
8070205097.0,8070205097002.0,2.0,6.0
8070205097.0,8070205097003.0,3.0,628.0
8070205097.0,8070205097004.0,4.0,248.0
8070205097.0,8070205097005.0,5.0,914.0
8070205097.0,8070205097006.0,6.0,200.0
8070205097.0,8070205097007.0,7.0,323.0
8070205097.0,8070205097008.0,8.0,273.0
8070205097.0,8070205097009.0,9.0,589.0
8070205097.0,8070205097010.0,10.0,402.0
8070205097.0,8070205097011.0,11.0,491.0
8070305108.0,8070305108001.0,1.0,269.0
8070305108.0,8070305108002.0,2.0,435.0
8070305108.0,8070305108003.0,3.0,903.0
8070305108.0,8070305108004.0,4.0,427.0
8070305108.0,8070305108005.0,5.0,507.0
8070305108.0,8070305108006.0,6.0,709.0
8070305108.0,8070305108007.0,7.0,147.0
8070305108.0,8070305108008.0,8.0,138.0
8070305108.0,8070305108009.0,9.0,698.0
8070305108.0,8070305108010.0,10.0,788.0
8070305108.0,8070305108011.0,11.0,495.0
8070305108.0,8070305108012.0,12.0,669.0
8070305108.0,8070305108013.0,13.0,594.0
8070305108.0,8070305108014.0,14.0,756.0
8070305108.0,8070305108015.0,15.0,904.0
8070305108.0,8070305108016.0,16.0,705.0
8070305108.0,8070305108017.0,17.0,598.0
8070305108.0,8070305108018.0,18.0,722.0
8070305126.0,8070305126001.0,1.0,616.0
8070305126.0,8070305126002.0,2.0,810.0
8070305126.0,8070305126003.0,3.0,382.0
8070305126.0,8070305126004.0,4.0,361.0
8070305126.0,8070305126005.0,5.0,588.0
8070305126.0,8070305126006.0,6.0,412.0
8070305132.0,8070305132001.0,1.0,779.0
8070305132.0,8070305132002.0,2.0,225.0
8080105134.0,8080105134001.0,1.0,679.0
8080105134.0,8080105134002.0,2.0,417.0
8080105134.0,8080105134003.0,3.0,856.0
8080105134.0,8080105134004.0,4.0,274.0
8080105134.0,8080105134005.0,5.0,893.0
8080105134.0,8080105134006.0,6.0,175.0
8080105134.0,8080105134007.0,7.0,367.0
8080105134.0,8080105134008.0,8.0,20.0
8080105134.0,8080105134009.0,9.0,216.0
8080105134.0,8080105134010.0,10.0,86.0
8080105134.0,8080105134011.0,11.0,899.0
8080105145.0,8080105145001.0,1.0,52.0
8080105145.0,8080105145002.0,2.0,764.0
8080105145.0,8080105145003.0,3.0,308.0
8080105145.0,8080105145004.0,4.0,525.0
8080105145.0,8080105145005.0,5.0,663.0
8080105145.0,8080105145006.0,6.0,378.0
8080105145.0,8080105145007.0,7.0,99.0
8080105145.0,8080105145008.0,8.0,261.0
8080105145.0,8080105145009.0,9.0,118.0
8080105145.0,8080105145010.0,10.0,700.0
8080305155.0,8080305155001.0,1.0,981.0
8080305155.0,8080305155002.0,2.0,985.0
8080305155.0,8080305155003.0,3.0,475.0
8080305155.0,8080305155004.0,4.0,797.0
8080305155.0,8080305155005.0,5.0,931.0
8080305155.0,8080305155006.0,6.0,956.0
8080305155.0,8080305155007.0,7.0,890.0
8080305155.0,8080305155008.0,8.0,746.0
8080305155.0,8080305155009.0,9.0,858.0
8080305155.0,8080305155010.0,10.0,394.0
8080305155.0,8080305155011.0,11.0,316.0
8080305155.0,8080305155012.0,12.0,136.0
8080305155.0,8080305155013.0,13.0,571.0
8080305155.0,8080305155014.0,14.0,635.0
8080305155.0,8080305155015.0,15.0,210.0
8080305155.0,8080305155016.0,16.0,301.0
8080305155.0,8080305155017.0,17.0,409.0
8080305155.0,8080305155018.0,18.0,466.0
8080305155.0,8080305155019.0,19.0,222.0
8080305155.0,8080305155020.0,20.0,401.0
9010105175.0,9010105175001.0,1.0,724.0
9010105175.0,9010105175002.0,2.0,341.0
9010105175.0,9010105175003.0,3.0,704.0
9010105175.0,9010105175004.0,4.0,188.0
9010105175.0,9010105175005.0,5.0,211.0
9010105175.0,9010105175006.0,6.0,375.0
9010105175.0,9010105175007.0,7.0,525.0
9010105175.0,9010105175008.0,8.0,191.0
9010105175.0,9010105175009.0,9.0,363.0
9010105175.0,9010105175010.0,10.0,69.0
9010105175.0,9010105175011.0,11.0,357.0
9010105175.0,9010105175012.0,12.0,578.0
9010105175.0,9010105175013.0,13.0,770.0
9010105175.0,9010105175014.0,14.0,821.0
9010105175.0,9010105175015.0,15.0,652.0
9010105190.0,9010105190001.0,1.0,661.0
9010105190.0,9010105190002.0,2.0,566.0
9010105190.0,9010105190003.0,3.0,965.0
9010205193.0,9010205193001.0,1.0,915.0
9010205193.0,9010205193002.0,2.0,912.0
9010205193.0,9010205193003.0,3.0,268.0
9020105196.0,9020105196001.0,1.0,328.0
9020105196.0,9020105196002.0,2.0,562.0
9020105196.0,9020105196003.0,3.0,669.0
9020105196.0,9020105196004.0,4.0,648.0
9020105196.0,9020105196005.0,5.0,530.0
9020105196.0,9020105196006.0,6.0,762.0
9020105196.0,9020105196007.0,7.0,95.0
9020105203.0,9020105203001.0,1.0,186.0
9020105203.0,9020105203002.0,2.0,432.0
9020105205.0,9020105205001.0,1.0,62.0
9020105205.0,9020105205002.0,2.0,521.0
9020105205.0,9020105205003.0,3.0,201.0
9020105205.0,9020105205004.0,4.0,560.0
9020105205.0,9020105205005.0,5.0,749.0
9020105205.0,9020105205006.0,6.0,202.0
9020105205.0,9020105205007.0,7.0,963.0
9020205212.0,9020205212001.0,1.0,377.0
9020205212.0,9020205212002.0,2.0,71.0
9020205212.0,9020205212003.0,3.0,284.0
9020205212.0,9020205212004.0,4.0,131.0
9020205212.0,9020205212005.0,5.0,598.0
9020205212.0,9020205212006.0,6.0,425.0
9030105218.0,9030105218001.0,1.0,374.0
9030105218.0,9030105218002.0,2.0,99.0
9030105218.0,9030105218003.0,3.0,637.0
9030105218.0,9030105218004.0,4.0,822.0
9030105218.0,9030105218005.0,5.0,329.0
9030105218.0,9030105218006.0,6.0,493.0
9030105218.0,9030105218007.0,7.0,178.0
9030105218.0,9030105218008.0,8.0,24.0
9030105218.0,9030105218009.0,9.0,294.0
9030105218.0,9030105218010.0,10.0,850.0
9030105218.0,9030105218011.0,11.0,617.0
9030105218.0,9030105218012.0,12.0,544.0
9030105218.0,9030105218013.0,13.0,211.0
9030105218.0,9030105218014.0,14.0,177.0
9030305232.0,9030305232001.0,1.0,12.0
9030305232.0,9030305232002.0,2.0,812.0
9030305232.0,9030305232003.0,3.0,715.0
9030305232.0,9030305232004.0,4.0,621.0
9030305232.0,9030305232005.0,5.0,312.0
9030305232.0,9030305232006.0,6.0,271.0
9030305232.0,9030305232007.0,7.0,217.0
9030305232.0,9030305232008.0,8.0,875.0
9030305232.0,9030305232009.0,9.0,735.0
9030305232.0,9030305232010.0,10.0,83.0
9030305232.0,9030305232011.0,11.0,760.0
9030305232.0,9030305232012.0,12.0,621.0
9030305232.0,9030305232013.0,13.0,56.0
9030305245.0,9030305245001.0,1.0,940.0
9030305245.0,9030305245002.0,2.0,425.0
9030305245.0,9030305245003.0,3.0,473.0
9030305245.0,9030305245004.0,4.0,590.0
9030305245.0,9030305245005.0,5.0,102.0
9030305245.0,9030305245006.0,6.0,616.0
9030305245.0,9030305245007.0,7.0,576.0
9030305245.0,9030305245008.0,8.0,293.0
9030305245.0,9030305245009.0,9.0,530.0
9030305245.0,9030305245010.0,10.0,81.0
9030305245.0,9030305245011.0,11.0,511.0
9030305245.0,9030305245012.0,12.0,674.0
9030305245.0,9030305245013.0,13.0,714.0
9030305245.0,9030305245014.0,14.0,318.0
9030305245.0,9030305245015.0,15.0,930.0
9030305245.0,9030305245016.0,16.0,878.0
9030305245.0,9030305245017.0,17.0,965.0
9030305245.0,9030305245018.0,18.0,769.0
9030305245.0,9030305245019.0,19.0,294.0
9030305245.0,9030305245020.0,20.0,473.0
9030305265.0,9030305265001.0,1.0,729.0
9030305265.0,9030305265002.0,2.0,257.0
9030305265.0,9030305265003.0,3.0,980.0
9040105268.0,9040105268001.0,1.0,821.0
9040105268.0,9040105268002.0,2.0,728.0
9040105268.0,9040105268003.0,3.0,558.0
9040105268.0,9040105268004.0,4.0,574.0
9040105268.0,9040105268005.0,5.0,846.0
9040105268.0,9040105268006.0,6.0,369.0
9040105268.0,9040105268007.0,7.0,858.0
9040105268.0,9040105268008.0,8.0,980.0
9040105268.0,9040105268009.0,9.0,344.0
9040105277.0,9040105277001.0,1.0,347.0
9040105277.0,9040105277002.0,2.0,135.0
9040105277.0,9040105277003.0,3.0,116.0
9040105277.0,9040105277004.0,4.0,741.0
9040105277.0,9040105277005.0,5.0,288.0
9040105277.0,9040105277006.0,6.0,622.0
9040105277.0,9040105277007.0,7.0,843.0
9040105277.0,9040105277008.0,8.0,85.0
9040105277.0,9040105277009.0,9.0,541.0
9040105277.0,9040105277010.0,10.0,514.0
9040105277.0,9040105277011.0,11.0,609.0
9040105277.0,9040105277012.0,12.0,268.0
9040105277.0,9040105277013.0,13.0,515.0
9040105277.0,9040105277014.0,14.0,267.0
9040105277.0,9040105277015.0,15.0,543.0
9040105277.0,9040105277016.0,16.0,357.0
9040205293.0,9040205293001.0,1.0,501.0
9040205293.0,9040205293002.0,2.0,538.0
9040205293.0,9040205293003.0,3.0,665.0
9040205293.0,9040205293004.0,4.0,679.0
9040205293.0,9040205293005.0,5.0,365.0
9040205293.0,9040205293006.0,6.0,456.0
9040205293.0,9040205293007.0,7.0,828.0
9040205293.0,9040205293008.0,8.0,282.0
9040205293.0,9040205293009.0,9.0,789.0
9040205293.0,9040205293010.0,10.0,759.0
9040205293.0,9040205293011.0,11.0,830.0
9040205293.0,9040205293012.0,12.0,861.0
9040205293.0,9040205293013.0,13.0,574.0
9040205293.0,9040205293014.0,14.0,283.0
9040205293.0,9040205293015.0,15.0,60.0
9040205293.0,9040205293016.0,16.0,867.0
9040205293.0,9040205293017.0,17.0,655.0
9050105310.0,9050105310001.0,1.0,118.0
9050105310.0,9050105310002.0,2.0,497.0
9050105310.0,9050105310003.0,3.0,160.0
9050105310.0,9050105310004.0,4.0,737.0
9050105310.0,9050105310005.0,5.0,643.0
9050105310.0,9050105310006.0,6.0,650.0
9050105310.0,9050105310007.0,7.0,871.0
9050105310.0,9050105310008.0,8.0,737.0
9050105310.0,9050105310009.0,9.0,554.0
9050105319.0,9050105319001.0,1.0,232.0
9050105319.0,9050105319002.0,2.0,638.0
9050105319.0,9050105319003.0,3.0,392.0
9050105319.0,9050105319004.0,4.0,471.0
9050105319.0,9050105319005.0,5.0,636.0
9050205324.0,9050205324001.0,1.0,677.0
9050205324.0,9050205324002.0,2.0,200.0
9050205324.0,9050205324003.0,3.0,64.0
9050205324.0,9050205324004.0,4.0,794.0
9050205324.0,9050205324005.0,5.0,433.0
9050205324.0,9050205324006.0,6.0,499.0
9050205324.0,9050205324007.0,7.0,940.0
9050205324.0,9050205324008.0,8.0,439.0
9050205324.0,9050205324009.0,9.0,3.0
9050205324.0,9050205324010.0,10.0,56.0
9050205324.0,9050205324011.0,11.0,614.0
9050305335.0,9050305335001.0,1.0,917.0
9050305335.0,9050305335002.0,2.0,11.0
9050305335.0,9050305335003.0,3.0,42.0
9050305335.0,9050305335004.0,4.0,769.0
9050305335.0,9050305335005.0,5.0,973.0
9050305335.0,9050305335006.0,6.0,390.0
9050305335.0,9050305335007.0,7.0,82.0
9050305335.0,9050305335008.0,8.0,449.0
9050305335.0,9050305335009.0,9.0,387.0
9050305335.0,9050305335010.0,10.0,120.0
9050305335.0,9050305335011.0,11.0,637.0
9050305335.0,9050305335012.0,12.0,66.0
9050305335.0,9050305335013.0,13.0,645.0
9050305335.0,9050305335014.0,14.0,943.0
9050305335.0,9050305335015.0,15.0,791.0
9050305335.0,9050305335016.0,16.0,33.0
9050305335.0,9050305335017.0,17.0,73.0
90401.0,9040105352.0,1.0,157.0
90401.0,9040105352.0,2.0,889.0
90401.0,9040105352.0,3.0,279.0
90401.0,9040105352.0,4.0,78.0
90402.0,9040205356.0,1.0,90.0
90402.0,9040205356.0,2.0,838.0
90402.0,9040205356.0,3.0,93.0
90402.0,9040205359.0,1.0,420.0
90402.0,9040205359.0,2.0,632.0
90402.0,9040205359.0,3.0,161.0
90402.0,9040205359.0,4.0,473.0
90402.0,9040205359.0,5.0,480.0
90402.0,9040205359.0,6.0,124.0
90402.0,9040205359.0,7.0,344.0
90402.0,9040205359.0,8.0,930.0
90402.0,9040205359.0,9.0,313.0
90402.0,9040205359.0,10.0,892.0
90402.0,9040205359.0,11.0,687.0
90402.0,9040205359.0,12.0,694.0
90402.0,9040205359.0,13.0,821.0
90402.0,9040205359.0,14.0,383.0
90502.0,9050205373.0,1.0,742.0
90502.0,9050205373.0,2.0,558.0
90502.0,9050205373.0,3.0,355.0
90502.0,9050205373.0,4.0,511.0
90502.0,9050205373.0,5.0,464.0
90503.0,9050305378.0,1.0,657.0
90503.0,9050305378.0,2.0,498.0
90503.0,9050305378.0,3.0,670.0
90503.0,9050305378.0,4.0,35.0
90503.0,9050305378.0,5.0,575.0
90503.0,9050305378.0,6.0,905.0
90503.0,9050305378.0,7.0,302.0
90503.0,9050305378.0,8.0,598.0
90503.0,9050305378.0,9.0,627.0
90503.0,9050305378.0,10.0,115.0
90503.0,9050305378.0,11.0,542.0
90503.0,9050305378.0,12.0,368.0
90503.0,9050305378.0,13.0,465.0
90503.0,9050305378.0,14.0,886.0
90503.0,9050305378.0,15.0,753.0
90503.0,9050305378.0,16.0,335.0
90503.0,9050305394.0,1.0,683.0
90503.0,9050305394.0,2.0,666.0
90503.0,9050305394.0,3.0,624.0
