codigo_acta,codigo_mesa,votos_p1,votos_p2,votos_p3,votos_p4,blancos,nulos,habilitados,anfora,no_usadas,observacion_formal,tipo_observacion_formal
1010200001001,1010200001001,140,39,124,345,76,64,877,788,89,,
1010200001002,1010200001002,28,158,155,347,71,50,949,809,140,,
1010200001003,1010200001003,183,32,52,481,12,97,987,857,130,,
1010200001004,1010200001004,9,31,24,38,15,1,119,118,1,,
1010200001005,1010200001005,250,1,111,410,28,70,924,870,54,Falta de datos de apertura o cierre: Omisión de la hora exacta de inicio o finalización de la jornada electoral en el acta.,FALTA_DATOS_APERTURA_CIERRE
1010200001006,1010200001006,0,9,2,26,4,4,54,45,9,,
1010200001007,1010200001007,84,91,13,522,86,69,972,865,107,,
1010200001008,1010200001008,26,13,32,88,11,14,186,184,2,,
1010200001009,1010200001009,113,85,34,412,37,77,828,758,70,,
1010300010001,1010300010001,26,84,88,460,117,48,911,823,88,,
1010300011001,1010300011001,84,65,112,201,49,25,678,536,142,,
1010300011002,1010300011002,48,247,138,306,121,40,930,900,30,,
1010300011003,1010300011003,13,39,14,153,42,15,279,276,3,,
1010300011004,1010300011004,47,99,8,133,47,10,429,344,85,,
1010300011005,1010300011005,22,3,4,109,27,17,187,182,5,,
1010300011006,1010300011006,47,28,30,86,12,7,212,210,2,,
1010300011007,1010300011007,116,168,65,155,73,15,727,592,135,,
1010300011008,1010300011008,11,87,89,300,49,6,588,542,46,,
1010300011009,1010300011009,49,19,27,62,31,2,237,190,47,,
1010300011010,1010300011010,3,2,4,12,0,1,23,22,1,,
1010300011011,1010300011011,21,94,129,306,16,34,693,600,93,Mesa en lugar distinto: Funcionamiento de la mesa de sufragio en un recinto diferente al autorizado por la autoridad electoral.,MESA_LUGAR_DISTINTO
1010300011012,1010300011012,229,84,149,324,31,2,952,819,133,,
1010300011013,1010300011013,14,65,70,184,12,6,404,351,53,,
1010300011014,1010300011014,1,1,0,6,1,0,10,9,1,,
1010300011015,1010300011015,13,41,2,71,28,11,202,166,36,,
1010300011016,1010300011016,28,10,9,356,1,7,413,411,2,,
1010300027001,1010300027001,3,21,14,47,20,13,144,118,26,,
1010300027002,1010300027002,34,3,6,90,2,0,162,135,27,,
1010300027003,1010300027003,141,164,34,171,111,76,805,697,108,,
1010300027004,1010300027004,41,75,89,600,94,9,940,908,32,,
1010300027005,1010300027005,1,12,1,33,1,0,60,48,12,,
1010300027006,1010300027006,86,25,89,190,86,9,588,485,103,,
1010300027007,1010300027007,79,29,96,256,57,52,569,569,0,,
1010300027008,1010300027008,88,63,77,94,56,33,460,411,49,,
1010300027009,1010300027009,7,122,72,474,40,70,806,785,21,,
1010300027010,1010300027010,60,55,64,223,19,25,479,446,33,,
1010300027011,1010300027011,99,67,44,154,10,33,409,407,2,,
1010300027012,1010300027012,5,63,14,129,13,11,252,235,17,,
1010300027013,1010300027013,30,52,38,272,90,31,593,513,80,,
1010300027014,1010300027014,44,44,46,539,15,8,776,696,80,,
1020100041001,1020100041001,113,146,126,297,24,29,762,735,27,,
1020100041002,1020100041002,238,268,7,285,44,65,987,907,80,,
1020100041003,1020100041003,132,83,69,140,95,25,677,544,133,,
1020100041004,1020100041004,4,1,4,14,4,2,34,29,5,,
1020100045001,1020100045001,5,58,11,238,37,13,423,362,61,,
1020100045002,1020100045002,0,1,0,6,0,0,7,7,0,,
1020100045003,1020100045003,17,15,16,43,18,5,121,114,7,,
1020100045004,1020100045004,56,21,31,120,18,9,262,255,7,,
1020100045005,1020100045005,2,3,33,192,51,13,356,294,62,,
1020100045006,1020100045006,2,21,41,105,0,17,190,186,4,,
1020100045007,1020100045007,143,97,88,164,48,66,684,606,78,,
1020100045008,1020100045008,32,8,23,463,15,60,722,601,121,,
1020100045009,1020100045009,82,64,77,94,13,20,382,350,32,,
1020100045010,1020100045010,185,216,83,371,11,37,933,903,30,,
1020100045011,1020100045011,7,15,11,13,7,2,70,55,15,,
1020100045012,1020100045012,35,74,31,124,31,11,368,306,62,,
1020100045013,1020100045013,67,61,3,135,44,10,338,320,18,,
1020100045014,1020100045014,110,155,48,259,59,5,760,636,124,,
1020100045015,1020100045015,2,11,6,30,0,4,62,53,9,,
1020100045016,1020100045016,26,20,21,70,26,12,214,175,39,,
1020100045017,1020100045017,9,19,9,20,11,6,79,74,5,,
1020100062001,1020100062001,3,18,2,38,10,6,92,77,15,,
1020100062002,1020100062002,0,149,2,585,105,30,893,871,22,,
1020100062003,1020100062003,6,122,108,210,16,10,539,472,67,,
1020100062004,1020100062004,30,3,7,80,2,5,131,127,4,,
1020100062005,1020100062005,69,106,11,155,62,43,528,446,82,,
1030100067001,1030100067001,123,146,32,161,31,9,587,502,85,,
1030100067002,1030100067002,81,72,178,403,81,80,927,895,32,,
1030100067003,1030100067003,31,3,4,63,21,11,144,133,11,,
1030100067004,1030100067004,34,214,7,408,18,40,778,721,57,,
1030100067005,1030100067005,46,162,152,294,105,50,880,809,71,,
1030100067006,1030100067006,110,101,14,104,1,9,341,339,2,,
1030100067007,1030100067007,174,35,126,203,7,60,606,605,1,,
1030100067008,1030100067008,108,27,56,354,0,19,601,564,37,,
1030100067009,1030100067009,114,10,43,211,6,6,405,390,15,,
1030100067010,1030100067010,24,13,36,76,20,0,176,169,7,,
1030100067011,1030100067011,135,95,158,363,35,87,959,873,86,,
1030100067012,1030100067012,13,57,32,193,60,14,440,369,71,,
1030100067013,1030100067013,60,28,90,360,39,42,621,619,2,,
1030100067014,1030100067014,109,49,24,175,51,47,583,455,128,,
1030200081001,1030200081001,89,113,93,297,119,55,781,766,15,,
1030200081002,1030200081002,126,92,51,191,109,39,757,608,149,,
1030200081003,1030200081003,62,35,54,106,33,13,347,303,44,,
1030200081004,1030200081004,104,84,9,176,13,40,459,426,33,,
1030200081005,1030200081005,32,80,5,166,73,16,468,372,96,,
1030200081006,1030200081006,12,4,6,26,11,7,80,66,14,Mesa en lugar distinto: Funcionamiento de la mesa de sufragio en un recinto diferente al autorizado por la autoridad electoral.,MESA_LUGAR_DISTINTO
1030200087001,1030200087001,5,3,3,24,2,0,45,37,8,,
1030200087002,1030200087002,3,44,33,110,23,0,236,213,23,,
1030200087003,1030200087003,161,101,70,176,125,18,788,651,137,,
1030200087004,1030200087004,15,75,65,274,32,22,501,483,18,,
1030200087005,1030200087005,0,12,12,154,33,15,257,226,31,,
1030200087006,1030200087006,126,37,132,239,2,71,734,607,127,,
1030200087007,1030200087007,24,60,27,72,26,15,276,224,52,,
1030200087008,1030200087008,67,2,54,107,0,3,235,233,2,,
1030200087009,1030200087009,103,165,21,259,116,57,752,721,31,,
1030200087010,1030200087010,6,3,3,22,3,0,37,37,0,,
1030300097001,1030300097001,2,1,1,5,1,0,10,10,0,,
1030300097002,1030300097002,95,3,101,370,22,40,702,631,71,,
1030300097003,1030300097003,132,38,16,252,44,28,582,510,72,,
1030300097004,1030300097004,141,152,17,185,78,20,745,593,152,,
1030300097005,1030300097005,4,72,69,353,65,55,706,618,88,,
1030300097006,1030300097006,79,20,8,327,77,35,553,546,7,,
1030300097007,1030300097007,7,22,25,147,5,1,248,207,41,,
1030300097008,1030300097008,112,82,73,92,26,20,421,405,16,,
1030300097009,1030300097009,31,35,4,34,15,10,153,129,24,,
1030300097010,1030300097010,118,123,50,172,43,28,674,534,140,,
1030300097011,1030300097011,39,53,30,59,2,7,233,190,43,,
1030300097012,1030300097012,62,60,43,23,13,19,257,220,37,,
1030300097013,1030300097013,26,59,39,56,15,3,223,198,25,,
1030300097014,1030300097014,48,20,52,301,113,61,721,595,126,,
1030300097015,1030300097015,124,121,70,90,29,5,457,439,18,,
1030300097016,1030300097016,85,240,2,426,80,24,859,857,2,,
1030300097017,1030300097017,0,18,13,228,48,2,331,309,22,,
1030300097018,1030300097018,16,55,11,204,22,20,366,328,38,Uso de formularios no oficiales: Llenado de resultados en documentos o formatos no aprobados por el Tribunal Supremo Electoral.,USO_FORMULARIOS_NO_OFICIALES
1030400115001,1030400115001,99,98,98,326,77,13,718,711,7,,
1030400115002,1030400115002,33,30,36,84,30,15,266,228,38,,
1030400115003,1030400115003,6,1,21,165,47,31,323,271,52,,
1030400115004,1030400115004,95,4,88,372,135,24,893,718,175,,
1030400115005,1030400115005,183,18,92,259,64,61,699,677,22,,
1030400115006,1030400115006,170,84,83,283,117,86,992,823,169,,
1030400121001,1030400121001,57,51,37,97,36,19,364,297,67,,
1030400121002,1030400121002,161,34,26,264,94,31,745,610,135,,
1030400121003,1030400121003,100,189,71,336,20,27,912,743,169,,
1030400121004,1030400121004,209,163,4,239,21,73,847,709,138,,
1040100125001,1040100125001,22,128,79,169,0,53,542,451,91,,
1040100125002,1040100125002,13,9,14,56,0,5,97,97,0,,
1040100125003,1040100125003,2,2,1,6,1,0,13,12,1,,
1040100125004,1040100125004,12,38,112,314,18,43,645,537,108,,
1040100125005,1040100125005,19,26,10,63,3,4,126,125,1,,
1040100125006,1040100125006,188,147,77,152,18,56,733,638,95,,
1040100125007,1040100125007,0,7,2,27,5,0,48,41,7,,
1040100132001,1040100132001,134,181,139,182,11,0,717,647,70,,
1040100132002,1040100132002,43,38,32,48,11,2,195,174,21,,
1040100132003,1040100132003,12,182,78,356,21,38,714,687,27,,
1040100132004,1040100132004,124,35,68,144,23,43,482,437,45,,
1040100132005,1040100132005,67,44,143,327,21,51,705,653,52,,
1040100132006,1040100132006,166,84,74,243,52,41,722,660,62,,
1040100132007,1040100132007,217,99,83,307,149,38,945,893,52,,
1040100132008,1040100132008,21,17,93,248,60,29,532,468,64,,
1040100132009,1040100132009,71,125,126,265,97,45,774,729,45,,
1040100132010,1040100132010,5,15,11,77,2,12,141,122,19,,
1040100132011,1040100132011,137,112,84,68,80,27,520,508,12,,
1040100143001,1040100143001,23,121,32,336,31,30,621,573,48,,
1040100143002,1040100143002,5,4,14,51,8,8,92,90,2,,
1040100143003,1040100143003,26,26,46,111,19,3,257,231,26,,
1040100143004,1040100143004,16,28,11,41,16,1,126,113,13,,
1040100143005,1040100143005,3,27,33,71,15,2,158,151,7,,
1040100143006,1040100143006,21,9,3,90,0,16,173,139,34,,
1040100143007,1040100143007,67,23,43,75,16,1,279,225,54,,
1040200150001,1040200150001,9,23,5,67,9,9,133,122,11,,
1040200150002,1040200150002,32,33,29,104,4,3,215,205,10,,
1040200150003,1040200150003,154,137,89,67,79,2,630,528,102,,
1040200150004,1040200150004,39,0,33,93,14,3,195,182,13,,
1040200150005,1040200150005,64,85,2,472,65,54,917,742,175,,
1040200150006,1040200150006,4,164,15,304,15,64,648,566,82,,
1040200150007,1040200150007,123,5,32,277,45,18,608,500,108,,
1040200150008,1040200150008,22,44,81,494,100,23,845,764,81,,
1040200150009,1040200150009,0,68,59,167,30,24,353,348,5,,
1040200150010,1040200150010,0,0,0,9,1,0,11,10,1,,
1040200150011,1040200150011,31,53,39,171,11,30,377,335,42,,
1040200161001,1040200161001,93,65,134,264,94,31,712,681,31,,
1040200161002,1040200161002,11,116,119,248,49,64,642,607,35,,
1040200161003,1040200161003,68,56,22,232,54,12,444,444,0,,
1040200161004,1040200161004,73,20,49,372,123,78,787,715,72,,
1040200161005,1040200161005,38,22,58,179,8,2,382,307,75,,
1040200161006,1040200161006,25,14,0,42,11,8,110,100,10,,
1040200161007,1040200161007,61,65,114,236,67,0,619,543,76,,
1040200161008,1040200161008,7,14,30,346,28,27,570,452,118,,
1040200161009,1040200161009,26,21,12,21,18,6,119,104,15,,
1040200161010,1040200161010,168,138,112,76,40,42,583,576,7,,
1040200161011,1040200161011,83,54,29,87,23,2,324,278,46,,
1040200161012,1040200161012,194,12,5,377,138,72,923,798,125,,
1040200161013,1040200161013,131,16,11,234,10,27,493,429,64,,
1040200161014,1040200161014,17,24,17,13,0,3,91,74,17,,
1040200161015,1040200161015,5,34,33,126,29,18,261,245,16,,
1040200161016,1040200161016,125,5,123,252,112,69,792,686,106,,
1040200161017,1040200161017,12,28,16,81,11,16,179,164,15,,
1040300178001,1040300178001,5,8,6,13,4,1,39,37,2,,
1040300178002,1040300178002,36,48,59,482,51,21,854,697,157,,
1040300178003,1040300178003,2,51,23,87,29,18,244,210,34,,
1040300181001,1040300181001,2,7,10,29,9,3,62,60,2,,
1040300181002,1040300181002,205,169,97,154,80,15,748,720,28,,
1040300181003,1040300181003,20,15,51,368,94,23,708,571,137,,
1040300181004,1040300181004,0,28,38,115,21,16,273,218,55,,
1040300181005,1040300181005,31,14,38,287,17,9,400,396,4,,
1040400186001,1040400186001,148,154,111,305,4,77,837,799,38,,
1040400186002,1040400186002,51,112,70,355,139,46,989,773,216,,
1040400186003,1040400186003,229,205,114,276,46,6,982,876,106,,
1040400189001,1040400189001,44,84,49,84,34,9,314,304,10,,
1040400189002,1040400189002,107,70,78,183,5,36,573,479,94,,
1040400189003,1040400189003,8,30,30,382,84,20,636,554,82,,
1040400189004,1040400189004,58,73,55,42,23,28,324,279,45,,
1040400189005,1040400189005,1,0,1,4,0,0,6,6,0,,
1040400189006,1040400189006,78,111,24,182,1,11,427,407,20,,
1040400189007,1040400189007,14,13,68,344,27,31,557,497,60,,
1040400189008,1040400189008,222,117,19,453,22,10,858,843,15,,
1040400197001,1040400197001,20,91,7,187,30,19,369,354,15,,
1040400197002,1040400197002,53,123,117,245,117,4,757,659,98,,
1040400197003,1040400197003,67,23,63,213,53,33,522,452,70,,
1040400197004,1040400197004,0,57,27,114,8,2,220,208,12,,
1040400197005,1040400197005,103,61,144,322,13,4,784,647,137,,
1040400197006,1040400197006,53,22,75,431,72,32,876,685,191,,
1040400197007,1040400197007,77,34,74,305,74,6,681,570,111,,
1040400197008,1040400197008,135,0,57,202,44,13,569,451,118,,
1040400197009,1040400197009,100,103,38,117,15,29,510,402,108,,
1040500206001,1040500206001,7,7,3,6,4,1,35,28,7,,
1040500206002,1040500206002,45,48,72,392,45,56,661,658,3,,
1040500206003,1040500206003,30,48,49,113,20,6,287,266,21,,
1040500206004,1040500206004,165,151,82,396,128,45,970,967,3,,
1040500206005,1040500206005,119,16,74,143,89,52,570,493,77,,
1040500206006,1040500206006,25,16,7,48,13,7,138,116,22,,
1040500206007,1040500206007,13,64,44,95,23,5,310,244,66,,
1040500206008,1040500206008,99,55,0,226,78,57,652,515,137,,
1040500206009,1040500206009,6,10,41,289,65,38,466,449,17,,
1040500206010,1040500206010,4,2,5,13,2,2,28,28,0,,
1040500206011,1040500206011,115,157,58,170,66,38,618,604,14,,
1040500206012,1040500206012,0,5,2,18,4,1,31,30,1,,
1060100218001,1060100218001,62,56,29,388,131,34,847,700,147,,
1060100218002,1060100218002,94,49,26,117,7,9,365,302,63,,
1060100218003,1060100218003,74,128,9,332,79,8,721,630,91,,
1060100221001,1060100221001,125,66,30,227,3,1,564,452,112,,
1060100221002,1060100221002,22,30,20,27,19,11,140,129,11,,
1060100221003,1060100221003,31,58,43,79,2,14,253,227,26,,
1060100221004,1060100221004,80,46,23,175,54,29,466,407,59,,
1060100221005,1060100221005,17,20,4,81,23,14,197,159,38,,
1060100221006,1060100221006,179,187,82,173,105,82,873,808,65,,
1060100221007,1060100221007,57,91,18,113,40,22,364,341,23,,
1060100221008,1060100221008,73,31,32,77,10,18,260,241,19,,
1060100221009,1060100221009,0,5,3,46,1,3,69,58,11,,
1060100221010,1060100221010,34,23,11,196,29,30,326,323,3,,
1060100231001,1060100231001,68,55,1,169,59,31,413,383,30,,
1060100231002,1060100231002,138,15,82,273,93,30,805,631,174,,
1060100231003,1060100231003,96,108,87,244,58,81,839,674,165,,
1060100231004,1060100231004,138,138,21,103,74,34,562,508,54,,
1060100231005,1060100231005,6,16,10,33,15,3,103,83,20,,
1060100231006,1060100231006,45,139,109,276,78,64,736,711,25,,
1060100231007,1060100231007,88,181,65,351,97,18,984,800,184,,
1060100231008,1060100231008,88,105,33,172,31,6,435,435,0,,
1060100231009,1060100231009,7,92,132,391,54,21,700,697,3,,
1060100231010,1060100231010,54,15,91,217,33,0,410,410,0,,
1060100231011,1060100231011,25,37,60,169,14,0,313,305,8,,
1060200242001,1060200242001,60,88,53,56,26,19,339,302,37,,
1060200242002,1060200242002,11,27,41,630,58,85,942,852,90,,
1060200242003,1060200242003,20,163,121,282,26,49,752,661,91,,
1060200242004,1060200242004,38,92,19,169,20,40,420,378,42,,
1060200242005,1060200242005,5,37,47,120,31,28,305,268,37,,
1060200242006,1060200242006,39,26,118,383,8,6,636,580,56,,
1060200242007,1060200242007,48,26,11,205,40,32,366,362,4,,
1060200242008,1060200242008,65,53,43,102,41,22,334,326,8,,
1060200242009,1060200242009,29,55,13,111,27,24,289,259,30,,
1060200242010,1060200242010,15,16,1,44,1,1,93,78,15,,
1060200242011,1060200242011,185,42,112,306,25,23,751,693,58,,
1060200242012,1060200242012,70,3,43,145,51,9,327,321,6,,
1060200242013,1060200242013,150,131,74,97,43,59,635,554,81,,
1060200242014,1060200242014,218,57,142,215,8,4,754,644,110,,
1060200242015,1060200242015,15,129,117,228,49,41,635,579,56,,
1060200242016,1060200242016,32,25,18,63,31,7,218,176,42,,
1060200242017,1060200242017,3,19,13,20,3,2,71,60,11,,
1060200242018,1060200242018,19,58,35,286,25,41,481,464,17,,
1060200242019,1060200242019,36,101,51,110,59,25,427,382,45,,
1060200261001,1060200261001,94,118,106,132,104,48,759,602,157,,
1060200261002,1060200261002,2,129,79,405,109,14,918,738,180,,
1060200261003,1060200261003,12,24,7,119,8,7,184,177,7,,
1060200261004,1060200261004,174,17,0,334,75,70,764,670,94,,
1060200261005,1060200261005,0,106,3,360,51,16,641,536,105,,
1060200261006,1060200261006,36,27,85,568,72,8,890,796,94,,
1060200261007,1060200261007,23,65,56,241,77,20,487,482,5,,
1060200261008,1060200261008,25,72,12,286,16,58,596,469,127,,
1060200261009,1060200261009,48,147,123,295,23,55,758,691,67,,
1070100270001,1070100270001,90,28,64,278,80,49,648,589,59,,
1070100270002,1070100270002,19,18,80,600,120,11,909,848,61,,
1070200272001,1070200272001,64,20,65,170,50,20,413,389,24,,
1070200272002,1070200272002,89,91,18,251,25,30,623,504,119,,
1070200274001,1070200274001,154,54,39,218,30,62,668,557,111,,
1070200274002,1070200274002,56,54,12,176,55,14,435,367,68,,
1070200274003,1070200274003,46,29,19,60,32,20,258,206,52,,
1070200274004,1070200274004,63,76,3,198,46,39,527,425,102,,
1070200274005,1070200274005,64,1,0,144,13,4,258,226,32,,
1070200274006,1070200274006,14,24,39,132,6,21,242,236,6,,
1070200274007,1070200274007,36,18,23,29,5,4,143,115,28,,
1070200274008,1070200274008,37,25,26,28,21,7,170,144,26,,
1070200274009,1070200274009,70,100,154,340,88,3,868,755,113,,
1070200274010,1070200274010,131,49,84,156,21,18,539,459,80,,
1070200274011,1070200274011,80,106,153,322,76,23,878,760,118,,
1070200285001,1070200285001,25,21,19,80,12,1,199,158,41,,
1070200285002,1070200285002,134,204,43,247,136,46,945,810,135,,
1070200285003,1070200285003,52,140,12,405,4,57,770,670,100,,
1070200285004,1070200285004,47,11,61,131,60,39,430,349,81,,
1070200285005,1070200285005,24,21,48,227,34,24,478,378,100,,
1070200285006,1070200285006,19,13,21,115,12,7,192,187,5,,
1070200285007,1070200285007,1,1,0,4,0,0,7,6,1,,
1070200285008,1070200285008,1,93,22,239,63,11,472,429,43,,
1070200285009,1070200285009,55,181,31,456,67,48,976,838,138,,
1070200285010,1070200285010,63,13,29,92,14,1,237,212,25,,
1070300295001,1070300295001,36,49,22,38,26,5,186,176,10,,
1070300295002,1070300295002,162,116,68,265,52,82,942,745,197,,
1070300295003,1070300295003,58,35,1,430,75,65,831,664,167,,
1070300295004,1070300295004,124,19,83,368,60,19,686,673,13,,
1070300295005,1070300295005,22,20,8,19,15,8,105,92,13,,
1070300300001,1070300300001,23,61,57,94,2,22,292,259,33,,
1070300300002,1070300300002,113,45,56,157,36,18,438,425,13,,
1070300300003,1070300300003,139,125,132,150,33,5,679,584,95,,
1070300300004,1070300300004,41,126,5,386,15,16,674,589,85,,
1070300300005,1070300300005,63,167,75,196,25,47,693,573,120,,
1070300300006,1070300300006,80,54,11,176,16,30,454,367,87,,
1070300300007,1070300300007,232,110,142,253,121,9,982,867,115,,
1070300300008,1070300300008,12,15,8,12,5,1,64,53,11,,
1070300300009,1070300300009,13,28,0,77,6,5,129,129,0,,
1070300300010,1070300300010,12,44,138,460,133,16,898,803,95,,
1070300300011,1070300300011,12,52,37,119,26,12,289,258,31,,
1070300300012,1070300300012,16,17,81,407,31,30,720,582,138,,
1070300300013,1070300300013,0,172,108,237,28,20,591,565,26,,
1070300300014,1070300300014,0,2,1,19,0,1,27,23,4,,
1070300300015,1070300300015,161,111,152,218,102,16,845,760,85,,
1070300300016,1070300300016,110,148,55,125,24,10,497,472,25,,
1070300300017,1070300300017,26,86,11,182,47,39,400,391,9,,
1070300300018,1070300300018,41,128,109,186,40,43,646,547,99,,
1070300318001,1070300318001,6,7,5,36,6,1,71,61,10,,
1070300318002,1070300318002,211,291,128,235,52,21,993,938,55,,
1070300318003,1070300318003,4,2,0,8,0,1,17,15,2,,
1070300318004,1070300318004,12,38,31,54,29,2,193,166,27,,
1070300318005,1070300318005,88,5,10,495,138,72,985,808,177,,
1070300318006,1070300318006,77,25,35,287,58,47,531,529,2,,
1070300318007,1070300318007,18,15,11,41,12,1,113,98,15,,
1070300318008,1070300318008,173,28,64,244,88,18,673,615,58,,
1070400326001,1070400326001,136,7,27,313,56,57,640,596,44,,
1070400326002,1070400326002,37,39,50,155,35,32,370,348,22,,
1070400326003,1070400326003,24,8,10,693,141,70,978,946,32,,
1070400326004,1070400326004,4,4,5,9,2,1,26,25,1,,
1070400326005,1070400326005,82,163,125,410,30,4,860,814,46,,
1070400326006,1070400326006,100,28,97,170,88,14,626,497,129,,
1070400326007,1070400326007,19,4,29,75,15,12,194,154,40,,
1070400326008,1070400326008,68,26,66,160,28,9,393,357,36,,
1070400326009,1070400326009,51,26,10,97,38,4,244,226,18,,
1070400326010,1070400326010,7,41,4,212,61,20,411,345,66,,
1070400326011,1070400326011,15,57,35,139,12,12,300,270,30,,
1070400326012,1070400326012,138,144,103,269,18,82,918,754,164,,
1070400326013,1070400326013,21,145,83,280,83,13,666,625,41,,
1070400326014,1070400326014,15,159,17,313,63,32,739,599,140,,
1070400326015,1070400326015,224,224,110,211,75,9,960,853,107,,
1070400326016,1070400326016,41,164,42,325,48,52,847,672,175,,
1070400342001,1070400342001,4,100,35,279,58,47,654,523,131,,
1070400342002,1070400342002,38,162,38,227,93,37,612,595,17,,
1070400342003,1070400342003,0,0,0,4,0,0,4,4,0,,
1070400342004,1070400342004,72,49,13,623,37,11,972,805,167,,
1070400342005,1070400342005,108,152,46,275,66,60,721,707,14,,
1070400342006,1070400342006,129,77,75,470,72,75,922,898,24,,
1070400342007,1070400342007,39,33,10,196,21,29,416,328,88,,
1090100349001,1090100349001,31,35,81,204,20,0,461,371,90,,
1090100349002,1090100349002,103,85,129,356,13,32,758,718,40,,
1090100349003,1090100349003,89,6,32,195,60,29,522,411,111,,
1090100349004,1090100349004,41,60,28,83,12,23,278,247,31,,
1090100349005,1090100349005,17,17,1,198,23,11,304,267,37,,
1090100349006,1090100349006,2,2,1,19,4,0,33,28,5,,
1090100349007,1090100349007,21,190,129,291,78,24,903,733,170,,
1090100349008,1090100349008,14,24,20,175,46,9,353,288,65,,
1090100349009,1090100349009,72,37,47,284,87,8,558,535,23,,
1090100349010,1090100349010,47,61,23,74,37,20,315,262,53,,
1090100349011,1090100349011,34,57,9,274,49,35,573,458,115,,
1090100349012,1090100349012,71,19,4,177,32,28,338,331,7,,
1090100349013,1090100349013,26,3,19,116,12,20,249,196,53,,
1090100349014,1090100349014,32,38,45,204,61,44,458,424,34,,
1090100363001,1090100363001,88,47,39,145,43,33,406,395,11,,
1090100363002,1090100363002,19,22,3,30,1,4,87,79,8,,
1090200365001,1090200365001,121,6,49,352,81,35,702,644,58,,
1090200365002,1090200365002,106,153,47,205,53,36,748,600,148,Mesa en lugar distinto: Funcionamiento de la mesa de sufragio en un recinto diferente al autorizado por la autoridad electoral.,MESA_LUGAR_DISTINTO
1090200365003,1090200365003,117,67,3,456,94,38,805,775,30,,
1090200365004,1090200365004,85,77,59,125,46,37,492,429,63,,
1090200365005,1090200365005,40,29,4,109,39,9,286,230,56,Falta de datos de apertura o cierre: Omisión de la hora exacta de inicio o finalización de la jornada electoral en el acta.,FALTA_DATOS_APERTURA_CIERRE
1090300370001,1090300370001,38,38,26,341,52,48,606,543,63,,
1090300370002,1090300370002,27,23,28,75,19,13,223,185,38,,
1090300370003,1090300370003,102,1,31,260,68,3,512,465,47,,
1090300370004,1090300370004,72,175,17,241,91,22,670,618,52,,
1090300370005,1090300370005,47,45,30,66,4,10,223,202,21,,
1090300370006,1090300370006,4,7,12,44,5,0,87,72,15,,
1090300370007,1090300370007,145,154,124,98,127,64,911,712,199,,
1090300370008,1090300370008,11,6,3,25,3,4,53,52,1,,
1090300370009,1090300370009,140,90,72,239,105,78,877,724,153,,
1090300370010,1090300370010,65,14,28,94,15,11,227,227,0,,
1090300370011,1090300370011,101,9,49,235,53,30,565,477,88,,
1090300370012,1090300370012,60,141,125,424,72,42,893,864,29,,
1090300370013,1090300370013,111,89,71,107,26,47,557,451,106,,
1090300370014,1090300370014,51,10,75,310,39,58,605,543,62,,
1090300384001,1090300384001,52,184,63,265,57,43,775,664,111,,
1090300384002,1090300384002,114,58,52,206,35,7,472,472,0,,
1090300384003,1090300384003,12,13,6,74,8,2,121,115,6,,
1090300384004,1090300384004,50,122,25,412,1,15,779,625,154,,
1090300384005,1090300384005,45,51,9,410,44,56,769,615,154,,
1090300384006,1090300384006,152,149,72,137,43,1,598,554,44,,
1090300384007,1090300384007,14,22,10,36,7,1,110,90,20,,
1090300384008,1090300384008,9,36,82,215,54,39,506,435,71,,
1090300384009,1090300384009,126,12,16,293,32,6,528,485,43,,
1090300384010,1090300384010,58,96,128,246,38,54,643,620,23,,
1090300384011,1090300384011,19,12,19,67,7,4,150,128,22,,
1090300384012,1090300384012,52,67,5,143,30,22,374,319,55,,
1090300396001,1090300396001,17,33,25,32,21,3,147,131,16,,
1090300396002,1090300396002,253,204,103,278,11,37,969,886,83,,
1090300396003,1090300396003,106,49,84,205,85,3,554,532,22,,
1090300396004,1090300396004,48,17,38,101,35,1,242,240,2,,
1090300396005,1090300396005,38,52,17,191,8,35,390,341,49,,
1100100401001,1100100401001,144,56,91,287,1,50,664,629,35,,
1100100401002,1100100401002,23,1,22,239,33,6,401,324,77,,
1100100401003,1100100401003,19,4,8,77,22,7,160,137,23,,
1100100401004,1100100401004,103,118,87,251,21,42,763,622,141,,
1100100401005,1100100401005,39,46,48,208,36,7,478,384,94,,
1100100401006,1100100401006,10,9,15,38,6,8,94,86,8,,
1100100401007,1100100401007,12,55,22,79,19,1,227,188,39,,
1100100401008,1100100401008,25,9,46,367,12,17,512,476,36,,
1100100401009,1100100401009,55,33,6,82,7,15,207,198,9,,
1100200410001,1100200410001,55,50,6,468,129,71,903,779,124,,
1100200410002,1100200410002,3,8,3,27,5,0,53,46,7,,
1100200410003,1100200410003,61,101,79,228,1,6,598,476,122,,
1100200410004,1100200410004,3,14,8,129,0,8,168,162,6,,
1100200410005,1100200410005,139,123,73,146,24,62,660,567,93,,
1100200410006,1100200410006,30,151,96,210,39,2,539,528,11,,
1100200410007,1100200410007,2,3,3,11,2,0,23,21,2,,
1100200417001,1100200417001,107,154,58,167,16,42,628,544,84,,
1100200417002,1100200417002,14,15,3,68,19,8,158,127,31,,
1100200417003,1100200417003,163,17,95,328,117,14,741,734,7,,
1100200417004,1100200417004,93,131,20,155,41,33,550,473,77,,
1100200417005,1100200417005,42,39,31,428,22,41,643,603,40,,
1100200417006,1100200417006,8,50,44,208,12,20,359,342,17,,
2010200423001,2010200423001,21,29,15,111,33,24,251,233,18,,
2010200423002,2010200423002,60,5,1,103,3,11,229,183,46,,
2010200423003,2010200423003,6,2,0,9,0,0,20,17,3,,
2010200423004,2010200423004,381,65,3,335,97,6,968,887,81,,
2010200423005,2010200423005,129,91,55,303,136,12,868,726,142,,
2010200423006,2010200423006,51,14,48,387,115,25,758,640,118,,
2010200423007,2010200423007,12,0,2,31,7,0,53,52,1,,
2010200423008,2010200423008,198,98,0,326,18,49,788,689,99,,
2010200423009,2010200423009,33,15,9,41,4,1,123,103,20,,
2010200423010,2010200423010,316,39,43,361,14,61,892,834,58,,
2010200423011,2010200423011,0,2,11,130,14,16,204,173,31,,
2010200423012,2010200423012,122,61,39,179,99,34,640,534,106,,
2010200423013,2010200423013,25,2,3,26,7,4,69,67,2,,
2010200423014,2010200423014,22,0,4,67,9,10,118,112,6,,
2010200423015,2010200423015,6,5,13,158,2,21,223,205,18,,
2010200423016,2010200423016,298,46,19,369,131,33,935,896,39,,
2010200423017,2010200423017,230,90,20,161,69,47,789,617,172,,
2010200423018,2010200423018,25,22,17,247,9,5,336,325,11,,
2010200441001,2010200441001,131,115,65,458,60,29,898,858,40,,
2010200441002,2010200441002,132,50,22,168,57,16,457,445,12,,
2010200441003,2010200441003,229,45,27,308,71,53,734,733,1,,
2010400444001,2010400444001,45,16,9,52,15,13,190,150,40,,
2010400444002,2010400444002,416,158,29,236,25,45,980,909,71,,
2010400444003,2010400444003,38,44,26,210,17,0,341,335,6,,
2010400444004,2010400444004,51,26,16,485,53,71,812,702,110,,
2010400444005,2010400444005,49,50,3,210,8,28,359,348,11,,
2010400449001,2010400449001,45,20,9,416,100,17,673,607,66,,
2010400449002,2010400449002,83,67,22,282,68,1,569,523,46,,
2010400449003,2010400449003,34,15,43,417,89,32,755,630,125,,
2010400449004,2010400449004,23,0,0,75,16,5,135,119,16,,
2010400449005,2010400449005,5,15,27,462,40,16,616,565,51,,
2010400449006,2010400449006,20,0,2,24,6,6,67,58,9,,
2010400449007,2010400449007,263,62,4,280,97,25,803,731,72,,
2010400449008,2010400449008,141,111,10,341,12,5,661,620,41,,
2010400449009,2010400449009,44,5,13,280,49,19,468,410,58,,
2010400449010,2010400449010,15,9,2,41,9,6,94,82,12,,
2010400449011,2010400449011,12,1,8,131,2,12,168,166,2,,
2010400449012,2010400449012,69,15,15,180,13,26,359,318,41,,
2010400449013,2010400449013,56,3,14,90,0,17,191,180,11,,
2010400449014,2010400449014,119,16,25,293,33,26,525,512,13,,
2010400449015,2010400449015,4,0,1,10,0,1,19,16,3,,
2010400449016,2010400449016,78,42,24,254,57,33,556,488,68,,
2010400465001,2010400465001,144,60,37,162,60,37,555,500,55,,
2010400465002,2010400465002,45,108,15,456,89,57,961,770,191,,
2010400465003,2010400465003,39,50,10,188,7,15,323,309,14,,
2010400465004,2010400465004,40,69,32,272,25,22,521,460,61,,
2010400465005,2010400465005,65,93,11,361,38,35,768,603,165,,
2010400465006,2010400465006,83,30,9,309,103,52,650,586,64,,
2010400465007,2010400465007,40,39,55,555,11,24,833,724,109,,
2010400465008,2010400465008,16,17,3,90,7,16,180,149,31,,
2010400465009,2010400465009,53,41,40,472,124,11,843,741,102,,
2010400465010,2010400465010,185,160,20,453,103,65,993,986,7,,
2010400465011,2010400465011,267,69,32,372,45,84,960,869,91,,
2010400465012,2010400465012,95,24,14,252,44,2,535,431,104,,
2010400465013,2010400465013,3,5,6,82,5,5,110,106,4,,
2010400465014,2010400465014,161,54,40,206,24,4,562,489,73,,
2010400465015,2010400465015,113,108,2,492,9,50,916,774,142,,
2010400465016,2010400465016,27,11,12,96,31,7,220,184,36,,
2010400465017,2010400465017,7,3,1,10,2,1,25,24,1,,
2010400465018,2010400465018,6,0,1,11,1,1,20,20,0,,
2010400465019,2010400465019,188,36,40,210,111,23,723,608,115,,
2010500484001,2010500484001,198,77,13,281,85,22,834,676,158,,
2010500484002,2010500484002,34,78,4,294,2,14,460,426,34,,
2010500484003,2010500484003,253,136,6,348,91,28,915,862,53,,
2010500484004,2010500484004,213,16,27,341,82,66,795,745,50,,
2010500484005,2010500484005,45,20,0,45,14,5,142,129,13,,
2010500484006,2010500484006,66,64,38,243,13,15,506,439,67,,
2010500484007,2010500484007,106,82,24,294,24,56,642,586,56,,
2010500484008,2010500484008,16,21,19,146,48,17,315,267,48,,
2010500484009,2010500484009,10,9,0,29,0,5,65,53,12,,
2020100493001,2020100493001,277,93,63,226,115,22,987,796,191,,
2020100493002,2020100493002,221,157,16,410,62,13,913,879,34,,
2020100495001,2020100495001,35,10,3,137,11,7,226,203,23,,
2020100495002,2020100495002,1,0,0,49,4,2,58,56,2,,
2020200497001,2020200497001,194,94,20,224,68,21,633,621,12,,
2020200497002,2020200497002,225,47,7,386,51,35,882,751,131,,
2020200497003,2020200497003,8,0,3,66,0,0,79,77,2,,
2020200497004,2020200497004,118,30,26,102,37,1,335,314,21,,
2020200497005,2020200497005,37,7,13,98,2,10,195,167,28,,
2020200497006,2020200497006,55,14,28,288,57,23,496,465,31,,
2020200497007,2020200497007,52,19,3,40,18,5,137,137,0,,
2020200497008,2020200497008,168,118,20,328,100,50,802,784,18,Fecha incorrecta: Realización del escrutinio en un día distinto al fijado oficialmente para la elección.,FECHA_INCORRECTA
2020200505001,2020200505001,5,62,37,319,55,31,509,509,0,,
2020200505002,2020200505002,247,65,40,420,60,67,908,899,9,,
2020200505003,2020200505003,33,5,5,27,2,0,72,72,0,,
2020200505004,2020200505004,196,84,8,300,20,37,692,645,47,,
2020300509001,2020300509001,47,11,12,97,13,16,210,196,14,,
2020300509002,2020300509002,1,0,0,7,1,0,11,9,2,,
2020300509003,2020300509003,52,93,54,616,96,47,970,958,12,,
2020300509004,2020300509004,91,58,20,164,11,16,377,360,17,,
2020300509005,2020300509005,23,21,2,376,9,49,592,480,112,,
2020300509006,2020300509006,72,66,18,517,37,39,914,749,165,,
2020300509007,2020300509007,223,124,38,252,71,47,776,755,21,,
2020300509008,2020300509008,178,64,3,226,105,55,695,631,64,,
2020300509009,2020300509009,1,59,32,245,27,40,427,404,23,,
2020300509010,2020300509010,96,31,47,543,36,9,920,762,158,,
2020300509011,2020300509011,2,3,2,19,2,1,35,29,6,,
2020300509012,2020300509012,63,33,5,69,3,8,200,181,19,,
2020300509013,2020300509013,14,21,0,121,12,1,182,169,13,,
2020300522001,2020300522001,192,85,22,192,76,18,637,585,52,,
2020300522002,2020300522002,17,8,2,25,10,1,67,63,4,,
2020300522003,2020300522003,219,26,39,252,32,18,609,586,23,,
2020300522004,2020300522004,15,19,13,117,15,0,213,179,34,,
2020300522005,2020300522005,174,29,36,222,65,12,610,538,72,,
2020300522006,2020300522006,41,20,4,97,5,9,202,176,26,,
2020300522007,2020300522007,119,11,26,150,21,37,391,364,27,,
2020300522008,2020300522008,83,18,9,84,36,14,271,244,27,,
2020300522009,2020300522009,91,25,27,224,20,21,487,408,79,,
2020300522010,2020300522010,66,107,59,391,49,74,791,746,45,,
2020300522011,2020300522011,205,32,61,328,123,38,890,787,103,,
2020400533001,2020400533001,69,53,25,166,15,8,429,336,93,,
2020400533002,2020400533002,102,12,24,255,48,49,522,490,32,,
2020400533003,2020400533003,14,5,3,11,1,3,44,37,7,,
2020400533004,2020400533004,78,10,13,95,12,14,223,222,1,,
2020400533005,2020400533005,14,13,19,156,30,9,242,241,1,,
2020400533006,2020400533006,223,60,15,344,52,9,749,703,46,,
2020400533007,2020400533007,141,58,3,143,22,18,442,385,57,,
2020400533008,2020400533008,46,65,19,406,8,15,587,559,28,,
2020400533009,2020400533009,29,8,11,138,15,24,267,225,42,,
2020400533010,2020400533010,57,2,0,57,2,8,149,126,23,,
2020400533011,2020400533011,235,120,13,257,73,32,771,730,41,,
2020400533012,2020400533012,30,4,4,41,4,5,112,88,24,,
2020400533013,2020400533013,59,2,23,207,21,16,410,328,82,,
2020400533014,2020400533014,47,68,0,320,58,48,590,541,49,,
2020400533015,2020400533015,129,50,3,81,17,21,330,301,29,,
2020400533016,2020400533016,76,44,11,132,55,4,386,322,64,,
2020400533017,2020400533017,34,8,2,28,7,2,82,81,1,,
2020400533018,2020400533018,1,2,14,145,18,4,214,184,30,,
2020400533019,2020400533019,0,12,5,140,11,5,221,173,48,,
2020400533020,2020400533020,42,4,2,38,17,12,126,115,11,,
2020600553001,2020600553001,154,42,15,409,45,21,784,686,98,,
2020600553002,2020600553002,12,31,16,142,45,13,289,259,30,,
2020600553003,2020600553003,82,34,10,432,106,27,884,691,193,,
2020600556001,2020600556001,126,41,35,169,9,4,490,384,106,,
2020600556002,2020600556002,39,3,4,61,12,1,121,120,1,,
2020600556003,2020600556003,155,114,20,387,1,10,705,687,18,,
2020600556004,2020600556004,12,16,4,80,22,7,153,141,12,,
2020600556005,2020600556005,80,24,10,50,34,15,222,213,9,,
2020600556006,2020600556006,80,3,17,82,23,6,256,211,45,,
2020600556007,2020600556007,1,5,4,47,9,4,83,70,13,,
2020600556008,2020600556008,12,112,45,421,32,42,725,664,61,,
2020600556009,2020600556009,75,91,7,299,34,40,621,546,75,,
2020600556010,2020600556010,4,27,5,146,14,8,218,204,14,,
2020600556011,2020600556011,0,88,45,341,86,10,631,570,61,,
2020600556012,2020600556012,35,7,0,64,18,9,138,133,5,,
2020600556013,2020600556013,231,45,60,371,135,27,887,869,18,,
2020600556014,2020600556014,7,11,1,72,2,9,112,102,10,,
2020600570001,2020600570001,145,49,6,285,65,49,711,599,112,,
2020600570002,2020600570002,41,40,1,450,0,11,597,543,54,,
2020600570003,2020600570003,165,16,15,225,10,31,524,462,62,,
2020600570004,2020600570004,215,148,64,374,29,43,878,873,5,,
2020600570005,2020600570005,53,0,4,54,19,14,169,144,25,,
2020600570006,2020600570006,2,52,22,452,30,40,728,598,130,,
2020600570007,2020600570007,119,117,24,473,43,43,911,819,92,,
2020600570008,2020600570008,2,0,0,7,0,0,9,9,0,,
2020600570009,2020600570009,215,1,0,287,45,35,660,583,77,,
2020600570010,2020600570010,19,1,0,134,35,21,245,210,35,,
2020600570011,2020600570011,16,9,2,45,4,7,96,83,13,,
2020600570012,2020600570012,76,34,7,82,22,5,260,226,34,,
2020600570013,2020600570013,34,46,2,249,44,34,510,409,101,,
2020600570014,2020600570014,55,54,9,186,9,34,415,347,68,,
2020600570015,2020600570015,224,11,22,250,18,44,600,569,31,,
2020600570016,2020600570016,7,94,41,355,29,13,549,539,10,,
2020600570017,2020600570017,33,18,11,57,22,1,151,142,9,,
2020600570018,2020600570018,124,20,51,398,18,26,655,637,18,,
2020600570019,2020600570019,136,3,44,489,63,35,850,770,80,,
2020600570020,2020600570020,170,45,11,268,79,70,780,643,137,,
2030100590001,2030100590001,73,82,25,253,58,12,564,503,61,,
2030100591001,2030100591001,30,1,2,111,23,2,180,169,11,,
2030100591002,2030100591002,63,25,0,106,46,8,301,248,53,,
2030100591003,2030100591003,36,101,46,561,29,16,877,789,88,,
2030100591004,2030100591004,180,85,36,322,8,22,767,653,114,,
2030100591005,2030100591005,71,40,18,118,27,2,330,276,54,,
2030100591006,2030100591006,55,26,3,141,48,24,378,297,81,,
2030100591007,2030100591007,71,28,22,133,24,26,363,304,59,,
2030100591008,2030100591008,23,9,3,20,8,7,88,70,18,,
2030100591009,2030100591009,59,9,1,69,12,1,159,151,8,,
2030100591010,2030100591010,28,53,27,325,16,3,541,452,89,,
2030100591011,2030100591011,8,8,0,76,18,0,124,110,14,,
2030100591012,2030100591012,47,19,10,56,14,3,178,149,29,,
2030100591013,2030100591013,51,40,5,367,40,48,566,551,15,,
2030100591014,2030100591014,251,14,41,280,4,55,823,645,178,,
2030100591015,2030100591015,20,33,1,126,29,0,212,209,3,,
2030100591016,2030100591016,61,16,11,38,29,6,189,161,28,,
2030100591017,2030100591017,96,26,14,162,41,40,460,379,81,,
2030100591018,2030100591018,16,17,6,103,7,6,190,155,35,,
2030200609001,2030200609001,168,5,22,156,9,28,497,388,109,Ausencia de delegados sin justificación: Casos donde se impidió el acceso o la firma de delegados de organizaciones políticas debidamente acreditados,AUSENCIA_DELEGADOS
2030200609002,2030200609002,87,108,37,475,61,5,853,773,80,,
2030200609003,2030200609003,160,33,36,215,109,71,730,624,106,,
2030200609004,2030200609004,54,16,6,103,2,10,240,191,49,Errores de transcripción: Tachaduras o enmiendas en las casillas de resultados que no fueron aclaradas en el espacio de Observaciones con la frase corre y vale.,ERRORES_TRANSCRIPCION
2030200609005,2030200609005,123,33,33,267,3,23,501,482,19,,
2030200609006,2030200609006,100,26,18,93,13,14,269,264,5,,
2030200615001,2030200615001,155,106,46,243,134,48,878,732,146,,
2030200615002,2030200615002,2,1,0,6,1,0,12,10,2,,
2030200615003,2030200615003,17,0,4,23,5,3,59,52,7,,
2030200615004,2030200615004,289,70,2,249,12,15,771,637,134,,
2030200615005,2030200615005,37,17,36,373,52,22,643,537,106,,
2030200615006,2030200615006,65,38,37,376,105,16,729,637,92,,
2030200615007,2030200615007,15,15,12,226,53,3,353,324,29,,
2030200622001,2030200622001,68,75,7,447,35,12,792,644,148,,
2030300623001,2030300623001,102,58,9,144,23,4,398,340,58,,
2030300623002,2030300623002,0,26,5,176,11,13,291,231,60,,
2030300623003,2030300623003,7,39,2,152,14,3,221,217,4,,
2030300623004,2030300623004,2,8,2,262,6,8,288,288,0,,
2030300623005,2030300623005,239,59,1,198,23,9,624,529,95,,
2030300623006,2030300623006,65,14,10,89,6,4,200,188,12,,
2030300623007,2030300623007,70,40,39,446,46,24,842,665,177,,
2030300623008,2030300623008,146,93,22,392,44,26,785,723,62,,
2030300623009,2030300623009,70,13,3,139,19,1,252,245,7,,
2030300623010,2030300623010,67,0,21,187,67,19,433,361,72,Errores de transcripción: Tachaduras o enmiendas en las casillas de resultados que no fueron aclaradas en el espacio de Observaciones con la frase corre y vale.,ERRORES_TRANSCRIPCION
2030300623011,2030300623011,22,2,18,313,25,18,411,398,13,,
2030300623012,2030300623012,14,25,13,205,52,19,371,328,43,,
2030300623013,2030300623013,263,105,30,216,74,34,783,722,61,,
2030300623014,2030300623014,304,92,54,181,93,21,829,745,84,,
2030300623015,2030300623015,136,96,35,483,46,45,880,841,39,,
2030300623016,2030300623016,91,51,31,497,26,69,950,765,185,,
2030300623017,2030300623017,54,17,4,63,27,4,182,169,13,,
2030300623018,2030300623018,11,58,8,634,36,3,830,750,80,,
2030300623019,2030300623019,43,103,21,516,71,9,820,763,57,,
2030300642001,2030300642001,17,8,2,35,13,3,99,78,21,,
2030300642002,2030300642002,53,38,24,233,35,29,515,412,103,,
2030300642003,2030300642003,49,17,8,25,23,5,162,127,35,,
2030300642004,2030300642004,36,46,22,252,20,20,403,396,7,,
2030300642005,2030300642005,22,19,13,131,11,21,277,217,60,,
2030300642006,2030300642006,1,1,1,26,6,1,42,36,6,,
2030300642007,2030300642007,176,14,36,219,11,6,579,462,117,,
2030300642008,2030300642008,187,87,55,546,54,0,979,929,50,,
2030300642009,2030300642009,2,0,0,4,0,0,7,6,1,,
2030300642010,2030300642010,21,10,8,68,0,9,126,116,10,,
2030300642011,2030300642011,21,1,5,28,8,6,69,69,0,,
2030300642012,2030300642012,57,41,6,555,29,24,762,712,50,,
2030300642013,2030300642013,61,9,5,56,7,10,170,148,22,,
2030300642014,2030300642014,10,17,6,303,42,41,502,419,83,,
2030300656001,2030300656001,57,31,17,104,12,27,287,248,39,,
2030300656002,2030300656002,244,75,57,310,24,23,829,733,96,,
2030300656003,2030300656003,12,6,0,144,38,16,247,216,31,,
2030300656004,2030300656004,152,101,36,240,43,60,795,632,163,,
2030300656005,2030300656005,64,16,14,167,59,25,403,345,58,,
2030500661001,2030500661001,124,54,11,176,17,5,417,387,30,,
2030500661002,2030500661002,163,22,48,417,96,63,827,809,18,,
2030500661003,2030500661003,206,1,23,480,50,16,880,776,104,,
2030500664001,2030500664001,64,62,19,173,48,17,403,383,20,,
2030500664002,2030500664002,19,81,48,360,86,68,797,662,135,,
2030500664003,2030500664003,274,50,0,305,123,55,938,807,131,,
2030500664004,2030500664004,92,77,47,452,90,15,867,773,94,,
2030500664005,2030500664005,166,6,24,150,3,27,472,376,96,,
2030500664006,2030500664006,1,0,0,4,0,0,5,5,0,,
2030500664007,2030500664007,25,7,12,201,10,3,313,258,55,,
2030500664008,2030500664008,83,20,13,64,37,26,291,243,48,,
2030500664009,2030500664009,80,37,56,397,119,36,914,725,189,,
2030500664010,2030500664010,72,38,14,136,1,12,321,273,48,,
2030500664011,2030500664011,28,37,24,183,42,18,365,332,33,,
2030500664012,2030500664012,115,26,13,235,20,0,473,409,64,,
2030600676001,2030600676001,173,15,20,240,24,49,525,521,4,,
2030600676002,2030600676002,238,61,5,290,44,7,747,645,102,,
2030600676003,2030600676003,146,18,18,137,6,19,357,344,13,,
2030600676004,2030600676004,89,26,2,100,31,10,275,258,17,,
2030600676005,2030600676005,89,97,45,462,108,31,875,832,43,,
2030600676006,2030600676006,235,77,5,281,13,31,743,642,101,,
2030600676007,2030600676007,166,74,15,161,32,42,584,490,94,,
2030600676008,2030600676008,6,6,3,44,8,8,90,75,15,,
2030600676009,2030600676009,48,22,12,59,0,17,194,158,36,,
2030600676010,2030600676010,134,74,6,236,48,3,504,501,3,,
2030600676011,2030600676011,157,71,32,187,33,66,696,546,150,,
2030600676012,2030600676012,148,2,18,191,53,15,547,427,120,,
2030600676013,2030600676013,48,14,9,106,18,6,202,201,1,,
2030600676014,2030600676014,95,66,22,573,92,25,880,873,7,,
2030700690001,2030700690001,227,51,17,166,23,58,607,542,65,,
2030700690002,2030700690002,32,60,10,231,6,10,352,349,3,,
2030700690003,2030700690003,198,29,3,277,94,11,695,612,83,,
2030700690004,2030700690004,6,3,1,34,8,1,60,53,7,Ausencia de delegados sin justificación: Casos donde se impidió el acceso o la firma de delegados de organizaciones políticas debidamente acreditados,AUSENCIA_DELEGADOS
2030700690005,2030700690005,61,26,24,303,34,6,566,454,112,,
2030700690006,2030700690006,236,59,4,188,65,17,608,569,39,,
2030700690007,2030700690007,157,51,3,153,28,28,439,420,19,,
2030700690008,2030700690008,104,32,22,209,36,3,471,406,65,,
2030700690009,2030700690009,148,100,33,467,62,58,895,868,27,Ausencia de delegados sin justificación: Casos donde se impidió el acceso o la firma de delegados de organizaciones políticas debidamente acreditados,AUSENCIA_DELEGADOS
2030700699001,2030700699001,5,8,8,118,28,12,223,179,44,,
2030700699002,2030700699002,147,127,67,451,18,38,940,848,92,,
2030700699003,2030700699003,1,18,3,81,0,1,111,104,7,,
2030800702001,2030800702001,294,44,45,259,17,51,749,710,39,,
2030800702002,2030800702002,14,30,22,169,22,13,280,270,10,,
2030800702003,2030800702003,10,101,1,601,148,15,969,876,93,,
2030800702004,2030800702004,65,13,7,629,48,4,775,766,9,,
2030800702005,2030800702005,44,31,29,585,53,95,980,837,143,,
2030800702006,2030800702006,320,88,34,344,46,37,929,869,60,,
2030800702007,2030800702007,155,44,25,125,42,49,548,440,108,,
2030800702008,2030800702008,68,20,8,125,41,1,330,263,67,,
2030800702009,2030800702009,24,25,32,575,89,54,911,799,112,,
2030800702010,2030800702010,87,18,15,111,18,3,276,252,24,,
2030800702011,2030800702011,20,36,21,176,11,21,314,285,29,,
2030800702012,2030800702012,109,57,19,309,102,2,714,598,116,,
2040100714001,2040100714001,29,5,6,39,11,8,105,98,7,,
2040100714002,2040100714002,13,21,0,292,53,13,421,392,29,,
2040100714003,2040100714003,244,59,16,271,76,10,782,676,106,,
2040100714004,2040100714004,21,1,4,25,4,0,58,55,3,,
2040100714005,2040100714005,240,99,25,251,34,72,783,721,62,,
2040100714006,2040100714006,227,56,14,284,87,44,778,712,66,,
2040100714007,2040100714007,8,12,1,192,19,26,265,258,7,,
2040100714008,2040100714008,6,10,19,240,22,28,341,325,16,,
2040100714009,2040100714009,3,3,0,22,2,1,34,31,3,,
2040100714010,2040100714010,228,28,11,218,12,13,534,510,24,,
2040100714011,2040100714011,4,2,4,36,9,3,65,58,7,,
2040100714012,2040100714012,155,3,18,206,65,41,489,488,1,,
2040100726001,2040100726001,77,10,13,65,20,16,227,201,26,,
2040100726002,2040100726002,182,26,2,184,70,29,526,493,33,,
2040100726003,2040100726003,36,57,33,301,35,44,547,506,41,,
2040100726004,2040100726004,23,2,5,71,13,4,143,118,25,,
2040100726005,2040100726005,55,31,5,107,10,3,267,211,56,,
2040100726006,2040100726006,178,104,25,515,70,15,963,907,56,,
2040100726007,2040100726007,1,11,11,431,70,3,559,527,32,,
2040100726008,2040100726008,62,94,18,432,82,63,815,751,64,,
2040100726009,2040100726009,38,27,12,161,11,15,284,264,20,,
2040100726010,2040100726010,7,1,0,9,2,0,20,19,1,,
2040100726011,2040100726011,282,11,69,350,11,59,804,782,22,,
2040100726012,2040100726012,37,3,9,76,5,6,160,136,24,,
2040100726013,2040100726013,167,139,43,537,11,9,962,906,56,,
2040200739001,2040200739001,56,4,10,302,75,16,475,463,12,,
2040200739002,2040200739002,19,25,8,80,15,7,161,154,7,,
2040200739003,2040200739003,56,31,8,112,39,15,289,261,28,,
2040200739004,2040200739004,101,90,32,380,74,21,863,698,165,,
2040200739005,2040200739005,53,9,7,54,6,15,172,144,28,,
2040200739006,2040200739006,200,8,22,173,26,57,592,486,106,,
2040200739007,2040200739007,129,14,3,162,49,12,421,369,52,,
2040200739008,2040200739008,234,114,52,230,93,86,989,809,180,,
2040200739009,2040200739009,173,12,24,368,98,24,833,699,134,,
2040200739010,2040200739010,106,26,29,145,79,22,511,407,104,,
2040300749001,2040300749001,68,7,17,528,102,5,784,727,57,,
2040300749002,2040300749002,190,35,30,172,31,28,530,486,44,,
2040300749003,2040300749003,51,9,8,77,0,18,193,163,30,,
2040300749004,2040300749004,191,19,12,210,41,19,558,492,66,,
2040300749005,2040300749005,4,146,73,558,38,20,843,839,4,,
2040300749006,2040300749006,11,84,72,630,10,9,992,816,176,,
2040300749007,2040300749007,247,1,4,268,29,56,606,605,1,,
2040300749008,2040300749008,131,17,26,526,57,65,844,822,22,,
2040300749009,2040300749009,197,110,17,278,140,34,888,776,112,,
2040300749010,2040300749010,2,0,0,4,0,0,6,6,0,,
2040300749011,2040300749011,31,92,20,532,37,19,913,731,182,,
2040300749012,2040300749012,250,39,25,436,10,84,887,844,43,,
2040300749013,2040300749013,90,30,4,124,68,23,431,339,92,,
2040300749014,2040300749014,145,29,10,137,66,22,508,409,99,,
2040300749015,2040300749015,315,34,39,262,108,18,863,776,87,,
2040300749016,2040300749016,9,7,2,72,10,2,111,102,9,,
2040300749017,2040300749017,60,36,8,175,14,33,357,326,31,,
2040300749018,2040300749018,96,118,62,419,94,14,922,803,119,,
2040300749019,2040300749019,269,114,3,374,8,90,987,858,129,,
2040300749020,2040300749020,83,54,0,453,72,15,695,677,18,,
2040300769001,2040300769001,169,67,14,360,139,75,945,824,121,,
2040300769002,2040300769002,199,32,18,305,80,7,656,641,15,,
2040300769003,2040300769003,20,49,17,502,143,89,995,820,175,,
2040300769004,2040300769004,44,90,34,292,0,14,496,474,22,,
2040300769005,2040300769005,117,97,21,552,54,69,994,910,84,,
2040300769006,2040300769006,262,108,19,396,61,74,926,920,6,,
2040300769007,2040300769007,24,6,19,194,19,2,280,264,16,,
2040300769008,2040300769008,185,86,34,239,99,64,850,707,143,,
2040300769009,2040300769009,26,23,8,85,15,20,205,177,28,,
2040300769010,2040300769010,5,95,8,543,39,52,949,742,207,,
2040300769011,2040300769011,258,123,30,286,70,45,812,812,0,,
2040300769012,2040300769012,81,37,10,152,58,11,397,349,48,,
2040300769013,2040300769013,25,15,18,143,24,3,272,228,44,,
2040300782001,2040300782001,140,15,15,119,30,29,361,348,13,,
2040300782002,2040300782002,31,4,17,166,2,3,281,223,58,,
2040300782003,2040300782003,40,32,20,187,6,40,416,325,91,,
2040300782004,2040300782004,103,3,15,219,68,25,539,433,106,,
2040300782005,2040300782005,138,84,12,331,15,51,690,631,59,,
2040300782006,2040300782006,125,27,12,136,51,36,452,387,65,,
2040300782007,2040300782007,8,8,10,81,9,5,146,121,25,,
2040300782008,2040300782008,31,26,10,99,18,18,204,202,2,,
2040300782009,2040300782009,5,60,16,223,80,44,516,428,88,,
2040400791001,2040400791001,60,105,23,344,85,51,801,668,133,,
2040400791002,2040400791002,248,105,56,231,51,6,801,697,104,,
2040400791003,2040400791003,1,0,0,7,0,0,9,8,1,,
2040400791004,2040400791004,214,53,62,452,151,25,985,957,28,,
2040500795001,2040500795001,105,33,25,143,85,37,545,428,117,,
2040500795002,2040500795002,38,0,15,127,21,17,243,218,25,,
2040500795003,2040500795003,64,19,14,161,6,25,361,289,72,,
2040500795004,2040500795004,3,2,2,21,4,0,38,32,6,,
2040500795005,2040500795005,42,134,51,446,1,7,870,681,189,,
2040500795006,2040500795006,419,118,52,256,21,41,954,907,47,,
2040500795007,2040500795007,194,19,17,286,24,2,638,542,96,,
2040500795008,2040500795008,43,17,19,405,84,52,658,620,38,,
2040500795009,2040500795009,160,95,48,351,39,47,875,740,135,,
2040500795010,2040500795010,34,35,18,303,21,22,464,433,31,,
2040500795011,2040500795011,115,3,7,228,37,33,474,423,51,,
2040500795012,2040500795012,216,34,15,302,72,33,807,672,135,,
2040500795013,2040500795013,69,92,36,399,96,59,761,751,10,,
2040500795014,2040500795014,16,8,5,25,9,2,72,65,7,,
2040500795015,2040500795015,9,11,2,53,1,7,92,83,9,,
2040500795016,2040500795016,74,9,20,438,78,62,788,681,107,,
2050100811001,2050100811001,87,1,1,124,48,8,334,269,65,,
2050100811002,2050100811002,23,27,22,427,13,16,581,528,53,,
2050100811003,2050100811003,139,70,10,211,59,31,577,520,57,,
2050100811004,2050100811004,13,61,25,230,66,12,430,407,23,,
2050100811005,2050100811005,6,14,0,85,17,13,162,135,27,,
2050100811006,2050100811006,5,1,0,14,2,0,27,22,5,,
2050100811007,2050100811007,225,14,16,366,82,53,843,756,87,,
2050100818001,2050100818001,53,2,10,86,13,6,217,170,47,,
2050100818002,2050100818002,185,61,9,276,41,13,645,585,60,,
2050100818003,2050100818003,181,7,16,377,59,68,760,708,52,,
2050100818004,2050100818004,250,6,49,412,136,22,891,875,16,,
2050100818005,2050100818005,181,36,36,130,72,20,500,475,25,,
2050100818006,2050100818006,59,33,9,114,16,29,305,260,45,Falta de firmas o huellas: Ausencia de rúbricas de al menos tres jurados electorales legalmente designados.,FALTA_FIRMAS_HUELLAS
2050100818007,2050100818007,175,129,48,385,75,16,898,828,70,,
2050100818008,2050100818008,213,71,32,248,96,22,784,682,102,,
2050100818009,2050100818009,92,8,14,81,33,16,290,244,46,,
2050100818010,2050100818010,122,41,22,87,34,7,330,313,17,,
2050100818011,2050100818011,50,55,32,322,87,31,640,577,63,,
2050100818012,2050100818012,9,6,0,57,0,9,100,81,19,,
2050100818013,2050100818013,298,57,50,331,34,59,981,829,152,,
2050100818014,2050100818014,157,61,11,98,79,52,555,458,97,,
2050100818015,2050100818015,184,107,23,276,107,22,876,719,157,,
2050100818016,2050100818016,52,45,9,126,5,22,299,259,40,,
2050100818017,2050100818017,31,31,39,380,5,15,554,501,53,,
2050200835001,2050200835001,160,30,32,128,0,16,440,366,74,,
2050200835002,2050200835002,305,96,29,184,113,33,902,760,142,,
2050200835003,2050200835003,274,153,46,299,55,49,990,876,114,,
2050200835004,2050200835004,219,91,37,238,93,4,811,682,129,,
2050300839001,2050300839001,231,109,25,208,47,55,765,675,90,,
2050300839002,2050300839002,186,94,41,240,58,33,758,652,106,,
2050300839003,2050300839003,0,0,0,7,1,0,8,8,0,,
2050300839004,2050300839004,3,37,0,258,77,40,530,415,115,,
2050300839005,2050300839005,237,89,9,228,16,24,665,603,62,,
2050300844001,2050300844001,1,0,0,3,0,0,4,4,0,,
2050300844002,2050300844002,141,53,14,292,91,58,649,649,0,,
2050300844003,2050300844003,190,63,34,299,95,67,884,748,136,,
2050300844004,2050300844004,227,43,50,377,14,2,782,713,69,,
2050300844005,2050300844005,25,14,6,58,14,4,126,121,5,,
2050300844006,2050300844006,20,17,41,408,105,22,704,613,91,,
2050300844007,2050300844007,3,0,1,17,1,1,26,23,3,,
2050300844008,2050300844008,170,81,20,371,103,88,966,833,133,,
2050300844009,2050300844009,110,16,0,95,21,27,320,269,51,,
2050300844010,2050300844010,39,58,63,524,133,29,864,846,18,,
2050300844011,2050300844011,54,19,46,419,6,57,624,601,23,,
2050300844012,2050300844012,9,17,7,99,13,2,150,147,3,,
2050300844013,2050300844013,154,33,18,187,48,35,550,475,75,,
2050300844014,2050300844014,150,5,13,182,4,38,400,392,8,,
2050300844015,2050300844015,20,63,7,274,13,5,408,382,26,,
2050300844016,2050300844016,169,40,42,375,109,4,767,739,28,,
2050300844017,2050300844017,127,20,24,259,43,38,579,511,68,,
2060100861001,2060100861001,167,33,42,416,75,48,793,781,12,,
2060100861002,2060100861002,310,71,38,331,31,1,904,782,122,,
2060100861003,2060100861003,324,132,37,278,42,21,862,834,28,,
2060100861004,2060100861004,0,0,7,116,19,8,159,150,9,,
2060100861005,2060100861005,221,0,44,234,1,39,544,539,5,,
2060100861006,2060100861006,155,50,32,212,39,48,618,536,82,,
2060100861007,2060100861007,107,53,26,87,2,28,313,303,10,,
2060100861008,2060100861008,45,43,39,282,82,35,628,526,102,,
2060100861009,2060100861009,161,6,31,211,44,40,540,493,47,,
2060100861010,2060100861010,258,22,6,257,47,63,679,653,26,,
2060200871001,2060200871001,44,29,10,80,15,2,186,180,6,,
2060200871002,2060200871002,71,42,44,330,58,31,662,576,86,,
2060200871003,2060200871003,3,1,2,23,6,3,43,38,5,,
2060200871004,2060200871004,375,118,48,251,54,27,969,873,96,,
2060200871005,2060200871005,244,26,3,368,127,52,830,820,10,,
2060200871006,2060200871006,56,2,11,333,65,28,597,495,102,,
2060200871007,2060200871007,74,25,18,351,63,63,730,594,136,,
2060200871008,2060200871008,153,39,9,369,47,18,758,635,123,,
2060200871009,2060200871009,55,3,12,88,15,4,201,177,24,,
2060200871010,2060200871010,2,1,4,87,19,2,140,115,25,,
2060200871011,2060200871011,6,78,30,508,27,49,743,698,45,,
2060200871012,2060200871012,36,89,30,381,59,49,696,644,52,,
2060200871013,2060200871013,192,68,5,326,21,10,662,622,40,,
2060200871014,2060200871014,37,15,3,161,6,13,297,235,62,,
2060200871015,2060200871015,108,61,33,188,24,25,480,439,41,,
2060200871016,2060200871016,331,77,33,253,15,44,873,753,120,,
2060200871017,2060200871017,43,17,2,492,29,65,665,648,17,,
2060200888001,2060200888001,69,16,21,629,4,15,896,754,142,,
2060200889001,2060200889001,106,95,43,333,73,7,786,657,129,,
2060200889002,2060200889002,159,77,45,289,21,2,740,593,147,,
2060200889003,2060200889003,128,91,10,504,45,54,853,832,21,,
2060200889004,2060200889004,32,13,0,106,15,4,189,170,19,,
2060200889005,2060200889005,122,59,2,172,59,34,539,448,91,,
2060200889006,2060200889006,0,4,0,26,2,4,42,36,6,,
2060200889007,2060200889007,73,65,6,244,21,13,449,422,27,,
2060200889008,2060200889008,60,20,4,117,28,1,235,230,5,,
2060200889009,2060200889009,306,138,24,262,2,9,863,741,122,,
2060200889010,2060200889010,114,30,48,334,8,65,705,599,106,,
2060200889011,2060200889011,17,8,7,52,18,9,138,111,27,,
2060200900001,2060200900001,177,81,2,351,45,41,723,697,26,,
2060200900002,2060200900002,177,21,11,188,11,2,450,410,40,,
2060200900003,2060200900003,76,49,14,122,29,26,404,316,88,,
2060200900004,2060200900004,176,57,50,226,20,55,605,584,21,,
2060200900005,2060200900005,1,41,5,182,7,6,271,242,29,,
2060200900006,2060200900006,130,58,30,204,74,55,620,551,69,,
2060200900007,2060200900007,37,6,27,381,55,68,735,574,161,,
2060200900008,2060200900008,394,144,26,311,37,4,978,916,62,,
2060200900009,2060200900009,37,53,20,185,3,23,357,321,36,,
2060300909001,2060300909001,9,2,0,28,5,2,58,46,12,,
2060300909002,2060300909002,99,42,1,346,41,55,671,584,87,,
2060300909003,2060300909003,115,43,0,320,1,10,491,489,2,,
2060300909004,2060300909004,18,59,3,309,67,30,591,486,105,,
2060300909005,2060300909005,133,38,34,377,1,41,697,624,73,,
2060300909006,2060300909006,4,8,7,86,0,1,107,106,1,,
2060300909007,2060300909007,13,11,6,80,8,4,130,122,8,,
2060300909008,2060300909008,119,27,19,117,53,22,400,357,43,,
2060300909009,2060300909009,111,17,5,644,14,14,875,805,70,,
2060300909010,2060300909010,164,5,4,201,9,35,485,418,67,,
2060300909011,2060300909011,57,6,37,444,45,39,641,628,13,,
2060300909012,2060300909012,190,6,14,194,16,27,524,447,77,,
2060300909013,2060300909013,32,16,12,108,20,14,233,202,31,,
2060300909014,2060300909014,47,16,7,73,11,11,198,165,33,,
2060300909015,2060300909015,189,17,21,160,88,32,602,507,95,,
2060300909016,2060300909016,287,151,23,366,9,66,940,902,38,,
2060300909017,2060300909017,51,23,3,118,38,23,327,256,71,,
2060300926001,2060300926001,212,109,25,204,54,57,688,661,27,,
2060300926002,2060300926002,16,7,1,18,7,1,51,50,1,,
2060300926003,2060300926003,23,10,6,134,28,10,220,211,9,,
2060300926004,2060300926004,163,19,1,372,88,5,729,648,81,,
2060300926005,2060300926005,31,3,6,108,20,6,184,174,10,,
2060300926006,2060300926006,8,18,0,91,24,8,154,149,5,,
2060300926007,2060300926007,34,17,10,175,51,27,379,314,65,,
2060300926008,2060300926008,35,14,7,23,17,11,112,107,5,,
2060300926009,2060300926009,92,42,22,147,5,24,342,332,10,,
2060300926010,2060300926010,24,9,5,132,20,5,240,195,45,,
2060300926011,2060300926011,68,21,5,44,3,17,188,158,30,,
2060300926012,2060300926012,340,82,60,315,8,40,966,845,121,,
2060300926013,2060300926013,164,47,56,348,13,83,843,711,132,,
2060300926014,2060300926014,196,13,36,194,39,10,624,488,136,,
2060400940001,2060400940001,20,2,2,21,4,4,67,53,14,,
2060400940002,2060400940002,33,57,65,612,53,94,992,914,78,,
2060400940003,2060400940003,419,173,56,246,9,17,942,920,22,,
2060400940004,2060400940004,178,60,45,289,43,18,762,633,129,,
2060400940005,2060400940005,125,53,34,380,23,5,651,620,31,,
2060400940006,2060400940006,72,36,13,89,18,10,294,238,56,,
2060400940007,2060400940007,32,7,9,148,15,8,245,219,26,,
2060400940008,2060400940008,38,83,21,717,24,3,996,886,110,,
2060400948001,2060400948001,248,75,52,310,17,72,935,774,161,,
2060500949001,2060500949001,7,5,3,91,7,5,143,118,25,,
2060500949002,2060500949002,1,0,0,13,0,0,17,14,3,,
2060500949003,2060500949003,70,105,28,326,32,52,635,613,22,,
2060500949004,2060500949004,85,22,2,93,2,4,210,208,2,,
2060500949005,2060500949005,12,6,3,20,7,0,54,48,6,,
2060500949006,2060500949006,1,9,12,199,1,9,260,231,29,,
2060500949007,2060500949007,157,47,37,210,79,21,653,551,102,,
2060500949008,2060500949008,48,3,2,70,21,4,159,148,11,,
2060500949009,2060500949009,46,29,19,248,66,30,546,438,108,,
2060500949010,2060500949010,4,8,9,118,25,18,216,182,34,,
2060500949011,2060500949011,1,4,8,147,24,10,200,194,6,,
2060500949012,2060500949012,251,66,45,237,30,21,658,650,8,,
2060500949013,2060500949013,30,77,33,258,2,27,484,427,57,,
2060500962001,2060500962001,11,14,5,415,27,41,655,513,142,,
2060500962002,2060500962002,22,21,52,642,66,51,951,854,97,,
2060500962003,2060500962003,81,33,7,80,43,24,278,268,10,,
2060500962004,2060500962004,45,20,8,52,9,12,167,146,21,,
2060500962005,2060500962005,74,22,2,86,1,6,201,191,10,,
2060500962006,2060500962006,44,22,9,360,2,12,450,449,1,,
2060500962007,2060500962007,263,65,36,201,19,68,807,652,155,,
2060500962008,2060500962008,24,6,0,21,10,8,82,69,13,,
2060500962009,2060500962009,128,86,32,415,80,28,770,769,1,,
2060600971001,2060600971001,94,103,26,426,27,66,790,742,48,,
2060600971002,2060600971002,34,101,58,422,75,23,750,713,37,,
2060600971003,2060600971003,24,5,0,29,9,5,73,72,1,,
2060600971004,2060600971004,85,4,13,135,4,18,277,259,18,,
2060600971005,2060600971005,33,20,13,75,2,8,173,151,22,,
2060600971006,2060600971006,82,83,42,235,33,55,571,530,41,,
2060700977001,2060700977001,13,5,0,12,1,2,37,33,4,,
2060700977002,2060700977002,116,55,26,97,40,23,407,357,50,,
2060700977003,2060700977003,10,11,6,71,6,5,113,109,4,,
2060700977004,2060700977004,27,57,23,227,67,49,514,450,64,,
2060700977005,2060700977005,185,56,40,222,104,53,677,660,17,,
2060800982001,2060800982001,36,87,30,323,32,1,543,509,34,,
2060800982002,2060800982002,9,116,1,621,88,53,956,888,68,,
2060800982003,2060800982003,189,33,26,194,7,13,559,462,97,,
2060800982004,2060800982004,73,136,43,465,9,43,791,769,22,,
2060800982005,2060800982005,10,0,0,33,7,0,51,50,1,,
2060800982006,2060800982006,174,111,63,396,104,56,950,904,46,Inconsistencia aritmética: Suma de votos por candidatos que no coincide con el total de votos válidos o votos emitidos.,INCONSISTENCIA_ARITMETICA
2060800982007,2060800982007,102,90,33,332,141,60,921,758,163,,
2060800982008,2060800982008,73,93,15,303,15,34,551,533,18,,
2060800982009,2060800982009,25,4,10,129,24,6,248,198,50,,
2060800982010,2060800982010,72,16,2,188,29,31,422,338,84,,
2060800982011,2060800982011,17,3,0,17,0,0,37,37,0,,
2060800982012,2060800982012,52,3,2,116,23,20,222,216,6,,
2060800982013,2060800982013,0,0,0,1,0,0,1,1,0,,
2060800982014,2060800982014,14,23,16,130,19,18,255,220,35,,
2070100996001,2070100996001,261,22,46,203,103,63,807,698,109,,
2070100996002,2070100996002,203,70,13,155,33,44,584,518,66,,
2070100996003,2070100996003,23,27,5,224,58,28,458,365,93,,
2070100996004,2070100996004,2,97,3,464,6,45,675,617,58,,
2070100996005,2070100996005,11,17,9,78,7,13,141,135,6,,
2070100996006,2070100996006,4,1,8,180,16,4,228,213,15,,
2070100996007,2070100996007,101,7,30,275,91,39,615,543,72,,
2070100996008,2070100996008,231,70,36,167,68,30,749,602,147,,
2070100996009,2070100996009,46,36,3,322,45,42,601,494,107,,
2070100996010,2070100996010,138,59,33,388,21,72,848,711,137,,
2070100996011,2070100996011,0,1,3,36,2,0,43,42,1,,
2070100996012,2070100996012,7,5,0,29,1,2,51,44,7,,
2070100996013,2070100996013,42,25,0,86,21,14,195,188,7,,
2070101009001,2070101009001,122,112,56,341,2,43,808,676,132,,
2070101009002,2070101009002,136,20,40,458,119,33,824,806,18,,
2070101009003,2070101009003,32,56,13,196,25,1,395,323,72,,
2070101009004,2070101009004,9,28,37,455,29,66,748,624,124,,
2070101009005,2070101009005,72,21,4,187,11,9,357,304,53,,
2070101009006,2070101009006,2,7,1,26,2,1,45,39,6,,
2070101015001,2070101015001,126,18,18,203,12,16,468,393,75,,
2070101015002,2070101015002,138,55,8,328,40,25,721,594,127,,
2070101015003,2070101015003,16,25,1,137,11,4,204,194,10,,
2070101015004,2070101015004,1,1,0,4,0,0,7,6,1,,
2070101015005,2070101015005,52,36,2,346,26,17,610,479,131,,
2070101020001,2070101020001,73,9,15,156,15,26,305,294,11,,
2070101020002,2070101020002,61,1,13,145,27,8,308,255,53,,
2070101020003,2070101020003,293,73,12,314,27,61,810,780,30,,
2070101020004,2070101020004,73,39,7,707,26,31,945,883,62,,
2070101020005,2070101020005,38,16,0,96,25,2,213,177,36,,
2070101020006,2070101020006,100,43,35,518,46,7,885,749,136,,
2070101020007,2070101020007,98,65,2,581,115,46,966,907,59,,
2070101020008,2070101020008,63,7,19,148,6,21,291,264,27,,
2080101028001,2080101028001,62,69,33,199,61,19,475,443,32,,
2080101028002,2080101028002,145,78,6,235,65,53,668,582,86,,
2080101028003,2080101028003,18,3,2,17,9,0,61,49,12,,
2080101028004,2080101028004,4,0,0,6,0,0,11,10,1,,
2080101028005,2080101028005,51,18,13,148,49,36,389,315,74,,
2080101028006,2080101028006,12,8,1,37,3,7,83,68,15,,
2080101034001,2080101034001,155,105,33,252,44,2,756,591,165,,
2080101034002,2080101034002,76,3,16,474,91,30,821,690,131,,
2080101034003,2080101034003,20,26,2,186,46,21,347,301,46,,
2080201037001,2080201037001,126,22,9,226,0,29,443,412,31,,
2080201037002,2080201037002,64,19,14,50,23,4,209,174,35,,
2080201037003,2080201037003,28,4,7,40,4,8,115,91,24,,
2080201037004,2080201037004,140,95,57,331,49,20,775,692,83,,
2080201037005,2080201037005,16,4,0,57,15,8,123,100,23,,
2080201037006,2080201037006,107,22,14,91,52,5,367,291,76,,
2080201037007,2080201037007,88,17,15,424,25,69,747,638,109,,
2080201037008,2080201037008,127,38,2,485,130,13,891,795,96,,
2080201037009,2080201037009,33,57,29,339,107,40,737,605,132,,
2080201046001,2080201046001,77,92,6,480,27,4,857,686,171,,
2080201046002,2080201046002,134,93,5,311,28,27,619,598,21,,
2080201046003,2080201046003,50,19,1,40,17,1,128,128,0,,
2080201046004,2080201046004,11,5,1,38,6,4,71,65,6,,
2080201046005,2080201046005,116,40,33,151,17,29,428,386,42,,
2080201046006,2080201046006,149,33,3,150,30,13,396,378,18,,
2080201046007,2080201046007,44,4,5,46,6,2,114,107,7,,
2080201046008,2080201046008,341,66,18,333,75,55,985,888,97,,
2080201046009,2080201046009,195,92,28,152,88,35,603,590,13,,
2080201046010,2080201046010,44,19,13,122,13,27,297,238,59,,
2080201046011,2080201046011,39,50,7,195,25,3,338,319,19,,
2080201046012,2080201046012,56,10,5,55,14,12,180,152,28,Falta de datos de apertura o cierre: Omisión de la hora exacta de inicio o finalización de la jornada electoral en el acta.,FALTA_DATOS_APERTURA_CIERRE
2080201046013,2080201046013,106,10,25,238,65,39,498,483,15,,
2080201046014,2080201046014,66,6,1,71,2,17,204,163,41,,
2080201046015,2080201046015,65,1,5,257,35,27,417,390,27,,
2080201046016,2080201046016,215,11,35,269,103,34,749,667,82,,
2080201046017,2080201046017,45,19,9,42,12,0,148,127,21,,
2080201046018,2080201046018,98,38,26,231,41,14,456,448,8,,
2080201046019,2080201046019,130,75,11,206,97,16,641,535,106,,
2080201046020,2080201046020,61,2,5,112,11,11,247,202,45,,
2080201066001,2080201066001,190,42,10,315,25,14,649,596,53,,
2080201066002,2080201066002,118,7,24,257,69,47,525,522,3,,
2080201066003,2080201066003,41,31,7,91,9,4,234,183,51,,
2080201066004,2080201066004,205,61,21,293,48,1,660,629,31,,
2080301070001,2080301070001,1,0,0,3,0,0,4,4,0,,
2080301070002,2080301070002,43,22,2,304,10,39,532,420,112,,
2080301070003,2080301070003,278,40,49,203,74,2,731,646,85,,
2080301070004,2080301070004,29,45,36,445,79,23,794,657,137,,
2080301070005,2080301070005,212,24,64,509,0,90,977,899,78,,
2080301070006,2080301070006,34,15,2,39,3,6,121,99,22,,
2080301070007,2080301070007,153,18,13,145,39,31,436,399,37,,
2080301070008,2080301070008,71,25,19,163,39,18,425,335,90,,
2080301070009,2080301070009,89,36,13,408,97,8,667,651,16,,
2080301070010,2080301070010,38,28,35,390,75,17,600,583,17,,
2080301070011,2080301070011,47,9,2,162,15,9,277,244,33,,
2080301070012,2080301070012,3,10,4,42,6,0,71,65,6,,
2080301070013,2080301070013,92,32,27,361,65,47,782,624,158,,
2080301070014,2080301070014,27,12,5,54,2,2,104,102,2,,
2080301070015,2080301070015,98,128,2,460,61,26,776,775,1,,
2080301070016,2080301070016,193,13,16,207,11,17,544,457,87,,
2080301086001,2080301086001,248,104,7,321,118,8,842,806,36,,
2080301086002,2080301086002,130,37,5,122,6,20,353,320,33,,
2080301086003,2080301086003,34,8,6,147,27,24,283,246,37,,
2080301089001,2080301089001,135,83,23,249,33,12,581,535,46,,
2080301089002,2080301089002,43,15,6,101,11,10,204,186,18,,
2080301089003,2080301089003,24,130,59,459,129,29,857,830,27,,
2080301089004,2080301089004,59,4,11,173,3,29,311,279,32,,
2080301089005,2080301089005,284,63,40,289,113,37,965,826,139,,
2080301089006,2080301089006,224,71,0,172,24,39,542,530,12,,
2080301089007,2080301089007,56,5,7,202,32,5,363,307,56,,
2080301089008,2080301089008,90,6,15,219,24,7,403,361,42,,
2080301089009,2080301089009,39,5,1,35,1,4,104,85,19,,
2080301089010,2080301089010,44,97,22,325,63,41,659,592,67,,
2080301089011,2080301089011,162,34,23,193,94,33,655,539,116,,
2080301089012,2080301089012,41,2,8,41,8,8,114,108,6,,
2080301089013,2080301089013,136,0,4,149,36,16,428,341,87,,
2080301089014,2080301089014,22,49,10,476,21,53,639,631,8,,
2080401103001,2080401103001,43,16,2,68,27,18,189,174,15,,
2080401103002,2080401103002,1,2,1,15,0,1,24,20,4,,
2080401103003,2080401103003,52,21,9,29,23,16,169,150,19,,
2080401103004,2080401103004,208,151,3,425,110,13,967,910,57,,
2080401107001,2080401107001,18,2,29,490,55,21,628,615,13,,
2080501108001,2080501108001,1,15,0,74,9,7,112,106,6,,
2080501108002,2080501108002,53,26,47,570,26,80,967,802,165,,
2080501108003,2080501108003,269,67,9,396,34,23,974,798,176,,
2080501108004,2080501108004,103,7,13,124,13,10,291,270,21,,
2080501108005,2080501108005,92,43,40,245,2,2,440,424,16,,
2080501108006,2080501108006,277,88,9,255,53,27,903,709,194,,
2080501108007,2080501108007,241,30,49,253,39,18,686,630,56,,
2080501108008,2080501108008,151,0,49,419,117,45,794,781,13,,
2080501108009,2080501108009,124,80,30,416,0,81,931,731,200,,
2080501108010,2080501108010,32,19,6,120,1,18,225,196,29,,
2080501108011,2080501108011,4,3,1,38,5,2,66,53,13,,
2080501108012,2080501108012,59,3,23,214,64,51,512,414,98,,
2080501108013,2080501108013,310,107,42,251,48,59,832,817,15,,
2080501108014,2080501108014,3,4,0,31,1,2,41,41,0,,
2080501108015,2080501108015,37,8,0,147,40,16,300,248,52,,
2080501108016,2080501108016,34,34,52,500,62,74,863,756,107,,
2080501108017,2080501108017,20,15,29,414,114,58,797,650,147,,
2080501108018,2080501108018,62,29,0,110,4,18,250,223,27,,
2080501126001,2080501126001,28,19,9,137,22,17,236,232,4,,
2080501126002,2080501126002,46,20,5,34,6,3,143,114,29,,
2080501128001,2080501128001,30,10,8,46,18,10,153,122,31,,
2080501128002,2080501128002,26,10,1,31,4,7,94,79,15,,
2080501128003,2080501128003,100,25,17,71,18,15,246,246,0,,
2080501128004,2080501128004,56,2,5,134,24,7,264,228,36,,
2080501128005,2080501128005,11,23,4,97,18,13,167,166,1,,
2080501128006,2080501128006,47,23,4,45,4,4,156,127,29,,
2080501128007,2080501128007,10,11,5,59,9,8,116,102,14,,
2080501128008,2080501128008,56,18,34,242,44,30,470,424,46,,
2080501136001,2080501136001,149,75,52,340,5,38,750,659,91,,
2080501136002,2080501136002,0,0,0,5,0,0,5,5,0,,
2080501136003,2080501136003,15,26,38,355,85,48,616,567,49,,
2080501136004,2080501136004,143,30,20,312,23,0,674,528,146,,
2080501136005,2080501136005,121,75,8,291,69,2,635,566,69,,
2080501136006,2080501136006,57,32,26,159,54,32,372,360,12,,
2080501136007,2080501136007,28,17,10,67,14,15,155,151,4,,
2080501136008,2080501136008,8,6,0,26,5,4,61,49,12,,
2080501136009,2080501136009,278,4,3,281,126,68,825,760,65,,
2080501136010,2080501136010,22,3,3,94,11,9,163,142,21,,
2080501136011,2080501136011,17,7,3,18,1,0,56,46,10,,
2080501136012,2080501136012,29,35,0,411,92,52,640,619,21,,
2080501136013,2080501136013,58,1,2,68,7,15,178,151,27,,
2080601149001,2080601149001,183,21,11,193,34,37,498,479,19,,
2080601149002,2080601149002,42,29,6,270,37,9,431,393,38,,
2080601149003,2080601149003,13,1,0,44,1,5,64,64,0,,
2080601149004,2080601149004,173,9,21,201,48,41,584,493,91,,
2080601149005,2080601149005,4,1,0,9,1,0,15,15,0,,
2080601149006,2080601149006,60,12,14,64,22,20,213,192,21,,
2080601149007,2080601149007,105,2,23,210,65,4,508,409,99,,
2080601149008,2080601149008,16,1,6,95,3,4,142,125,17,,
2080601149009,2080601149009,371,81,66,341,23,62,979,944,35,,
2080601149010,2080601149010,138,83,28,335,43,27,693,654,39,,
2080601149011,2080601149011,238,92,49,314,106,65,870,864,6,,
2080601149012,2080601149012,159,0,54,402,135,68,958,818,140,,
2080601149013,2080601149013,121,10,30,214,29,46,569,450,119,,
2080601149014,2080601149014,149,14,16,283,9,22,598,493,105,,
2080601149015,2080601149015,81,33,16,134,33,3,321,300,21,,
2080601149016,2080601149016,26,5,1,71,13,5,142,121,21,,
2080601149017,2080601149017,2,5,6,121,14,13,165,161,4,,
2080601149018,2080601149018,337,133,66,204,68,57,996,865,131,,
2080601149019,2080601149019,51,1,34,347,38,67,682,538,144,,
2080601149020,2080601149020,11,6,0,17,2,0,45,36,9,,
2080701169001,2080701169001,6,28,32,439,14,8,630,527,103,,
2080701169002,2080701169002,391,61,23,327,14,5,963,821,142,,
2080701169003,2080701169003,251,100,68,281,103,7,910,810,100,,
2080701169004,2080701169004,247,67,16,246,81,47,765,704,61,,
2080701169005,2080701169005,164,67,9,202,70,46,595,558,37,,
2080701169006,2080701169006,304,56,19,247,3,43,702,672,30,,
2080701175001,2080701175001,33,41,36,268,35,23,541,436,105,,
2080701175002,2080701175002,41,35,30,218,8,18,382,350,32,,
2080701175003,2080701175003,15,4,9,159,21,2,238,210,28,,
2090101178001,2090101178001,24,31,1,111,6,18,219,191,28,,
2090101178002,2090101178002,271,84,36,291,2,2,864,686,178,,
2090101180001,2090101180001,40,40,0,276,55,51,533,462,71,,
2090101180002,2090101180002,143,36,34,261,58,19,634,551,83,,
2090101180003,2090101180003,28,10,2,25,6,2,74,73,1,,
2090101180004,2090101180004,139,63,32,387,9,2,697,632,65,,
2090101180005,2090101180005,23,14,34,303,53,50,524,477,47,,
2090101180006,2090101180006,8,95,0,458,44,49,738,654,84,,
2090101180007,2090101180007,252,62,36,250,105,71,914,776,138,,
2090101180008,2090101180008,154,36,16,395,106,50,811,757,54,,
2090101188001,2090101188001,9,6,0,17,8,5,55,45,10,,
2090101188002,2090101188002,12,71,23,258,73,5,534,442,92,,
2090101188003,2090101188003,92,11,24,181,49,19,451,376,75,,
2090101188004,2090101188004,214,70,31,122,82,31,551,550,1,,
2090101188005,2090101188005,114,47,15,103,18,20,317,317,0,,
2090301193001,2090301193001,92,48,1,144,4,6,297,295,2,,
2090301193002,2090301193002,76,9,8,64,28,6,226,191,35,,
2090301193003,2090301193003,58,15,26,165,54,25,434,343,91,,
2090301193004,2090301193004,127,78,42,263,25,54,714,589,125,,
2090301193005,2090301193005,237,128,19,351,7,54,924,796,128,,
2090301193006,2090301193006,92,45,32,419,118,92,976,798,178,,
2090301193007,2090301193007,4,2,0,11,1,1,23,19,4,,
2090301193008,2090301193008,32,43,22,151,38,29,330,315,15,,
2090301193009,2090301193009,117,102,42,495,24,69,876,849,27,,
2090501202001,2090501202001,244,41,18,453,11,84,976,851,125,,
2090501202002,2090501202002,259,102,38,336,28,32,985,795,190,,
2090501202003,2090501202003,5,5,4,139,9,14,179,176,3,,
2090501202004,2090501202004,227,71,23,283,97,66,827,767,60,,
2090501202005,2090501202005,63,58,26,273,65,9,629,494,135,,
2090501202006,2090501202006,107,32,32,261,77,51,635,560,75,,
2090501202007,2090501202007,173,66,6,587,2,81,973,915,58,,
2090501202008,2090501202008,46,22,22,435,32,65,731,622,109,,
2090501202009,2090501202009,10,12,5,55,5,1,106,88,18,,
2090501202010,2090501202010,17,0,1,24,8,2,60,52,8,,
2090501202011,2090501202011,68,12,7,60,31,2,212,180,32,,
2100101213001,2100101213001,19,7,6,32,12,1,81,77,4,,
2100101213002,2100101213002,6,0,6,284,34,39,392,369,23,,
2100101213003,2100101213003,34,9,6,66,12,3,147,130,17,,
2100101213004,2100101213004,75,6,34,366,3,26,530,510,20,,
2100101213005,2100101213005,170,109,10,394,124,0,865,807,58,,
2100101213006,2100101213006,111,15,30,410,102,63,828,731,97,,
2100101213007,2100101213007,34,53,28,274,58,36,527,483,44,,
2100101220001,2100101220001,119,11,20,102,26,22,340,300,40,,
2100101220002,2100101220002,19,5,9,64,12,4,124,113,11,,
2100101220003,2100101220003,213,8,39,506,96,21,894,883,11,,
2100101220004,2100101220004,56,2,54,454,80,54,791,700,91,,
2100101220005,2100101220005,6,4,3,18,5,4,48,40,8,,
2100101220006,2100101220006,238,118,38,324,34,53,930,805,125,,
2100101220007,2100101220007,0,0,0,19,3,1,24,23,1,,
2100101220008,2100101220008,38,11,3,65,10,6,149,133,16,,
2100101220009,2100101220009,1,4,1,33,5,2,55,46,9,,
2100101220010,2100101220010,93,50,10,169,48,14,395,384,11,,
2100101220011,2100101220011,0,3,0,77,2,0,103,82,21,,
2100101220012,2100101220012,102,66,6,226,86,32,588,518,70,,
2100101220013,2100101220013,5,0,0,11,0,0,16,16,0,,
2100101220014,2100101220014,50,7,5,48,25,4,159,139,20,,
2100101220015,2100101220015,165,33,40,178,28,36,583,480,103,,
2100101220016,2100101220016,115,6,31,476,52,44,883,724,159,,
2100101220017,2100101220017,78,3,33,314,11,4,448,443,5,,
2100101220018,2100101220018,121,44,7,294,35,16,592,517,75,,
2100101220019,2100101220019,5,0,16,186,44,28,331,279,52,,
2100101220020,2100101220020,97,6,15,410,5,22,605,555,50,,
2100201240001,2100201240001,216,84,48,258,40,16,715,662,53,,
2100201240002,2100201240002,176,31,46,289,108,28,730,678,52,,
2100201240003,2100201240003,165,117,44,284,16,22,754,648,106,,
2100201240004,2100201240004,6,32,0,135,30,1,260,204,56,,
2100201240005,2100201240005,145,5,6,224,50,38,498,468,30,Uso de formularios no oficiales: Llenado de resultados en documentos o formatos no aprobados por el Tribunal Supremo Electoral.,USO_FORMULARIOS_NO_OFICIALES
2100201240006,2100201240006,218,58,7,213,69,43,687,608,79,,
2100201240007,2100201240007,143,102,37,309,31,28,750,650,100,,
2100201240008,2100201240008,201,41,41,183,97,60,782,623,159,,
2100201240009,2100201240009,1,64,21,519,28,35,738,668,70,,
2100201240010,2100201240010,10,1,0,27,6,3,59,47,12,,
2100201240011,2100201240011,69,10,3,398,23,58,642,561,81,,
2100201240012,2100201240012,35,19,3,88,8,9,199,162,37,,
2100201240013,2100201240013,33,12,5,37,21,7,135,115,20,,
2100201253001,2100201253001,40,6,7,80,16,16,195,165,30,,
2100201253002,2100201253002,25,4,0,61,7,9,121,106,15,,
2100201253003,2100201253003,1,5,2,30,2,0,40,40,0,,
2100201253004,2100201253004,124,7,47,460,6,27,746,671,75,,
2100201253005,2100201253005,4,4,0,14,2,0,26,24,2,,
2100201253006,2100201253006,256,26,2,339,80,22,835,725,110,,
2100201253007,2100201253007,3,102,40,742,21,31,957,939,18,,
2100201253008,2100201253008,214,40,45,243,69,6,756,617,139,,
2100201253009,2100201253009,44,22,9,53,8,2,150,138,12,,
2100201253010,2100201253010,201,70,13,371,33,97,975,785,190,,
2100201253011,2100201253011,36,1,1,143,30,1,241,212,29,,
2100201253012,2100201253012,200,83,25,323,92,35,773,758,15,,
2100201253013,2100201253013,26,9,0,18,6,0,67,59,8,,
2100201253014,2100201253014,113,17,3,157,0,5,377,295,82,,
2100201253015,2100201253015,32,14,0,78,17,14,168,155,13,,
2100201253016,2100201253016,106,18,13,608,28,56,926,829,97,,
2100201253017,2100201253017,192,78,21,104,95,59,612,549,63,,
2100201253018,2100201253018,3,0,1,19,4,1,35,28,7,,
2100201253019,2100201253019,68,23,8,68,27,7,251,201,50,,
2100301272001,2100301272001,56,43,52,416,50,1,727,618,109,,
2100301272002,2100301272002,295,5,8,304,28,22,706,662,44,,
2100301272003,2100301272003,183,42,37,151,55,9,507,477,30,,
2100301272004,2100301272004,29,10,6,39,4,0,102,88,14,,
2100301272005,2100301272005,22,56,1,204,8,23,319,314,5,,
2100301272006,2100301272006,33,4,6,233,58,30,433,364,69,,
2100301272007,2100301272007,243,77,32,187,64,43,808,646,162,,
2100301272008,2100301272008,125,41,8,131,51,34,477,390,87,,
2100301272009,2100301272009,15,60,11,250,81,13,537,430,107,,
2100301272010,2100301272010,20,6,29,488,101,42,823,686,137,,
2100301272011,2100301272011,150,6,54,422,55,78,968,765,203,,
2100301272012,2100301272012,82,31,5,145,51,22,350,336,14,,
2100301272013,2100301272013,13,5,32,515,93,16,714,674,40,,
2100301272014,2100301272014,0,0,0,7,0,0,7,7,0,,
2100301272015,2100301272015,3,18,6,93,21,5,172,146,26,,
2100301272016,2100301272016,79,25,11,107,29,25,343,276,67,,
2100301272017,2100301272017,28,4,1,28,13,6,87,80,7,,
2100301272018,2100301272018,133,33,31,382,42,10,749,631,118,,
2100301272019,2100301272019,129,41,26,255,38,70,712,559,153,,
2100501291001,2100501291001,120,73,31,174,15,24,448,437,11,,
2100501291002,2100501291002,78,25,28,215,74,44,569,464,105,,
2100501291003,2100501291003,72,12,20,100,29,20,288,253,35,,
2100501291004,2100501291004,2,3,8,90,18,15,157,136,21,,
2100501291005,2100501291005,5,11,5,161,26,15,262,223,39,,
2100501291006,2100501291006,22,44,10,194,39,40,428,349,79,,
2100501291007,2100501291007,339,57,1,378,124,5,976,904,72,,
2100501291008,2100501291008,52,57,16,220,49,25,484,419,65,,
2100501291009,2100501291009,118,4,16,155,20,8,400,321,79,,
2100601300001,2100601300001,19,37,46,515,44,4,688,665,23,,
2100601300002,2100601300002,50,8,20,392,92,54,624,616,8,,
2100601300003,2100601300003,60,9,0,105,5,17,199,196,3,,
2100601300004,2100601300004,36,14,5,34,4,5,98,98,0,Errores de transcripción: Tachaduras o enmiendas en las casillas de resultados que no fueron aclaradas en el espacio de Observaciones con la frase corre y vale.,ERRORES_TRANSCRIPCION
2100601300005,2100601300005,9,16,0,85,5,5,140,120,20,,
2100601300006,2100601300006,70,30,27,222,33,17,443,399,44,,
2100601300007,2100601300007,200,38,13,247,22,36,595,556,39,,
2100601300008,2100601300008,205,1,0,323,9,44,678,582,96,,
2100601308001,2100601308001,104,33,6,252,86,47,585,528,57,,
2100601308002,2100601308002,77,43,24,602,15,35,824,796,28,,
2100601308003,2100601308003,152,24,36,350,37,13,676,612,64,,
2100601308004,2100601308004,55,77,21,418,51,60,751,682,69,,
2100601308005,2100601308005,85,94,19,346,47,77,785,668,117,,
2100601308006,2100601308006,168,75,11,196,99,41,744,590,154,,
2100601308007,2100601308007,211,41,18,225,133,58,849,686,163,,
2100601308008,2100601308008,32,10,18,324,19,19,436,422,14,,
2100601308009,2100601308009,70,22,0,58,17,3,189,170,19,,
2100601308010,2100601308010,44,18,10,39,8,1,132,120,12,,
2110101318001,2110101318001,112,73,31,544,27,57,849,844,5,,
2110101318002,2110101318002,45,13,9,139,30,1,258,237,21,,
2110101318003,2110101318003,211,23,23,324,149,57,998,787,211,,
2110101318004,2110101318004,173,7,36,226,35,16,571,493,78,,
2110101318005,2110101318005,249,71,38,200,84,50,694,692,2,,
2110101318006,2110101318006,71,39,27,219,71,45,543,472,71,,
2110101318007,2110101318007,166,74,35,265,125,58,893,723,170,,
2110101318008,2110101318008,0,1,0,10,1,0,15,12,3,,
2110101318009,2110101318009,47,16,27,241,23,5,362,359,3,,
2110101318010,2110101318010,146,46,15,107,39,26,484,379,105,,
2110101318011,2110101318011,86,79,15,282,104,50,748,616,132,,
2110101318012,2110101318012,117,27,42,498,111,13,956,808,148,,
2110101318013,2110101318013,5,32,1,762,120,45,991,965,26,,
2110101318014,2110101318014,83,22,13,94,34,19,324,265,59,,
2110101332001,2110101332001,119,2,0,190,31,0,359,342,17,,
2110101332002,2110101332002,96,66,38,230,0,39,573,469,104,,
2110101332003,2110101332003,128,5,22,121,32,1,340,309,31,,
2110101332004,2110101332004,57,33,17,264,75,43,526,489,37,,
2110101332005,2110101332005,39,24,0,87,21,16,189,187,2,,
2110101332006,2110101332006,99,25,20,109,13,5,317,271,46,,
2110101332007,2110101332007,55,45,0,149,62,14,409,325,84,,
2110101332008,2110101332008,261,102,20,154,50,60,715,647,68,,
2110101332009,2110101332009,93,38,45,310,9,16,512,511,1,,
2110101332010,2110101332010,58,49,42,619,54,10,868,832,36,,
2110101332011,2110101332011,17,5,7,331,43,48,531,451,80,,
2110101332012,2110101332012,204,15,38,286,77,19,810,639,171,,
2110101332013,2110101332013,9,12,2,78,16,1,123,118,5,,
2110101332014,2110101332014,13,6,0,163,39,11,269,232,37,,
2110101332015,2110101332015,16,2,2,41,8,0,73,69,4,,
2110201347001,2110201347001,127,26,37,521,39,81,982,831,151,,
2110201347002,2110201347002,103,23,2,127,8,16,315,279,36,,
2110201347003,2110201347003,288,74,54,297,50,5,959,768,191,,
2110201347004,2110201347004,79,9,5,155,6,3,258,257,1,,
2110201347005,2110201347005,68,5,6,78,21,16,221,194,27,,
2110201347006,2110201347006,209,45,12,353,130,7,939,756,183,,
2110301353001,2110301353001,12,47,18,522,0,12,746,611,135,,
2110301353002,2110301353002,25,3,3,34,7,7,92,79,13,,
2110301353003,2110301353003,265,82,75,340,32,13,841,807,34,,
2110301353004,2110301353004,45,11,14,206,21,23,407,320,87,,
2110301353005,2110301353005,13,108,0,518,119,91,950,849,101,,
2110301353006,2110301353006,77,2,29,462,33,24,662,627,35,,
2110301353007,2110301353007,6,24,18,148,47,14,296,257,39,,
2110301353008,2110301353008,200,51,17,297,82,35,736,682,54,,
2110301353009,2110301353009,252,127,21,474,63,24,969,961,8,,
2110301353010,2110301353010,122,38,14,484,6,18,768,682,86,,
2110301363001,2110301363001,71,13,12,652,117,5,989,870,119,,
2110301363002,2110301363002,98,42,0,109,40,7,301,296,5,,
2110301363003,2110301363003,33,40,2,144,41,30,344,290,54,,
2110301363004,2110301363004,106,28,30,440,7,54,740,665,75,,
2110301363005,2110301363005,91,95,13,580,83,67,946,929,17,,
2110301363006,2110301363006,1,52,33,329,92,57,589,564,25,,
2110301363007,2110301363007,21,35,12,117,16,12,255,213,42,,
2110301363008,2110301363008,66,34,7,189,69,32,486,397,89,,
2110301363009,2110301363009,113,17,23,329,30,56,689,568,121,,
2110301363010,2110301363010,123,17,6,118,59,21,415,344,71,,
2110401373001,2110401373001,8,74,41,420,125,79,886,747,139,,
2110401373002,2110401373002,100,91,31,254,35,50,628,561,67,,
2110401373003,2110401373003,40,4,8,72,18,10,169,152,17,,
2110401373004,2110401373004,45,13,32,262,21,48,519,421,98,,
2110401373005,2110401373005,2,59,69,716,55,15,948,916,32,,
2110401373006,2110401373006,17,4,2,59,6,9,122,97,25,,
2110401373007,2110401373007,12,0,2,27,6,5,66,52,14,,
2110401373008,2110401373008,8,9,18,166,28,25,256,254,2,,
2110401381001,2110401381001,261,45,6,343,143,21,988,819,169,,
2110401381002,2110401381002,63,7,12,57,15,10,177,164,13,,
2110401381003,2110401381003,21,1,3,19,6,2,52,52,0,,
2110501384001,2110501384001,61,33,30,229,35,5,436,393,43,,
2110501384002,2110501384002,94,82,42,261,15,0,603,494,109,,
2110501384003,2110501384003,135,12,3,419,123,5,813,697,116,,
2120101387001,2120101387001,34,14,0,36,9,6,108,99,9,,
2120101387002,2120101387002,22,2,4,83,19,0,139,130,9,,
2120101387003,2120101387003,127,0,15,183,10,16,365,351,14,,
2120101387004,2120101387004,29,1,3,51,4,10,104,98,6,,
2120101387005,2120101387005,42,16,35,453,1,50,668,597,71,,
2120101387006,2120101387006,127,4,24,410,58,54,692,677,15,,
2120101387007,2120101387007,202,99,60,334,2,80,948,777,171,,
2120101387008,2120101387008,6,58,33,616,61,69,876,843,33,,
2120101387009,2120101387009,158,29,26,178,16,8,512,415,97,,
2120101387010,2120101387010,12,1,1,29,0,0,54,43,11,,
2120101387011,2120101387011,61,38,14,102,1,15,241,231,10,,
2120101387012,2120101387012,18,11,8,88,22,16,197,163,34,,
2120101399001,2120101399001,7,21,9,108,28,1,210,174,36,,
2120101399002,2120101399002,86,111,9,367,4,5,619,582,37,,
2120301401001,2120301401001,53,16,5,511,14,12,672,611,61,,
2120301401002,2120301401002,6,5,1,40,8,5,68,65,3,,
2120301401003,2120301401003,180,51,41,424,128,38,993,862,131,,
2120301401004,2120301401004,12,5,6,64,10,13,136,110,26,,
2120301401005,2120301401005,0,101,60,647,59,4,885,871,14,,
2120301401006,2120301401006,14,2,13,158,15,20,254,222,32,,
2120301401007,2120301401007,33,10,3,152,51,33,343,282,61,,
2120301401008,2120301401008,15,7,2,43,10,7,91,84,7,,
2120301401009,2120301401009,43,8,15,270,58,34,546,428,118,,
2120301401010,2120301401010,55,6,5,251,44,36,442,397,45,,
2120301401011,2120301401011,48,11,2,78,10,4,172,153,19,,
2120301401012,2120301401012,215,12,29,262,80,12,759,610,149,Fecha incorrecta: Realización del escrutinio en un día distinto al fijado oficialmente para la elección.,FECHA_INCORRECTA
2120301401013,2120301401013,142,76,33,353,4,36,792,644,148,,
2120301401014,2120301401014,63,28,14,105,44,33,351,287,64,,
2120301401015,2120301401015,39,25,18,385,47,68,727,582,145,,
2120301401016,2120301401016,247,31,49,415,137,80,973,959,14,,
2120301417001,2120301417001,45,69,24,264,17,20,483,439,44,,
2120401418001,2120401418001,10,8,5,91,25,12,187,151,36,,
2120401418002,2120401418002,30,20,4,51,7,2,141,114,27,,
2120401418003,2120401418003,11,1,6,147,25,4,213,194,19,,
2120401418004,2120401418004,15,68,46,363,79,71,773,642,131,,
2120401418005,2120401418005,186,112,46,331,82,24,846,781,65,,
2120401418006,2120401418006,245,117,14,368,49,5,830,798,32,,
2120401418007,2120401418007,59,75,22,499,21,47,889,723,166,,
2120401418008,2120401418008,99,44,2,148,34,4,351,331,20,,
2120401418009,2120401418009,107,35,16,127,22,3,365,310,55,,
2120401418010,2120401418010,6,21,13,122,4,15,185,181,4,,
2120401418011,2120401418011,48,26,7,77,17,3,210,178,32,,
2120401418012,2120401418012,20,21,41,375,53,20,566,530,36,,
2120401418013,2120401418013,35,50,3,506,61,0,796,655,141,,
2120401418014,2120401418014,264,102,51,261,16,72,873,766,107,,
2120401418015,2120401418015,34,2,4,45,10,2,119,97,22,,
2120401418016,2120401418016,264,111,32,318,0,63,942,788,154,,
2120401418017,2120401418017,80,18,15,572,127,63,906,875,31,,
2130101435001,2130101435001,74,5,29,257,17,2,395,384,11,,
2130101435002,2130101435002,108,21,27,507,15,45,788,723,65,,
2130101435003,2130101435003,76,2,18,270,48,34,522,448,74,,
2130101435004,2130101435004,2,20,4,85,27,10,189,148,41,,
2130101435005,2130101435005,45,22,16,483,105,68,760,739,21,,
2130101435006,2130101435006,19,47,16,218,30,15,348,345,3,,
2130101435007,2130101435007,58,18,0,99,5,20,226,200,26,,
2130101435008,2130101435008,66,32,5,84,30,8,241,225,16,,
2130201443001,2130201443001,37,4,7,37,16,4,114,105,9,,
2130301444001,2130301444001,8,0,6,201,0,1,247,216,31,,
2130301444002,2130301444002,26,90,18,520,54,41,888,749,139,,
2130301444003,2130301444003,51,47,25,162,31,38,434,354,80,,
2130301444004,2130301444004,62,37,20,103,35,18,291,275,16,,
2130301444005,2130301444005,373,79,69,229,13,46,825,809,16,,
2130301444006,2130301444006,21,1,3,69,2,10,114,106,8,,
2130301444007,2130301444007,193,99,51,246,97,53,919,739,180,,
2130301444008,2130301444008,108,11,7,321,27,19,620,493,127,,
2130301444009,2130301444009,104,27,30,591,94,65,965,911,54,,
2130301444010,2130301444010,73,13,0,153,0,14,254,253,1,,
2130301444011,2130301444011,187,27,40,632,58,0,991,944,47,,
2130301444012,2130301444012,224,131,32,417,110,49,994,963,31,,
2130301444013,2130301444013,0,15,5,66,15,7,129,108,21,,
2130301444014,2130301444014,75,90,69,475,9,78,947,796,151,,
2130401458001,2130401458001,75,32,33,247,96,35,623,518,105,,
2130401458002,2130401458002,7,66,10,335,12,17,477,447,30,,
2130401458003,2130401458003,52,17,25,431,27,0,645,552,93,,
2130401458004,2130401458004,70,126,2,496,46,78,879,818,61,,
2130401462001,2130401462001,218,76,22,206,35,47,770,604,166,,
2130401462002,2130401462002,172,51,3,122,14,33,503,395,108,,
2130401462003,2130401462003,151,36,35,147,25,36,526,430,96,,
2130401462004,2130401462004,99,3,14,210,38,10,377,374,3,,
2130401462005,2130401462005,256,13,49,284,14,73,844,689,155,,
2130401462006,2130401462006,80,15,15,167,60,29,397,366,31,,
2130401462007,2130401462007,2,2,0,9,2,1,18,16,2,,
2130401462008,2130401462008,45,32,16,85,10,9,251,197,54,,
2130401462009,2130401462009,68,5,16,94,14,18,268,215,53,,
2130401462010,2130401462010,20,9,9,83,4,12,141,137,4,,
2130401462011,2130401462011,32,7,7,158,14,22,247,240,7,,
2130401462012,2130401462012,49,6,9,239,4,35,421,342,79,,
2130401462013,2130401462013,31,25,20,175,23,2,328,276,52,,
2130401462014,2130401462014,25,32,32,382,49,47,602,567,35,,
2130401462015,2130401462015,287,64,10,264,6,22,808,653,155,,
2130401462016,2130401462016,183,33,14,209,0,39,569,478,91,,
2130401462017,2130401462017,33,17,22,163,4,9,278,248,30,,
2130401462018,2130401462018,38,23,14,187,18,35,396,315,81,,
2140101480001,2140101480001,233,58,24,226,69,38,815,648,167,,
2140101480002,2140101480002,169,4,34,459,39,32,785,737,48,,
2140101480003,2140101480003,152,16,16,310,81,52,636,627,9,,
2140101480004,2140101480004,174,77,14,204,10,27,557,506,51,,
2140101480005,2140101480005,239,72,38,305,107,9,957,770,187,,
2140101480006,2140101480006,272,105,26,230,43,30,901,706,195,,
2140101480007,2140101480007,31,30,31,234,31,1,390,358,32,,
2140101480008,2140101480008,274,11,17,387,108,70,967,867,100,,
2140101480009,2140101480009,264,88,57,178,25,36,735,648,87,,
2140101480010,2140101480010,115,57,34,268,2,39,517,515,2,,
2140101480011,2140101480011,146,55,28,95,2,6,384,332,52,,
2140101480012,2140101480012,71,16,18,106,42,3,294,256,38,,
2140101480013,2140101480013,20,34,10,115,15,19,245,213,32,,
2140101480014,2140101480014,81,23,3,71,6,18,219,202,17,,
2140101480015,2140101480015,2,0,2,35,2,0,50,41,9,,
2140101480016,2140101480016,57,6,44,350,15,48,578,520,58,,
2140101480017,2140101480017,18,17,6,120,11,20,222,192,30,,
2140101480018,2140101480018,46,64,58,466,19,22,837,675,162,,
2140101480019,2140101480019,308,70,25,297,108,34,878,842,36,,
2140101499001,2140101499001,90,76,35,195,66,30,560,492,68,,
2140101499002,2140101499002,46,9,0,54,3,2,139,114,25,,
2140101499003,2140101499003,3,45,32,374,73,38,609,565,44,,
2140101499004,2140101499004,382,51,26,384,3,9,961,855,106,,
2140101499005,2140101499005,20,58,27,377,38,5,617,525,92,,
2140101499006,2140101499006,36,17,2,66,0,8,140,129,11,,
2140101499007,2140101499007,28,23,7,110,18,11,218,197,21,,
2140101499008,2140101499008,57,2,12,186,8,7,340,272,68,,
2140201507001,2140201507001,212,89,36,112,60,36,630,545,85,,
2140201507002,2140201507002,152,89,8,411,60,42,827,762,65,,
2140201507003,2140201507003,34,31,3,527,121,20,764,736,28,Falta de datos de apertura o cierre: Omisión de la hora exacta de inicio o finalización de la jornada electoral en el acta.,FALTA_DATOS_APERTURA_CIERRE
2140201507004,2140201507004,98,51,5,247,2,29,480,432,48,,
2140201511001,2140201511001,124,27,13,113,21,18,323,316,7,,
2140201511002,2140201511002,40,15,22,292,74,51,519,494,25,,
2140201511003,2140201511003,4,27,8,367,51,38,575,495,80,,
2140201511004,2140201511004,110,27,8,110,54,28,412,337,75,,
2140201511005,2140201511005,56,28,41,326,69,52,622,572,50,,
2140201511006,2140201511006,11,5,2,14,4,1,45,37,8,,
2140201511007,2140201511007,5,48,2,283,57,23,452,418,34,,
2140201511008,2140201511008,21,42,24,238,64,30,424,419,5,,
2140201511009,2140201511009,42,3,4,104,11,17,222,181,41,,
2140201511010,2140201511010,127,43,10,79,22,24,340,305,35,,
2140201511011,2140201511011,104,27,17,241,52,15,477,456,21,,
2140201511012,2140201511012,169,41,33,264,28,61,734,596,138,,
2140201511013,2140201511013,21,86,62,501,76,45,914,791,123,,
2140201511014,2140201511014,85,41,8,116,4,25,282,279,3,,
2140201511015,2140201511015,114,3,23,269,25,22,456,456,0,,
2140201511016,2140201511016,83,58,42,287,24,51,615,545,70,,
2140201511017,2140201511017,36,15,2,34,2,6,96,95,1,,
2150101528001,2150101528001,27,8,18,207,0,18,289,278,11,,
2150101528002,2150101528002,83,126,30,445,4,20,722,708,14,,
2150101528003,2150101528003,43,21,2,341,84,22,657,513,144,,
2150101528004,2150101528004,18,2,15,441,77,7,648,560,88,,
2150101528005,2150101528005,338,88,0,259,89,56,852,830,22,,
2150101528006,2150101528006,190,23,38,177,52,1,531,481,50,,
2150101528007,2150101528007,13,3,2,14,3,2,46,37,9,,
2150101528008,2150101528008,3,1,0,6,0,0,11,10,1,,
2150101528009,2150101528009,50,15,3,39,17,1,146,125,21,,
2150101528010,2150101528010,51,12,16,164,15,35,365,293,72,,
2150101528011,2150101528011,10,11,6,78,2,2,114,109,5,,
2150101528012,2150101528012,2,0,0,11,0,0,13,13,0,,
2150101528013,2150101528013,167,24,6,220,29,1,522,447,75,,
2150101528014,2150101528014,75,83,30,252,21,20,599,481,118,,
2150101528015,2150101528015,15,33,22,190,75,47,482,382,100,,
2150101528016,2150101528016,16,3,1,22,1,5,57,48,9,,
2150101544001,2150101544001,5,20,36,597,126,8,868,792,76,,
2150101544002,2150101544002,36,39,28,324,85,42,554,554,0,,
2150101544003,2150101544003,252,46,38,183,97,68,844,684,160,,
2150101544004,2150101544004,99,24,11,165,66,9,434,374,60,,
2150101544005,2150101544005,9,6,2,22,1,2,51,42,9,,
2150101544006,2150101544006,212,30,0,369,107,1,881,719,162,,
2150101544007,2150101544007,417,36,58,351,23,40,932,925,7,,
2150101544008,2150101544008,89,3,5,231,88,57,596,473,123,,
2150101544009,2150101544009,218,49,35,395,110,15,848,822,26,,
2150101544010,2150101544010,70,8,16,372,119,31,755,616,139,,
2150101544011,2150101544011,141,98,0,531,56,33,977,859,118,,
2150101544012,2150101544012,41,31,31,325,27,20,518,475,43,,
2150101544013,2150101544013,13,32,6,160,40,26,280,277,3,,
2150101544014,2150101544014,82,94,23,444,44,2,776,689,87,,
2150101558001,2150101558001,74,76,4,302,2,51,609,509,100,,
2150101558002,2150101558002,123,24,20,178,51,35,494,431,63,,
2150101558003,2150101558003,160,3,30,135,65,15,465,408,57,,
2150101558004,2150101558004,0,11,31,288,34,41,443,405,38,,
2150101558005,2150101558005,90,9,6,339,27,7,532,478,54,,
2150101558006,2150101558006,216,10,55,279,113,8,796,681,115,,
2150101558007,2150101558007,53,98,55,370,6,71,751,653,98,,
2150201565001,2150201565001,54,7,24,519,6,30,641,640,1,,
2150201565002,2150201565002,13,10,37,540,72,23,738,695,43,,
2150201565003,2150201565003,161,10,4,242,41,6,488,464,24,,
2150201565004,2150201565004,109,15,12,151,41,30,382,358,24,,
2150201565005,2150201565005,142,54,6,251,22,26,551,501,50,,
2150201565006,2150201565006,38,16,8,31,19,7,143,119,24,,
2150201565007,2150201565007,4,0,0,8,0,0,12,12,0,,
2150201565008,2150201565008,100,57,5,315,18,41,585,536,49,,
2150201565009,2150201565009,73,13,21,368,48,24,606,547,59,Uso de formularios no oficiales: Llenado de resultados en documentos o formatos no aprobados por el Tribunal Supremo Electoral.,USO_FORMULARIOS_NO_OFICIALES
2150201565010,2150201565010,90,34,13,115,35,19,391,306,85,,
2150201575001,2150201575001,113,18,28,264,31,4,558,458,100,,
2160101576001,2160101576001,49,83,1,505,124,1,865,763,102,,
2160101577001,2160101577001,12,8,5,83,1,3,122,112,10,,
2160101577002,2160101577002,219,7,33,326,125,6,788,716,72,,
2160101577003,2160101577003,99,15,40,323,90,2,727,569,158,,
2160101577004,2160101577004,87,31,4,63,27,13,262,225,37,,
2160101577005,2160101577005,11,23,9,85,1,5,148,134,14,,
2160101577006,2160101577006,64,2,0,197,48,31,391,342,49,,
2160101577007,2160101577007,3,47,13,212,37,16,332,328,4,,
2160101577008,2160101577008,137,58,19,312,27,37,670,590,80,,
2160101577009,2160101577009,86,11,15,202,29,42,480,385,95,,
2160101577010,2160101577010,6,82,7,336,82,14,541,527,14,,
2160101577011,2160101577011,98,54,3,360,22,25,566,562,4,,
2160101577012,2160101577012,268,12,37,296,49,25,857,687,170,,
2160101577013,2160101577013,7,5,1,14,2,1,30,30,0,,
2160101577014,2160101577014,134,34,32,178,52,4,456,434,22,,
2160101577015,2160101577015,260,70,5,428,130,77,986,970,16,,
2160101577016,2160101577016,10,4,2,48,10,1,80,75,5,,
2160101577017,2160101577017,4,6,1,21,6,2,42,40,2,,
2160101577018,2160101577018,43,11,11,101,36,22,282,224,58,,
2160101577019,2160101577019,42,21,6,160,18,30,325,277,48,,
2160101577020,2160101577020,121,0,13,527,85,71,839,817,22,,
2160101597001,2160101597001,177,86,37,258,94,11,839,663,176,,
2160101597002,2160101597002,221,81,8,147,57,33,626,547,79,,
2160101597003,2160101597003,144,43,1,337,66,8,743,599,144,,
2160101597004,2160101597004,108,109,5,413,87,3,892,725,167,,
2160101597005,2160101597005,7,14,76,725,31,9,926,862,64,,
2160101597006,2160101597006,4,3,5,46,10,2,77,70,7,,
2160101597007,2160101597007,281,14,29,319,57,1,798,701,97,,
2160101597008,2160101597008,24,11,5,188,15,4,274,247,27,,
2160101597009,2160101597009,77,11,1,126,26,5,254,246,8,,
2160101597010,2160101597010,51,39,23,328,85,21,587,547,40,,
2160101597011,2160101597011,27,5,5,191,5,25,327,258,69,,
2160101597012,2160101597012,90,51,5,479,139,54,920,818,102,,
2160101597013,2160101597013,2,2,0,8,0,0,14,12,2,,
2160101597014,2160101597014,78,47,11,115,48,15,376,314,62,,
2160101597015,2160101597015,23,0,3,76,17,10,151,129,22,,
2160101597016,2160101597016,82,50,46,305,27,58,697,568,129,,
2160101597017,2160101597017,14,111,9,490,57,48,902,729,173,,
2160101597018,2160101597018,90,12,21,146,14,0,341,283,58,,
2160101597019,2160101597019,15,65,18,468,124,44,902,734,168,,
2160101597020,2160101597020,13,2,1,18,7,1,51,42,9,,
2160101617001,2160101617001,61,52,16,411,8,53,738,601,137,,
2160101617002,2160101617002,8,25,18,420,1,31,555,503,52,,
2160101617003,2160101617003,51,17,2,109,13,3,212,195,17,,
2160101617004,2160101617004,20,1,29,317,48,42,508,457,51,,
2160101617005,2160101617005,35,25,49,450,44,60,670,663,7,,
2160101617006,2160101617006,124,41,25,239,105,45,678,579,99,,
2160101617007,2160101617007,95,114,33,518,9,61,864,830,34,,
2160201624001,2160201624001,233,22,2,342,88,44,737,731,6,,
2160201624002,2160201624002,371,91,31,265,21,91,973,870,103,,
2160201624003,2160201624003,84,67,22,443,97,35,865,748,117,,
2160201624004,2160201624004,141,91,12,242,16,3,535,505,30,,
2160201624005,2160201624005,41,11,8,528,108,45,888,741,147,,
2160201624006,2160201624006,97,55,14,374,93,19,687,652,35,,
2170201630001,2170201630001,349,102,33,266,89,54,967,893,74,,
2170201630002,2170201630002,32,6,15,132,3,11,204,199,5,,
2170201630003,2170201630003,232,40,10,191,94,64,753,631,122,,
2170201630004,2170201630004,276,20,37,312,94,19,860,758,102,,
2170201630005,2170201630005,164,10,1,336,1,24,597,536,61,,
2170201630006,2170201630006,135,28,40,244,30,18,503,495,8,,
2170201630007,2170201630007,33,82,13,406,12,46,697,592,105,,
2170201630008,2170201630008,191,74,26,165,23,26,574,505,69,,
2170201630009,2170201630009,295,10,24,432,32,24,853,817,36,,
2170201630010,2170201630010,21,2,4,20,8,1,65,56,9,,
2170201630011,2170201630011,118,61,11,379,109,10,708,688,20,,
2170201630012,2170201630012,279,18,37,294,58,24,811,710,101,,
2170201630013,2170201630013,40,9,39,339,90,55,684,572,112,,
2170201630014,2170201630014,128,67,47,243,28,50,648,563,85,,
2170201630015,2170201630015,151,3,2,398,76,19,820,649,171,,
2170301645001,2170301645001,7,40,15,416,98,49,737,625,112,,
2170301645002,2170301645002,199,53,48,339,110,42,808,791,17,,
2170301645003,2170301645003,144,129,43,389,45,79,846,829,17,,
2170301645004,2170301645004,96,28,14,72,29,15,274,254,20,,
2170301645005,2170301645005,157,29,67,468,55,3,868,779,89,,
2170301645006,2170301645006,30,4,9,218,30,30,326,321,5,,
2170301645007,2170301645007,245,95,34,254,64,82,909,774,135,,
2170301645008,2170301645008,51,28,6,132,20,25,286,262,24,,
2170301645009,2170301645009,67,23,8,62,7,13,230,180,50,,
2170301645010,2170301645010,19,40,2,168,41,5,350,275,75,,
2170301645011,2170301645011,323,94,22,229,74,61,861,803,58,,
2170301645012,2170301645012,181,183,4,556,3,61,992,988,4,,
2170301645013,2170301645013,38,48,8,494,27,54,787,669,118,,
2170301645014,2170301645014,8,54,23,303,77,2,508,467,41,,
2170301659001,2170301659001,121,77,36,235,104,8,666,581,85,,
2170301659002,2170301659002,151,55,48,419,88,76,919,837,82,,
2170301659003,2170301659003,5,6,8,72,16,0,117,107,10,,
2170301659004,2170301659004,9,46,16,171,1,7,253,250,3,,
2170301659005,2170301659005,171,36,69,444,11,76,815,807,8,,
2170301659006,2170301659006,337,17,71,329,0,38,846,792,54,,
2170301659007,2170301659007,57,91,23,301,56,73,763,601,162,,
2170301659008,2170301659008,24,20,28,243,64,3,462,382,80,,
2170301659009,2170301659009,0,1,2,21,2,2,29,28,1,,
2170301659010,2170301659010,25,32,18,132,30,4,245,241,4,,
2170301659011,2170301659011,132,52,3,87,60,25,427,359,68,,
2170301659012,2170301659012,73,7,12,225,36,39,447,392,55,,
2170301659013,2170301659013,31,18,11,101,10,22,231,193,38,,
2170301659014,2170301659014,45,34,14,212,24,19,392,348,44,,
2170301659015,2170301659015,64,57,31,216,43,44,566,455,111,,
2170301659016,2170301659016,14,15,20,395,97,27,626,568,58,,
2170301659017,2170301659017,32,15,1,94,1,0,179,143,36,,
2170301659018,2170301659018,31,70,14,513,121,39,893,788,105,,
2170301659019,2170301659019,194,71,38,229,23,25,599,580,19,,
2170301659020,2170301659020,10,14,7,69,23,10,152,133,19,,
2180101679001,2180101679001,131,8,36,208,17,34,493,434,59,,
2180101679002,2180101679002,317,136,5,239,76,61,982,834,148,,
2180101679003,2180101679003,45,16,1,115,27,14,279,218,61,,
2180101682001,2180101682001,169,20,20,256,35,22,620,522,98,,
2180101682002,2180101682002,41,20,11,126,46,15,325,259,66,,
2180101682003,2180101682003,111,56,12,106,56,13,434,354,80,,
2180201685001,2180201685001,49,27,45,665,7,91,953,884,69,,
2180201685002,2180201685002,127,22,22,103,23,17,355,314,41,,
2180301687001,2180301687001,1,2,0,18,2,0,24,23,1,Uso de formularios no oficiales: Llenado de resultados en documentos o formatos no aprobados por el Tribunal Supremo Electoral.,USO_FORMULARIOS_NO_OFICIALES
2180301687002,2180301687002,90,14,28,211,61,45,489,449,40,,
2180301687003,2180301687003,104,66,55,424,106,3,835,758,77,,
2180301687004,2180301687004,119,54,5,173,25,8,453,384,69,,
2180301687005,2180301687005,10,7,7,53,0,2,93,79,14,,
2180301687006,2180301687006,10,27,0,177,5,7,237,226,11,,
2180301687007,2180301687007,158,22,32,245,86,37,599,580,19,,
2180301687008,2180301687008,75,21,1,113,6,23,261,239,22,,
2180301687009,2180301687009,1,30,19,173,3,1,254,227,27,,
2180301687010,2180301687010,3,49,27,383,18,23,505,503,2,,
2180301687011,2180301687011,13,1,0,88,8,2,136,112,24,,
2180301687012,2180301687012,1,0,0,2,0,0,3,3,0,,
2180301687013,2180301687013,16,8,2,113,38,22,244,199,45,,
2180301687014,2180301687014,84,13,8,126,29,7,267,267,0,,
2180301687015,2180301687015,86,66,5,389,120,36,785,702,83,,
2180301687016,2180301687016,283,59,46,264,15,29,763,696,67,,
2180301687017,2180301687017,150,33,51,495,84,64,942,877,65,,
2180301687018,2180301687018,22,105,9,566,135,2,913,839,74,,
2190201705001,2190201705001,149,11,0,241,80,39,619,520,99,,
2190201705002,2190201705002,10,51,35,269,79,25,513,469,44,,
2190201705003,2190201705003,5,21,7,146,40,22,261,241,20,,
2190201705004,2190201705004,48,17,0,118,35,11,240,229,11,,
2190201705005,2190201705005,130,88,31,243,79,11,615,582,33,,
2190201705006,2190201705006,257,66,9,375,6,79,904,792,112,,
2190201705007,2190201705007,18,19,11,72,7,8,139,135,4,,
2190201705008,2190201705008,3,2,1,11,1,0,21,18,3,,
2190201705009,2190201705009,40,93,29,342,19,25,643,548,95,,
2190201705010,2190201705010,14,41,16,238,41,30,447,380,67,,
2190201705011,2190201705011,3,0,1,36,2,0,52,42,10,,
2190201705012,2190201705012,127,71,31,265,99,47,741,640,101,,
2200201717001,2200201717001,1,0,0,7,1,1,12,10,2,,
2200201717002,2200201717002,146,26,0,126,18,15,341,331,10,,
2200201717003,2200201717003,64,10,24,345,43,23,591,509,82,,
2200201717004,2200201717004,140,101,12,350,63,64,907,730,177,,
2200201717005,2200201717005,13,9,0,193,48,10,340,273,67,,
2200201717006,2200201717006,266,46,14,317,116,4,912,763,149,,
2200201717007,2200201717007,197,79,20,180,102,26,715,604,111,,
2200201717008,2200201717008,53,3,42,630,141,50,966,919,47,,
2200201717009,2200201717009,251,25,41,311,18,53,766,699,67,,
2200201717010,2200201717010,54,5,11,239,67,14,497,390,107,,
2200201717011,2200201717011,16,28,11,355,30,8,456,448,8,,
2200201728001,2200201728001,184,11,13,658,5,35,951,906,45,,
2200201728002,2200201728002,32,31,8,151,32,20,328,274,54,,
2200201728003,2200201728003,88,38,20,457,12,45,737,660,77,,
2200201731001,2200201731001,1,5,6,254,49,18,368,333,35,,
2200201731002,2200201731002,89,34,40,529,34,28,832,754,78,,
2200201731003,2200201731003,3,1,1,6,2,0,14,13,1,,
2200201731004,2200201731004,138,49,6,93,13,11,345,310,35,,
2200201731005,2200201731005,9,62,2,352,20,20,567,465,102,,
2200201731006,2200201731006,118,67,59,399,49,7,761,699,62,,
2200201731007,2200201731007,1,7,3,43,4,2,60,60,0,,
2200201731008,2200201731008,71,23,7,96,48,20,313,265,48,,
2200201731009,2200201731009,1,12,1,81,15,13,151,123,28,,
2200201731010,2200201731010,53,5,9,48,1,10,139,126,13,,
2200201731011,2200201731011,37,22,0,235,2,33,334,329,5,,
2200201731012,2200201731012,164,20,31,154,79,48,533,496,37,,
2200201731013,2200201731013,162,33,13,178,4,23,460,413,47,,
2200201731014,2200201731014,384,140,16,239,103,19,904,901,3,,
2200201731015,2200201731015,146,33,13,132,40,4,416,368,48,,
2200201731016,2200201731016,0,0,0,1,0,0,1,1,0,,
2200201731017,2200201731017,183,92,2,333,16,6,645,632,13,,
2200201731018,2200201731018,32,12,0,183,32,27,356,286,70,,
2200201731019,2200201731019,49,59,27,213,44,20,415,412,3,,
3020101750001,3020101750001,2,10,11,38,1,3,69,65,4,,
3020101750002,3020101750002,5,171,35,142,69,33,519,455,64,,
3020101750003,3020101750003,23,280,42,219,146,25,924,735,189,,
3020101750004,3020101750004,22,194,142,377,24,70,832,829,3,,
3020101750005,3020101750005,3,128,17,291,72,57,610,568,42,,
3020101750006,3020101750006,2,8,8,42,13,2,95,75,20,,
3020101750007,3020101750007,4,20,17,52,17,8,145,118,27,,
3020101750008,3020101750008,0,57,14,77,34,22,257,204,53,,
3020101750009,3020101750009,17,25,3,313,53,30,534,441,93,,
3020101750010,3020101750010,15,45,112,452,25,22,815,671,144,,
3020101750011,3020101750011,5,31,78,570,80,24,790,788,2,,
3020201761001,3020201761001,1,46,35,177,14,21,296,294,2,,
3020201761002,3020201761002,22,302,141,151,98,61,819,775,44,,
3020201761003,3020201761003,11,99,7,581,138,43,921,879,42,,
3020201761004,3020201761004,5,0,12,389,19,31,551,456,95,,
3020201761005,3020201761005,7,121,37,380,20,9,696,574,122,,
3020201761006,3020201761006,9,180,30,360,26,71,851,676,175,,
3020201761007,3020201761007,14,196,73,316,97,9,775,705,70,,
3020201761008,3020201761008,4,119,66,182,34,17,507,422,85,,
3020201761009,3020201761009,1,83,4,95,6,18,237,207,30,,
3020201761010,3020201761010,2,133,15,117,33,27,394,327,67,,
3020201761011,3020201761011,7,281,166,271,125,4,978,854,124,,
3020201761012,3020201761012,17,90,67,178,31,16,451,399,52,,
3020201761013,3020201761013,1,32,14,111,16,11,213,185,28,,
3020201761014,3020201761014,17,86,82,224,89,24,658,522,136,,
3020201761015,3020201761015,24,198,26,388,91,72,849,799,50,,
3020201776001,3020201776001,2,20,36,151,8,14,261,231,30,,
3020201776002,3020201776002,2,58,0,153,13,9,297,235,62,,
3020201776003,3020201776003,5,20,38,279,71,34,471,447,24,,
3020201776004,3020201776004,10,19,0,240,22,3,349,294,55,,
3020201776005,3020201776005,13,128,45,218,2,20,464,426,38,,
3020201776006,3020201776006,4,78,45,115,41,20,366,303,63,,
3020201776007,3020201776007,2,16,29,293,29,5,437,374,63,,
3020201776008,3020201776008,11,109,40,261,58,6,521,485,36,,
3020201776009,3020201776009,7,124,112,478,10,34,877,765,112,,
3020201776010,3020201776010,6,222,30,248,109,40,831,655,176,,
3020201776011,3020201776011,7,51,2,95,8,13,212,176,36,,
3020201776012,3020201776012,0,20,8,11,0,1,44,40,4,,
3020201776013,3020201776013,1,17,11,35,1,7,85,72,13,,
3020201776014,3020201776014,6,8,41,186,1,19,286,261,25,,
3020201776015,3020201776015,5,35,67,234,37,24,422,402,20,,
3020201776016,3020201776016,19,89,66,226,12,21,441,433,8,,
3020201776017,3020201776017,1,6,18,55,12,0,114,92,22,,
3020201793001,3020201793001,7,191,51,121,35,39,472,444,28,,
3020201793002,3020201793002,22,173,25,247,52,12,613,531,82,,
3020201793003,3020201793003,6,77,10,109,11,8,228,221,7,,
3020201793004,3020201793004,6,9,22,268,29,26,382,360,22,,
3020201793005,3020201793005,20,151,107,195,24,0,561,497,64,,
3020201793006,3020201793006,10,14,56,344,50,42,532,516,16,,
3020201793007,3020201793007,4,151,23,156,30,40,515,404,111,,
3020201793008,3020201793008,5,75,33,39,17,4,201,173,28,,
3020201793009,3020201793009,2,77,25,103,15,18,255,240,15,,
3020201793010,3020201793010,21,143,73,290,90,64,693,681,12,,
3020201793011,3020201793011,2,47,19,103,23,22,241,216,25,,
3020201793012,3020201793012,16,266,89,248,73,71,964,763,201,,
3020201793013,3020201793013,3,81,20,168,1,13,293,286,7,,
3020201793014,3020201793014,10,320,19,236,32,76,810,693,117,,
3020201793015,3020201793015,9,235,85,177,68,51,652,625,27,,
3020201793016,3020201793016,18,158,76,262,89,60,769,663,106,,
3020201793017,3020201793017,3,134,14,222,18,27,426,418,8,,
3020201793018,3020201793018,12,26,27,259,43,3,451,370,81,,
3020201793019,3020201793019,5,39,76,349,24,18,596,511,85,,
3020301812001,3020301812001,20,164,104,390,81,54,834,813,21,,
3020301812002,3020301812002,1,374,150,247,86,14,905,872,33,,
3020301812003,3020301812003,20,236,102,279,41,46,735,724,11,,
3020301812004,3020301812004,12,69,92,341,89,46,686,649,37,,
3020301812005,3020301812005,7,50,109,323,38,54,601,581,20,,
3020301812006,3020301812006,10,191,112,260,46,26,749,645,104,,
3020301812007,3020301812007,6,76,97,217,30,29,511,455,56,,
3020301812008,3020301812008,22,42,91,305,21,54,597,535,62,,
3030201820001,3030201820001,23,174,32,279,35,49,744,592,152,,
3030201820002,3030201820002,9,65,42,85,36,20,274,257,17,,
3030201820003,3030201820003,2,72,17,63,1,5,176,160,16,,
3030201820004,3030201820004,12,1,33,246,54,25,391,371,20,,
3030201820005,3030201820005,0,16,0,14,0,3,33,33,0,,
3030201820006,3030201820006,23,251,17,394,43,25,772,753,19,,
3030201826001,3030201826001,17,37,156,431,109,54,991,804,187,,
3030201826002,3030201826002,29,181,65,378,60,6,722,719,3,,
3030201826003,3030201826003,1,16,3,10,3,3,40,36,4,,
3030201826004,3030201826004,7,254,133,272,97,59,861,822,39,,
3030201826005,3030201826005,30,34,18,646,36,15,853,779,74,,
3030201826006,3030201826006,13,50,52,557,26,54,955,752,203,,
3030201826007,3030201826007,1,183,82,482,52,42,906,842,64,,
3030201826008,3030201826008,7,33,23,137,17,12,253,229,24,,
3030201826009,3030201826009,5,147,83,154,30,32,490,451,39,,
3030201826010,3030201826010,2,18,16,31,11,3,89,81,8,,
3030201836001,3030201836001,16,197,148,246,132,42,979,781,198,,
3030201836002,3030201836002,28,128,11,611,16,80,931,874,57,,
3030201836003,3030201836003,3,135,63,546,40,51,930,838,92,,
3030201836004,3030201836004,7,264,30,339,130,46,876,816,60,,
3030201836005,3030201836005,3,9,16,52,4,5,92,89,3,,
3030201836006,3030201836006,0,8,1,13,3,2,27,27,0,,
3030201836007,3030201836007,24,71,57,399,115,35,742,701,41,,
3030201836008,3030201836008,0,1,4,68,12,7,102,92,10,,
3030201836009,3030201836009,7,46,136,387,28,65,718,669,49,,
3030201836010,3030201836010,1,31,22,96,3,0,168,153,15,,
3030201836011,3030201836011,2,14,28,103,9,15,207,171,36,,
3030201836012,3030201836012,11,23,15,193,32,3,279,277,2,,
3030201836013,3030201836013,1,7,2,40,7,4,70,61,9,,
3030201836014,3030201836014,12,266,114,115,102,56,735,665,70,,
3030201836015,3030201836015,7,89,63,130,54,34,432,377,55,,
3030301851001,3030301851001,6,124,13,313,8,18,575,482,93,,
3030301851002,3030301851002,0,22,6,27,12,3,80,70,10,,
3030301851003,3030301851003,2,229,70,155,6,21,511,483,28,,
3030301851004,3030301851004,12,54,28,235,58,26,441,413,28,,
3030301851005,3030301851005,0,117,7,120,26,21,305,291,14,,
3030301851006,3030301851006,12,110,108,305,36,65,673,636,37,,
3030301851007,3030301851007,12,68,59,165,1,12,337,317,20,,
3030301851008,3030301851008,2,0,5,60,13,6,103,86,17,,
3030301851009,3030301851009,1,27,11,83,14,16,176,152,24,,
3030301851010,3030301851010,12,246,17,320,131,47,859,773,86,,
3030301851011,3030301851011,0,208,22,181,65,21,566,497,69,,
3030301851012,3030301851012,30,105,92,397,85,7,735,716,19,,
3030301851013,3030301851013,29,88,99,567,40,18,874,841,33,,
3030301851014,3030301851014,3,1,18,107,8,9,152,146,6,,
3030301851015,3030301851015,10,15,31,173,39,2,310,270,40,,
3030301851016,3030301851016,2,9,15,41,3,7,85,77,8,,
3030301851017,3030301851017,9,94,74,121,29,42,428,369,59,,
3030301851018,3030301851018,6,264,30,294,15,52,740,661,79,,
3030301851019,3030301851019,17,40,141,587,10,41,872,836,36,,
3040101870001,3040101870001,5,68,37,114,12,11,271,247,24,Papeletas no autorizadas: Cómputo de votos realizados en papeletas que no cuentan con las medidas de seguridad o el diseño oficial del OEP.,PAPELETAS_NO_AUTORIZADAS
3040101870002,3040101870002,5,20,9,106,8,6,158,154,4,,
3040101870003,3040101870003,0,4,3,10,2,1,20,20,0,,
3040101870004,3040101870004,10,12,20,374,52,59,627,527,100,,
3040101870005,3040101870005,3,37,26,110,27,8,257,211,46,,
3040101870006,3040101870006,0,150,63,176,65,38,548,492,56,,
3040101870007,3040101870007,18,108,27,557,31,74,819,815,4,,
3040101870008,3040101870008,7,4,46,195,29,14,308,295,13,,
3040101870009,3040101870009,19,140,96,133,6,51,536,445,91,,
3040101870010,3040101870010,2,14,8,128,23,1,213,176,37,,
3040101880001,3040101880001,14,193,59,348,67,79,947,760,187,,
3040101880002,3040101880002,0,2,1,6,1,0,11,10,1,,
3040101880003,3040101880003,8,263,0,221,91,35,786,618,168,,
3040101880004,3040101880004,4,94,90,246,90,16,574,540,34,,
3040101880005,3040101880005,12,38,50,220,66,48,503,434,69,,
3040101880006,3040101880006,11,0,26,268,56,18,426,379,47,,
3040101880007,3040101880007,7,136,12,170,43,29,499,397,102,,
3040101880008,3040101880008,21,229,42,209,1,48,655,550,105,,
3040201888001,3040201888001,3,20,3,57,14,2,121,99,22,,
3040201888002,3040201888002,0,223,70,189,40,27,699,549,150,,
3040301890001,3040301890001,0,56,5,173,30,5,308,269,39,,
3040301890002,3040301890002,25,51,98,356,89,6,630,625,5,,
3040301890003,3040301890003,9,127,101,229,73,33,680,572,108,,
3040301890004,3040301890004,14,268,13,385,62,59,815,801,14,,
3040301890005,3040301890005,25,202,35,290,47,60,706,659,47,,
3050101895001,3050101895001,13,147,41,481,20,40,819,742,77,,
3050101895002,3050101895002,2,31,5,30,1,3,72,72,0,,
3050101897001,3050101897001,5,80,125,476,7,55,821,748,73,,
3050101897002,3050101897002,1,73,7,131,37,20,319,269,50,,
3050101897003,3050101897003,4,36,32,70,24,8,198,174,24,,
3050101897004,3050101897004,26,68,105,344,126,14,836,683,153,,
3050101897005,3050101897005,0,21,9,46,2,0,78,78,0,,
3050101897006,3050101897006,3,150,85,219,73,37,624,567,57,,
3050101897007,3050101897007,18,287,166,223,26,75,952,795,157,,
3050101897008,3050101897008,23,43,139,430,36,73,754,744,10,,
3050101897009,3050101897009,11,337,55,251,50,3,878,707,171,,
3050101897010,3050101897010,6,77,67,223,16,9,408,398,10,,
3050101897011,3050101897011,19,131,13,477,127,23,866,790,76,,
3050101908001,3050101908001,1,13,46,354,20,48,542,482,60,,
3050101908002,3050101908002,11,259,13,308,123,25,826,739,87,,
3050101908003,3050101908003,8,65,15,106,16,0,216,210,6,,
3050101908004,3050101908004,10,27,43,151,36,27,342,294,48,,
3050101908005,3050101908005,2,34,35,116,21,12,277,220,57,,
3050101908006,3050101908006,0,89,34,86,16,16,255,241,14,,
3050101908007,3050101908007,11,137,20,104,28,17,402,317,85,,
3050101908008,3050101908008,16,5,6,382,54,43,573,506,67,,
3050101908009,3050101908009,10,75,140,517,35,67,879,844,35,,
3050101908010,3050101908010,0,80,39,111,0,3,291,233,58,,
3050101908011,3050101908011,7,131,73,87,1,22,329,321,8,,
3050101908012,3050101908012,4,114,45,71,28,14,319,276,43,,
3060201920001,3060201920001,0,24,8,58,1,4,108,95,13,,
3060201920002,3060201920002,0,69,1,86,9,5,170,170,0,,
3060201920003,3060201920003,8,63,109,285,46,12,584,523,61,,
3060201920004,3060201920004,0,0,0,4,0,0,4,4,0,,
3060201920005,3060201920005,1,311,107,257,137,1,991,814,177,,
3060201920006,3060201920006,3,6,12,50,8,7,86,86,0,,
3060201920007,3060201920007,18,208,27,198,56,5,597,512,85,,
3060201920008,3060201920008,4,25,2,69,10,6,119,116,3,,
3060201920009,3060201920009,1,3,8,61,11,3,111,87,24,,
3060201920010,3060201920010,9,202,25,134,12,10,473,392,81,,
3060201920011,3060201920011,3,310,97,368,45,88,979,911,68,,
3060201920012,3060201920012,5,33,8,101,21,15,220,183,37,,
3060201920013,3060201920013,11,92,56,551,116,84,942,910,32,,
3070201933001,3070201933001,9,185,44,105,12,21,453,376,77,,
3070201933002,3070201933002,24,161,89,236,95,70,794,675,119,,
3070201933003,3070201933003,0,28,63,371,113,49,724,624,100,,
3070201936001,3070201936001,0,1,0,3,0,0,4,4,0,,
3070201936002,3070201936002,4,101,170,581,13,34,952,903,49,,
3070201936003,3070201936003,10,81,6,117,4,12,267,230,37,,
3070201936004,3070201936004,4,123,61,74,34,24,373,320,53,,
3070201936005,3070201936005,3,18,15,333,91,5,575,465,110,,
3070201941001,3070201941001,4,45,40,78,4,15,204,186,18,,
3070201941002,3070201941002,2,22,5,93,4,7,157,133,24,,
3070201941003,3070201941003,26,14,100,544,120,10,989,814,175,,
3070201941004,3070201941004,0,17,7,48,8,6,101,86,15,,
3070201941005,3070201941005,25,237,44,330,22,28,688,686,2,,
3070201941006,3070201941006,1,100,26,249,100,68,688,544,144,,
3070201941007,3070201941007,0,41,27,92,40,5,257,205,52,,
3070201941008,3070201941008,1,90,15,430,123,30,857,689,168,,
3070201941009,3070201941009,31,81,30,595,45,33,832,815,17,,
3070201941010,3070201941010,1,9,5,17,0,0,34,32,2,,
3070201941011,3070201941011,15,104,55,393,60,74,856,701,155,,
3070201941012,3070201941012,10,104,24,648,6,86,936,878,58,,
3070201941013,3070201941013,12,70,9,252,77,43,499,463,36,,
3070201941014,3070201941014,10,41,37,211,10,30,418,339,79,,
3070201941015,3070201941015,3,36,34,113,14,6,210,206,4,,
3070201956001,3070201956001,1,14,10,40,10,0,82,75,7,,
3070201956002,3070201956002,11,213,69,189,34,41,702,557,145,,
3070201956003,3070201956003,2,31,14,80,9,14,189,150,39,,
3070201956004,3070201956004,4,160,8,315,79,6,572,572,0,,
3070201956005,3070201956005,3,163,13,183,31,20,413,413,0,,
3070201956006,3070201956006,0,10,1,9,1,1,26,22,4,,
3070201956007,3070201956007,9,55,5,498,45,61,700,673,27,,
3070201956008,3070201956008,3,35,22,117,33,7,254,217,37,,
3070201956009,3070201956009,8,43,56,199,62,8,393,376,17,,
3070201956010,3070201956010,26,174,41,355,5,35,733,636,97,,
3070201956011,3070201956011,12,123,77,249,98,64,675,623,52,,
3070201956012,3070201956012,1,193,76,98,46,46,553,460,93,,
3070201956013,3070201956013,4,73,31,132,52,19,392,311,81,,
3070201956014,3070201956014,33,327,73,305,110,7,864,855,9,,
3070201956015,3070201956015,24,258,112,193,86,64,774,737,37,,
3070201956016,3070201956016,16,139,65,278,40,56,641,594,47,,
3070201956017,3070201956017,22,227,54,189,103,25,671,620,51,,
3070201956018,3070201956018,6,149,23,148,63,29,444,418,26,,
3070201956019,3070201956019,11,26,52,260,47,29,463,425,38,,
3080101975001,3080101975001,1,36,0,31,12,4,93,84,9,,
3080101975002,3080101975002,5,99,22,101,21,33,337,281,56,,
3080101975003,3080101975003,1,5,4,38,3,2,58,53,5,,
3080101975004,3080101975004,5,95,28,400,122,15,829,665,164,,
3080101975005,3080101975005,4,13,5,110,24,11,193,167,26,,
3080101975006,3080101975006,0,7,5,12,0,0,25,24,1,,
3080101975007,3080101975007,5,130,73,95,33,4,356,340,16,,
3080101975008,3080101975008,4,82,59,98,51,28,355,322,33,,
3080101975009,3080101975009,1,17,19,291,0,20,378,348,30,,
3080101984001,3080101984001,27,185,103,273,59,36,759,683,76,,
3080101984002,3080101984002,4,80,36,41,6,5,172,172,0,,
3080101984003,3080101984003,5,237,21,208,99,3,728,573,155,,
3080101984004,3080101984004,5,20,33,107,13,22,237,200,37,,
3080101984005,3080101984005,29,75,5,516,98,11,843,734,109,,
3080101984006,3080101984006,3,58,4,163,37,20,364,285,79,,
3080101984007,3080101984007,0,7,3,7,1,0,18,18,0,,
3080101991001,3080101991001,0,8,4,13,0,0,31,25,6,,
3080101991002,3080101991002,3,14,24,155,18,21,248,235,13,,
3080101991003,3080101991003,10,11,63,399,11,26,610,520,90,,
3080101991004,3080101991004,25,93,99,304,24,9,599,554,45,,
3080101991005,3080101991005,0,90,38,67,36,18,293,249,44,,
3080101991006,3080101991006,7,39,18,95,32,3,220,194,26,,
3080101991007,3080101991007,6,199,26,151,63,2,544,447,97,,
3080101991008,3080101991008,6,123,61,280,75,4,587,549,38,,
3080101991009,3080101991009,4,128,41,115,5,5,341,298,43,,
3080101991010,3080101991010,5,238,107,280,143,60,958,833,125,,
3080101991011,3080101991011,6,28,48,149,27,28,308,286,22,,
3080101991012,3080101991012,2,94,49,93,23,18,306,279,27,,
3080202003001,3080202003001,0,42,44,200,23,23,360,332,28,,
3080202003002,3080202003002,6,231,54,234,94,39,667,658,9,,
3080202003003,3080202003003,13,93,103,344,110,47,744,710,34,,
3080202003004,3080202003004,9,78,0,125,35,17,305,264,41,,
3080202003005,3080202003005,0,191,64,248,61,60,676,624,52,,
3080202003006,3080202003006,3,27,32,193,64,38,419,357,62,,
3080202003007,3080202003007,20,175,61,199,109,24,749,588,161,,
3080302010001,3080302010001,2,170,24,128,27,17,384,368,16,,
3080302010002,3080302010002,7,0,18,200,38,28,293,291,2,,
3080302010003,3080302010003,4,41,10,206,30,16,373,307,66,,
3080302010004,3080302010004,8,65,75,305,22,30,598,505,93,,
3080302010005,3080302010005,17,99,115,468,76,72,973,847,126,,
3080302010006,3080302010006,2,181,94,109,58,34,604,478,126,,
3080302010007,3080302010007,3,7,16,88,21,12,159,147,12,,
3080302010008,3080302010008,17,189,83,140,90,20,583,539,44,,
3080302010009,3080302010009,28,96,167,501,31,17,896,840,56,,
3080302010010,3080302010010,11,132,27,97,17,36,405,320,85,,
3080302010011,3080302010011,8,63,64,286,62,53,633,536,97,,
3080302010012,3080302010012,0,21,8,25,9,4,73,67,6,,
3080302010013,3080302010013,15,159,66,271,87,21,623,619,4,,
3080302010014,3080302010014,33,13,35,678,13,11,919,783,136,,
3080302010015,3080302010015,17,28,22,289,50,11,472,417,55,,
3080302010016,3080302010016,0,32,0,168,29,7,260,236,24,,
3080302010017,3080302010017,2,20,26,78,0,2,141,128,13,,
3080302010018,3080302010018,2,52,12,226,25,3,337,320,17,,
3080302010019,3080302010019,24,304,17,291,97,51,843,784,59,,
3080302010020,3080302010020,0,2,6,21,1,3,40,33,7,,
3090102030001,3090102030001,7,120,59,268,77,45,603,576,27,,
3090102030002,3090102030002,21,26,118,361,1,66,758,593,165,,
3090102030003,3090102030003,28,260,67,249,107,26,867,737,130,,
3090102030004,3090102030004,0,3,11,45,2,1,64,62,2,,
3090102030005,3090102030005,2,124,100,182,74,54,580,536,44,,
3090102030006,3090102030006,17,82,6,551,76,1,752,733,19,,
3090102030007,3090102030007,8,215,45,189,45,32,596,534,62,,
3090102030008,3090102030008,9,175,96,227,102,1,709,610,99,,
3090102030009,3090102030009,36,235,182,278,64,50,868,845,23,,
3090102030010,3090102030010,2,41,33,76,29,14,206,195,11,,
3090102030011,3090102030011,1,5,5,69,6,9,105,95,10,,
3090102030012,3090102030012,0,44,16,92,26,9,212,187,25,,
3090102030013,3090102030013,6,44,83,217,16,23,402,389,13,,
3090102030014,3090102030014,10,184,100,150,70,26,597,540,57,,
3090102030015,3090102030015,24,162,73,453,83,27,926,822,104,,
3090102030016,3090102030016,4,107,51,99,31,8,305,300,5,,
3090102030017,3090102030017,11,21,48,242,22,10,375,354,21,,
3090102030018,3090102030018,1,15,11,31,11,2,77,71,6,,
3090102030019,3090102030019,0,43,42,106,15,28,284,234,50,,
3090102049001,3090102049001,12,253,23,260,108,63,854,719,135,,
3090102049002,3090102049002,34,113,174,420,104,15,967,860,107,,
3090202051001,3090202051001,12,239,127,144,103,22,693,647,46,,
3090202051002,3090202051002,32,381,138,199,6,22,778,778,0,,
3090202051003,3090202051003,0,5,0,7,1,1,16,14,2,,
3090202051004,3090202051004,5,125,2,362,107,20,772,621,151,,
3090202051005,3090202051005,0,97,59,146,28,28,365,358,7,,
3090202051006,3090202051006,5,102,57,71,29,0,275,264,11,,
3090202051007,3090202051007,13,187,36,292,104,12,668,644,24,,
3090202051008,3090202051008,4,9,12,392,50,33,514,500,14,,
3090202051009,3090202051009,5,312,77,350,29,46,935,819,116,,
3090202051010,3090202051010,12,88,88,212,28,15,539,443,96,,
3090202051011,3090202051011,9,48,53,282,10,5,429,407,22,,
3090202051012,3090202051012,5,107,15,102,54,24,353,307,46,,
3090202051013,3090202051013,23,100,112,285,128,47,856,695,161,,
3090202051014,3090202051014,20,69,65,546,107,70,946,877,69,,
3090202051015,3090202051015,0,18,13,86,14,3,143,134,9,,
3090202051016,3090202051016,24,162,93,217,65,3,576,564,12,Falta de datos de apertura o cierre: Omisión de la hora exacta de inicio o finalización de la jornada electoral en el acta.,FALTA_DATOS_APERTURA_CIERRE
3090202051017,3090202051017,17,165,77,204,76,8,677,547,130,,
3090302068001,3090302068001,15,240,47,229,57,23,628,611,17,,
3090302068002,3090302068002,2,206,4,632,81,20,966,945,21,,
3090302068003,3090302068003,8,193,20,143,16,4,440,384,56,,
3090302068004,3090302068004,2,9,12,69,10,11,132,113,19,,
3090302072001,3090302072001,24,376,57,248,62,5,791,772,19,,
3090302072002,3090302072002,0,38,12,48,3,2,130,103,27,,
3090302072003,3090302072003,16,45,37,383,17,30,669,528,141,,
3100102075001,3100102075001,21,189,32,330,29,24,753,625,128,,
3100102076001,3100102076001,17,280,142,205,74,58,864,776,88,,
3100102076002,3100102076002,26,351,54,210,88,59,812,788,24,,
3100102076003,3100102076003,24,277,73,253,137,50,997,814,183,,
3100102076004,3100102076004,12,147,35,177,34,48,519,453,66,,
3100102076005,3100102076005,1,3,36,125,26,12,239,203,36,,
3100102076006,3100102076006,1,84,36,95,15,16,284,247,37,,
3100102076007,3100102076007,0,29,16,115,19,6,196,185,11,,
3100102076008,3100102076008,8,14,38,296,57,47,571,460,111,,
3100102076009,3100102076009,3,18,19,121,0,10,180,171,9,,
3100102076010,3100102076010,12,267,43,432,55,44,885,853,32,,
3100102076011,3100102076011,7,73,59,167,25,6,360,337,23,,
3100102076012,3100102076012,13,292,90,333,109,7,871,844,27,,
3100102076013,3100102076013,25,98,74,338,2,16,602,553,49,,
3100102076014,3100102076014,2,25,64,284,30,3,468,408,60,Falta de datos de apertura o cierre: Omisión de la hora exacta de inicio o finalización de la jornada electoral en el acta.,FALTA_DATOS_APERTURA_CIERRE
3100102076015,3100102076015,22,144,26,319,39,7,609,557,52,,
3100102076016,3100102076016,8,101,94,461,30,13,755,707,48,,
3100102076017,3100102076017,1,157,3,158,62,42,514,423,91,,
3100102076018,3100102076018,0,13,5,55,0,0,79,73,6,,
3100102076019,3100102076019,6,188,97,284,16,48,682,639,43,,
3100102076020,3100102076020,9,61,20,144,18,21,306,273,33,,
3100202096001,3100202096001,0,168,42,368,39,26,815,643,172,,
3100202096002,3100202096002,1,76,49,156,28,15,410,325,85,,
3100202096003,3100202096003,11,132,3,210,24,38,435,418,17,,
3100202096004,3100202096004,16,1,13,341,78,11,497,460,37,,
3100202096005,3100202096005,0,116,73,290,57,32,585,568,17,,
3100202096006,3100202096006,37,110,4,750,48,15,988,964,24,,
3100202096007,3100202096007,8,121,100,251,107,50,735,637,98,,
3100202096008,3100202096008,11,87,164,502,54,58,906,876,30,,
3100202104001,3100202104001,2,10,6,34,1,1,58,54,4,,
3100202104002,3100202104002,3,19,30,77,20,6,161,155,6,,
3100202104003,3100202104003,13,136,119,404,129,56,986,857,129,,
3100202104004,3100202104004,0,2,48,145,35,26,318,256,62,,
3100202104005,3100202104005,16,176,70,132,28,6,450,428,22,,
3100202104006,3100202104006,14,217,33,174,112,53,759,603,156,,
3100202104007,3100202104007,5,202,51,447,37,75,996,817,179,,
3100202104008,3100202104008,2,24,6,42,11,0,98,85,13,,
3100202104009,3100202104009,9,83,54,90,19,12,333,267,66,,
3100202104010,3100202104010,3,107,75,240,65,20,551,510,41,,
3100202104011,3100202104011,20,185,136,423,128,91,988,983,5,,
3100202104012,3100202104012,9,40,13,125,41,15,291,243,48,,
3100202116001,3100202116001,16,221,98,142,26,13,570,516,54,,
3100202116002,3100202116002,5,111,97,275,104,52,686,644,42,,
3100202116003,3100202116003,19,38,61,313,9,15,485,455,30,,
3100202116004,3100202116004,1,342,121,211,31,56,846,762,84,,
3100202116005,3100202116005,1,7,12,47,0,0,67,67,0,,
3100202116006,3100202116006,18,168,14,315,39,6,677,560,117,,
3100202116007,3100202116007,3,43,8,142,30,22,286,248,38,,
3100202116008,3100202116008,3,133,5,569,53,15,817,778,39,,
3100202116009,3100202116009,14,26,58,281,28,18,527,425,102,,
3100202116010,3100202116010,7,2,57,245,55,32,460,398,62,,
3100202116011,3100202116011,6,63,29,62,32,2,202,194,8,,
3100202116012,3100202116012,0,11,10,30,6,5,70,62,8,,
3100202116013,3100202116013,11,138,46,134,4,41,453,374,79,,
3100302129001,3100302129001,0,33,36,147,34,4,304,254,50,,
3100302129002,3100302129002,7,19,51,332,78,57,677,544,133,,
3100302129003,3100302129003,16,54,102,262,45,32,557,511,46,,
3100302129004,3100302129004,0,50,14,124,9,6,258,203,55,,
3100302129005,3100302129005,2,6,14,48,2,2,80,74,6,,
3100302129006,3100302129006,21,262,63,142,95,62,645,645,0,,
3100302129007,3100302129007,3,263,89,237,88,9,710,689,21,,
3100302129008,3100302129008,10,88,10,243,42,40,539,433,106,,
3100302129009,3100302129009,6,299,123,168,69,11,832,676,156,,
3100302129010,3100302129010,7,216,151,240,110,31,778,755,23,,
3100302139001,3100302139001,3,4,9,85,18,6,129,125,4,,
3100302139002,3100302139002,8,24,22,151,44,16,286,265,21,,
3100302139003,3100302139003,10,215,74,97,42,8,447,446,1,,
3100302139004,3100302139004,3,50,52,133,12,7,258,257,1,,
3100302139005,3100302139005,1,49,15,86,30,18,235,199,36,,
3100302139006,3100302139006,4,144,57,88,39,18,444,350,94,,
3100302139007,3100302139007,11,71,5,198,25,15,362,325,37,,
3100302139008,3100302139008,10,58,39,197,50,38,417,392,25,,
3100302139009,3100302139009,12,140,78,109,43,38,472,420,52,,
3100302139010,3100302139010,31,320,79,404,18,1,906,853,53,,
3100302139011,3100302139011,10,39,26,392,29,6,611,502,109,,
3100302139012,3100302139012,1,15,8,12,5,2,49,43,6,,
3100302139013,3100302139013,31,340,25,255,67,60,971,778,193,,
3100302139014,3100302139014,11,73,115,504,34,92,941,829,112,,
3100302139015,3100302139015,15,175,182,428,117,25,982,942,40,,
3100302139016,3100302139016,5,35,13,86,12,11,187,162,25,,
3100302139017,3100302139017,11,70,57,114,0,22,318,274,44,,
3100302139018,3100302139018,10,72,49,93,22,2,293,248,45,,
3100302139019,3100302139019,2,95,83,508,81,21,814,790,24,,
3100302139020,3100302139020,1,67,43,145,48,19,387,323,64,,
3110102159001,3110102159001,33,310,14,383,102,63,991,905,86,,
3110102159002,3110102159002,7,147,56,130,12,4,369,356,13,,
3110102159003,3110102159003,1,171,45,411,53,28,730,709,21,,
3110102159004,3110102159004,3,252,1,313,85,1,660,655,5,,
3110102159005,3110102159005,1,17,44,133,27,7,259,229,30,,
3110102159006,3110102159006,2,33,20,33,16,7,139,111,28,,
3110102159007,3110102159007,5,27,35,311,49,19,454,446,8,Uso de formularios no oficiales: Llenado de resultados en documentos o formatos no aprobados por el Tribunal Supremo Electoral.,USO_FORMULARIOS_NO_OFICIALES
3110102159008,3110102159008,9,106,0,365,70,5,676,555,121,,
3110102159009,3110102159009,22,193,124,190,25,39,623,593,30,,
3110102159010,3110102159010,20,119,125,421,64,60,821,809,12,,
3110102159011,3110102159011,8,242,152,263,8,57,869,730,139,,
3120202170001,3120202170001,2,92,21,70,10,21,255,216,39,,
3120202170002,3120202170002,29,91,18,567,64,20,891,789,102,,
3120202170003,3120202170003,2,3,3,41,6,3,58,58,0,,
3120202170004,3120202170004,5,130,49,224,31,47,500,486,14,,
3120202170005,3120202170005,27,80,87,436,72,37,759,739,20,,
3120202170006,3120202170006,0,0,3,10,1,0,14,14,0,,
3120202170007,3120202170007,3,29,35,186,37,29,386,319,67,,
3120202170008,3120202170008,7,50,38,66,39,16,260,216,44,,
3120202170009,3120202170009,10,103,41,142,26,20,355,342,13,,
3120202170010,3120202170010,7,62,18,76,3,0,166,166,0,,
3120202170011,3120202170011,4,38,18,54,19,9,143,142,1,,
3120202170012,3120202170012,0,164,10,186,53,3,430,416,14,,
3120202170013,3120202170013,9,7,31,398,12,37,496,494,2,,
3120202170014,3120202170014,16,17,45,282,46,23,431,429,2,,
3120202170015,3120202170015,2,328,120,374,90,44,973,958,15,,
3120202170016,3120202170016,22,88,90,272,17,46,571,535,36,,
3120202170017,3120202170017,0,9,4,9,0,1,24,23,1,,
3120202170018,3120202170018,0,3,2,24,1,1,37,31,6,,
3120202170019,3120202170019,5,249,83,274,66,9,694,686,8,,
3120202170020,3120202170020,3,14,47,537,86,16,881,703,178,,
3120202190001,3120202190001,31,11,112,484,17,37,742,692,50,,
3120202190002,3120202190002,11,85,38,478,18,46,795,676,119,,
3120202190003,3120202190003,4,90,42,144,52,14,378,346,32,,
3120202190004,3120202190004,10,97,46,241,16,16,472,426,46,,
3120202190005,3120202190005,20,215,60,194,96,1,619,586,33,,
3120202190006,3120202190006,16,265,172,369,10,54,933,886,47,,
3120202190007,3120202190007,3,30,2,51,10,8,107,104,3,,
3120202190008,3120202190008,0,2,0,8,1,0,13,11,2,,
3120202190009,3120202190009,1,13,5,18,0,2,46,39,7,,
3120202199001,3120202199001,7,103,50,60,34,8,266,262,4,,
3120202199002,3120202199002,6,126,52,59,25,9,313,277,36,,
3120202199003,3120202199003,14,22,104,539,31,33,783,743,40,,
3120202199004,3120202199004,8,84,46,50,4,0,194,192,2,,
3120202199005,3120202199005,1,23,3,95,11,0,149,133,16,,
3120202199006,3120202199006,18,51,117,303,63,49,746,601,145,,
3120202199007,3120202199007,5,123,56,88,35,28,339,335,4,,
3120202199008,3120202199008,12,266,56,236,140,75,943,785,158,,
3120202199009,3120202199009,3,148,43,104,34,35,416,367,49,,
3120202199010,3120202199010,12,94,36,260,28,18,474,448,26,,
3120302209001,3120302209001,9,24,31,291,19,8,384,382,2,,
3120302209002,3120302209002,22,195,78,229,135,77,877,736,141,,
3120302209003,3120302209003,3,21,13,116,1,10,189,164,25,,
3120302209004,3120302209004,14,71,65,276,92,58,708,576,132,,
3120302209005,3120302209005,10,204,110,178,55,37,686,594,92,,
3120302214001,3120302214001,15,123,24,200,35,36,522,433,89,,
3120302214002,3120302214002,5,25,36,576,42,57,907,741,166,,
3120302214003,3120302214003,3,15,37,168,29,29,320,281,39,,
3120302214004,3120302214004,2,102,21,67,49,20,313,261,52,,
3120302214005,3120302214005,9,99,22,89,21,29,304,269,35,,
3120302214006,3120302214006,0,11,14,288,8,11,358,332,26,,
3120302214007,3120302214007,0,5,19,80,26,15,172,145,27,,
3120302214008,3120302214008,1,30,9,75,5,7,145,127,18,,
3120302214009,3120302214009,3,33,17,34,11,8,119,106,13,,
3120402223001,3120402223001,8,20,50,332,27,48,522,485,37,,
3120402223002,3120402223002,22,207,64,172,84,53,603,602,1,,
3120402223003,3120402223003,2,101,57,181,77,29,554,447,107,,
3120402223004,3120402223004,13,10,96,429,31,54,656,633,23,,
3120402223005,3120402223005,15,65,37,306,36,3,574,462,112,,
3120402223006,3120402223006,6,87,105,365,75,14,732,652,80,,
3120402223007,3120402223007,17,211,126,313,127,47,929,841,88,,
3120402223008,3120402223008,6,12,18,247,3,32,374,318,56,,
3120402223009,3120402223009,7,70,35,60,14,6,197,192,5,,
3120402223010,3120402223010,8,40,80,325,87,48,592,588,4,,
3120402223011,3120402223011,1,8,1,33,7,2,64,52,12,,
3120402223012,3120402223012,8,33,86,387,111,56,710,681,29,,
3120402223013,3120402223013,3,169,49,275,79,41,725,616,109,,
3120402223014,3120402223014,22,2,107,501,20,68,820,720,100,,
3120402223015,3120402223015,2,56,55,151,28,31,353,323,30,,
3120402223016,3120402223016,0,0,0,9,0,0,11,9,2,,
3120402223017,3120402223017,3,70,19,91,32,30,304,245,59,,
3120402223018,3120402223018,0,3,0,11,1,1,20,16,4,,
3120502241001,3120502241001,15,146,82,396,41,51,820,731,89,,
3120502241002,3120502241002,23,236,88,327,90,62,928,826,102,,
3120502241003,3120502241003,23,227,77,164,94,35,788,620,168,,
3120502241004,3120502241004,13,79,10,323,101,63,714,589,125,,
3120502241005,3120502241005,1,44,73,177,30,3,350,328,22,,
3120602246001,3120602246001,9,205,68,92,4,10,417,388,29,,
3120602246002,3120602246002,15,129,66,136,57,27,485,430,55,,
3120602246003,3120602246003,27,299,67,255,73,47,858,768,90,,
3120602246004,3120602246004,3,297,126,396,69,17,985,908,77,,
3120602246005,3120602246005,0,10,5,15,4,0,39,34,5,,
3120602246006,3120602246006,27,172,45,389,143,27,948,803,145,,
3120602246007,3120602246007,4,18,31,83,27,20,207,183,24,,
3120602246008,3120602246008,26,12,133,367,6,27,720,571,149,,
3120602246009,3120602246009,13,128,128,327,29,8,730,633,97,,
3120602246010,3120602246010,0,3,3,15,0,1,25,22,3,,
3120602246011,3120602246011,4,187,17,136,3,18,372,365,7,,
3120602246012,3120602246012,18,279,9,239,123,72,794,740,54,,
3120602246013,3120602246013,6,152,63,82,58,17,416,378,38,,
3120602246014,3120602246014,12,63,82,244,57,13,497,471,26,,
3120602246015,3120602246015,4,56,19,101,4,20,259,204,55,,
3120602246016,3120602246016,10,148,72,274,106,55,745,665,80,,
3120602246017,3120602246017,1,7,1,25,0,1,36,35,1,,
3130102263001,3130102263001,4,20,11,57,2,6,104,100,4,,
3130102263002,3130102263002,1,1,1,22,3,1,32,29,3,,
3130102263003,3130102263003,6,99,50,632,106,69,989,962,27,,
3130102263004,3130102263004,12,205,33,133,35,15,472,433,39,,
3130102263005,3130102263005,6,98,24,83,22,17,258,250,8,,
3130102263006,3130102263006,11,45,12,606,62,47,906,783,123,,
3130102263007,3130102263007,1,116,64,310,124,22,793,637,156,,
3130102263008,3130102263008,2,32,48,138,33,13,332,266,66,,
3130102263009,3130102263009,1,48,2,290,24,44,502,409,93,,
3130102263010,3130102263010,17,123,75,321,128,37,880,701,179,,
3130102263011,3130102263011,7,0,18,276,45,18,370,364,6,,
3130102263012,3130102263012,8,38,12,185,16,16,282,275,7,,
3130102263013,3130102263013,3,6,2,121,9,18,192,159,33,,
3130302276001,3130302276001,20,195,30,281,8,37,619,571,48,,
3140102277001,3140102277001,6,77,4,73,25,5,226,190,36,,
3140102277002,3140102277002,23,366,12,301,35,28,907,765,142,,
3140102277003,3140102277003,17,20,111,373,65,32,642,618,24,,
3140102277004,3140102277004,8,105,52,71,47,16,318,299,19,,
3140102277005,3140102277005,10,264,143,279,106,42,878,844,34,,
3140102277006,3140102277006,0,6,83,674,94,54,937,911,26,,
3140102277007,3140102277007,4,33,31,90,25,0,217,183,34,,
3140102277008,3140102277008,17,171,35,186,8,33,492,450,42,,
3140102277009,3140102277009,6,7,19,150,31,13,250,226,24,,
3140102277010,3140102277010,1,50,47,126,51,3,338,278,60,,
3140102277011,3140102277011,28,146,23,519,57,36,976,809,167,,
3140102277012,3140102277012,1,35,9,28,5,3,101,81,20,,
3140102277013,3140102277013,15,161,17,216,24,50,607,483,124,,
3140102277014,3140102277014,6,6,73,225,29,11,441,350,91,,
3140102277015,3140102277015,11,255,91,274,89,49,824,769,55,,
3140102277016,3140102277016,32,289,198,291,1,0,898,811,87,,
3140102277017,3140102277017,10,195,117,160,68,3,563,553,10,,
3140102277018,3140102277018,1,28,9,26,7,1,79,72,7,,
3140102277019,3140102277019,7,43,10,382,24,11,578,477,101,,
3140102277020,3140102277020,3,15,9,75,7,4,140,113,27,,
3140202297001,3140202297001,6,165,121,268,14,67,715,641,74,,
3140202297002,3140202297002,2,10,16,212,49,30,407,319,88,,
3140202297003,3140202297003,27,185,34,407,85,11,854,749,105,,
3140202297004,3140202297004,19,175,118,398,16,24,750,750,0,,
3140202297005,3140202297005,4,164,122,254,37,32,758,613,145,,
3140202297006,3140202297006,14,332,124,328,110,55,976,963,13,,
3140202297007,3140202297007,19,329,4,387,111,3,926,853,73,,
3140202297008,3140202297008,14,132,95,411,1,4,708,657,51,,
3140202297009,3140202297009,3,160,69,80,14,14,400,340,60,,
3140202297010,3140202297010,5,48,6,72,9,11,185,151,34,,
3140202297011,3140202297011,5,137,10,236,91,39,598,518,80,,
3140202297012,3140202297012,20,336,147,160,125,77,959,865,94,,
3140202297013,3140202297013,0,8,4,9,2,2,31,25,6,,
3140202297014,3140202297014,7,22,9,208,46,28,365,320,45,,
3140202297015,3140202297015,10,153,3,194,74,8,503,442,61,,
3140202297016,3140202297016,28,356,37,269,44,16,790,750,40,,
3140202313001,3140202313001,3,95,72,164,16,25,390,375,15,,
3140202313002,3140202313002,9,146,15,152,19,21,391,362,29,,
3140202313003,3140202313003,14,86,82,170,37,40,470,429,41,,
3140202313004,3140202313004,0,8,8,18,0,1,38,35,3,,
3140202313005,3140202313005,7,87,12,72,6,1,186,185,1,,
3140202313006,3140202313006,10,107,77,247,15,18,504,474,30,,
3140202313007,3140202313007,0,2,17,62,7,8,98,96,2,,
3140202320001,3140202320001,0,52,64,268,51,15,530,450,80,,
3140202320002,3140202320002,41,54,96,692,68,7,965,958,7,,
3140202320003,3140202320003,29,22,107,426,31,51,692,666,26,,
3140202320004,3140202320004,5,8,18,674,97,88,918,890,28,,
3140202320005,3140202320005,6,152,72,258,38,35,694,561,133,,
3140202320006,3140202320006,22,150,99,307,30,24,741,632,109,,
3140202320007,3140202320007,3,164,22,155,36,49,496,429,67,,
3140202320008,3140202320008,2,68,28,30,15,1,145,144,1,,
3140202320009,3140202320009,8,98,5,134,10,7,304,262,42,,
3140202320010,3140202320010,14,394,160,194,61,52,996,875,121,,
3140202320011,3140202320011,25,56,101,336,46,57,734,621,113,,
3140202320012,3140202320012,25,122,23,569,124,79,942,942,0,,
3140202320013,3140202320013,8,121,44,51,48,15,350,287,63,,
3140202333001,3140202333001,1,23,5,65,14,14,151,122,29,,
3140202333002,3140202333002,1,2,7,56,12,4,83,82,1,,
3140202333003,3140202333003,22,157,81,280,14,21,715,575,140,,
3140202333004,3140202333004,1,46,40,113,38,0,290,238,52,,
3140202333005,3140202333005,6,133,37,96,24,8,331,304,27,,
3140202333006,3140202333006,9,280,100,143,53,64,705,649,56,,
3140202333007,3140202333007,4,59,13,108,40,8,253,232,21,,
3140202333008,3140202333008,1,4,5,64,2,4,94,80,14,,
3140202333009,3140202333009,2,36,10,20,5,9,100,82,18,,
3140202333010,3140202333010,6,10,43,162,8,0,233,229,4,,
3140202333011,3140202333011,1,2,1,26,5,2,43,37,6,,
3140202333012,3140202333012,7,31,7,190,34,29,350,298,52,,
3140202333013,3140202333013,21,66,79,408,117,63,831,754,77,,
3140202333014,3140202333014,2,88,37,269,2,45,506,443,63,,
3140202333015,3140202333015,0,85,56,229,6,10,416,386,30,,
3140202333016,3140202333016,8,241,34,311,56,8,713,658,55,,
3140202333017,3140202333017,19,257,90,176,128,68,847,738,109,,
3140202333018,3140202333018,5,97,62,90,52,27,359,333,26,,
3140302351001,3140302351001,4,136,10,356,34,38,640,578,62,,
3140302351002,3140302351002,0,37,21,467,78,28,672,631,41,,
3140302351003,3140302351003,30,371,84,259,25,20,856,789,67,,
3140302351004,3140302351004,12,163,20,142,59,22,426,418,8,,
3140302351005,3140302351005,25,3,0,627,5,48,846,708,138,,
3140302351006,3140302351006,2,24,11,25,12,7,102,81,21,,
3140302351007,3140302351007,1,18,0,34,4,3,67,60,7,,
3140302351008,3140302351008,0,9,4,22,4,0,39,39,0,,
3140302351009,3140302351009,13,278,98,174,45,31,700,639,61,,
3140302351010,3140302351010,12,94,57,139,4,34,350,340,10,,
3140302351011,3140302351011,11,228,102,303,89,52,852,785,67,,
3140302351012,3140302351012,5,161,17,168,64,1,519,416,103,,
3140402363001,3140402363001,27,40,139,442,129,13,928,790,138,,
3140402363002,3140402363002,10,20,61,190,72,9,460,362,98,,
3140402363003,3140402363003,1,41,1,65,23,0,152,131,21,,
3140402363004,3140402363004,27,80,122,593,53,2,897,877,20,,
3140402363005,3140402363005,5,187,87,120,1,8,471,408,63,,
3140402363006,3140402363006,13,228,80,257,113,34,754,725,29,,
3140402363007,3140402363007,3,22,16,282,8,27,379,358,21,,
3140402363008,3140402363008,0,17,5,14,4,0,46,40,6,,
3140402363009,3140402363009,2,67,30,104,19,23,248,245,3,,
3140402363010,3140402363010,12,52,18,248,42,3,404,375,29,,
3140402363011,3140402363011,0,46,9,65,20,0,173,140,33,,
3140402363012,3140402363012,4,125,50,238,92,43,679,552,127,,
3140402363013,3140402363013,13,138,70,119,65,1,436,406,30,Papeletas no autorizadas: Cómputo de votos realizados en papeletas que no cuentan con las medidas de seguridad o el diseño oficial del OEP.,PAPELETAS_NO_AUTORIZADAS
3140402363014,3140402363014,21,198,69,366,101,50,878,805,73,,
3140402363015,3140402363015,13,245,64,469,56,96,994,943,51,,
3140402363016,3140402363016,3,2,1,93,9,7,135,115,20,,
3140402363017,3140402363017,1,5,3,32,2,2,51,45,6,,
3140502380001,3140502380001,15,79,20,257,80,54,555,505,50,,
3140502380002,3140502380002,0,139,30,569,19,64,872,821,51,,
3140502380003,3140502380003,39,228,84,482,78,35,971,946,25,,
3140502380004,3140502380004,8,111,31,91,4,26,310,271,39,,
3140502380005,3140502380005,1,11,19,56,19,8,128,114,14,,
3140502380006,3140502380006,8,79,34,55,36,15,244,227,17,,
3140502380007,3140502380007,3,16,27,192,12,1,312,251,61,,
3140502380008,3140502380008,12,136,51,144,0,33,463,376,87,,
3140502380009,3140502380009,7,20,0,127,24,17,234,195,39,,
3140502380010,3140502380010,0,1,1,11,2,1,17,16,1,,
3140502380011,3140502380011,2,64,21,184,24,17,339,312,27,,
3140502380012,3140502380012,20,20,97,316,82,3,606,538,68,,
3140502380013,3140502380013,3,25,11,39,4,9,98,91,7,,
3140502380014,3140502380014,12,25,66,321,52,26,559,502,57,,
3140502380015,3140502380015,0,7,1,9,2,1,20,20,0,,
3140502380016,3140502380016,12,83,29,186,55,3,404,368,36,,
3140502396001,3140502396001,12,114,41,456,5,62,776,690,86,,
3140502396002,3140502396002,23,20,84,378,49,24,706,578,128,,
3140502396003,3140502396003,23,263,94,363,109,34,938,886,52,,
3140502396004,3140502396004,0,0,0,19,0,1,21,20,1,,
3140502396005,3140502396005,4,125,96,325,111,72,855,733,122,,
3140502396006,3140502396006,22,200,74,176,63,23,664,558,106,,
3140502396007,3140502396007,1,10,44,213,15,12,346,295,51,,
3140502396008,3140502396008,0,24,1,53,1,2,86,81,5,,
3150102404001,3150102404001,9,211,43,206,101,14,698,584,114,,
3160102405001,3160102405001,2,58,47,111,52,2,339,272,67,,
3160102405002,3160102405002,10,47,98,522,0,21,720,698,22,,
3160102405003,3160102405003,7,151,7,116,54,15,372,350,22,,
3160102405004,3160102405004,0,84,16,244,2,16,383,362,21,,
3160102405005,3160102405005,8,49,3,124,18,21,248,223,25,,
3160102405006,3160102405006,3,97,44,145,20,0,310,309,1,,
3160102405007,3160102405007,11,190,60,177,2,2,455,442,13,,
3160102405008,3160102405008,0,0,2,17,1,0,22,20,2,,
3160102405009,3160102405009,3,77,89,193,9,24,404,395,9,,
3160102405010,3160102405010,20,135,5,257,46,12,485,475,10,,
3160102405011,3160102405011,8,239,123,174,109,57,890,710,180,,
3160102405012,3160102405012,3,88,74,186,63,45,553,459,94,,
3160102417001,3160102417001,12,112,48,320,87,42,634,621,13,,
3160102417002,3160102417002,7,128,79,186,82,38,529,520,9,,
3160102417003,3160102417003,12,88,58,226,19,47,501,450,51,,
3160102417004,3160102417004,3,259,104,166,58,69,767,659,108,,
3160102417005,3160102417005,17,185,78,82,7,11,382,380,2,,
3160102417006,3160102417006,4,11,62,278,36,22,487,413,74,,
3160102417007,3160102417007,6,125,84,167,84,35,577,501,76,,
3160102417008,3160102417008,7,127,7,142,36,42,427,361,66,,
3160102417009,3160102417009,8,284,112,205,118,63,820,790,30,,
3160102417010,3160102417010,0,29,13,33,13,1,93,89,4,,
3160102417011,3160102417011,0,0,1,12,0,0,13,13,0,,
3160102417012,3160102417012,0,12,7,26,7,5,59,57,2,,
3160102417013,3160102417013,6,49,49,168,1,6,299,279,20,,
3160102417014,3160102417014,23,140,110,292,75,7,827,647,180,,
3160102417015,3160102417015,23,123,93,372,89,8,738,708,30,,
3160102417016,3160102417016,2,23,8,17,9,5,77,64,13,,
3160202433001,3160202433001,24,182,99,270,9,55,736,639,97,,
3160202433002,3160202433002,30,28,74,547,5,57,913,741,172,,
3160202433003,3160202433003,6,116,69,170,17,2,447,380,67,,
3160202433004,3160202433004,11,11,53,485,30,37,760,627,133,,
3160202433005,3160202433005,13,45,69,151,25,6,313,309,4,,
3160202433006,3160202433006,8,142,34,159,36,17,408,396,12,,
3160202433007,3160202433007,14,121,24,256,54,9,548,478,70,,
3160202433008,3160202433008,6,171,52,401,23,13,667,666,1,,
3160202433009,3160202433009,5,49,57,358,64,29,627,562,65,,
3160202433010,3160202433010,5,31,90,506,58,90,921,780,141,,
3160202443001,3160202443001,0,56,47,95,25,5,284,228,56,,
3160202443002,3160202443002,8,235,18,335,1,54,794,651,143,,
3160202443003,3160202443003,0,5,23,142,5,0,216,175,41,,
3160202443004,3160202443004,0,2,3,11,2,0,18,18,0,,
3160202443005,3160202443005,0,12,7,44,9,6,86,78,8,,
3160202443006,3160202443006,30,15,87,734,12,36,949,914,35,,
3160202443007,3160202443007,0,8,0,21,0,0,31,29,2,,
3160202443008,3160202443008,3,15,51,401,47,46,717,563,154,,
3160202443009,3160202443009,3,116,14,155,8,13,323,309,14,,
3160202443010,3160202443010,10,102,37,80,33,14,285,276,9,,
3160202443011,3160202443011,4,223,59,235,88,77,850,686,164,,
4010102454001,4010102454001,51,104,44,288,4,4,585,495,90,,
4010102454002,4010102454002,11,15,16,76,1,1,145,120,25,,
4010102454003,4010102454003,4,11,11,33,10,2,83,71,12,,
4010102454004,4010102454004,70,130,188,137,2,5,549,532,17,,
4010102454005,4010102454005,62,75,151,148,99,25,708,560,148,,
4010102454006,4010102454006,22,119,236,419,35,67,945,898,47,,
4010102454007,4010102454007,29,46,54,393,61,27,618,610,8,,
4010102454008,4010102454008,36,116,93,448,18,14,726,725,1,,
4010102454009,4010102454009,51,93,193,311,50,73,951,771,180,,
4010102454010,4010102454010,68,3,145,242,47,41,556,546,10,,
4010102454011,4010102454011,33,115,91,414,135,4,947,792,155,,
4010102454012,4010102454012,7,49,5,175,43,0,318,279,39,,
4010102454013,4010102454013,19,123,23,474,91,45,851,775,76,,
4010102454014,4010102454014,4,70,135,189,85,2,539,485,54,,
4010102454015,4010102454015,4,11,6,108,2,8,162,139,23,,
4010102454016,4010102454016,4,3,2,26,0,0,39,35,4,,
4010102470001,4010102470001,11,66,5,430,47,42,724,601,123,,
4010102470002,4010102470002,74,7,200,298,42,44,734,665,69,,
4010102470003,4010102470003,4,25,21,318,59,9,552,436,116,,
4010102470004,4010102470004,13,17,36,36,5,0,108,107,1,,
4010102470005,4010102470005,10,57,1,549,31,34,782,682,100,Papeletas no autorizadas: Cómputo de votos realizados en papeletas que no cuentan con las medidas de seguridad o el diseño oficial del OEP.,PAPELETAS_NO_AUTORIZADAS
4010102470006,4010102470006,4,10,46,428,10,4,564,502,62,,
4010102470007,4010102470007,51,66,109,197,12,10,507,445,62,,
4010102470008,4010102470008,40,27,172,159,40,53,548,491,57,,
4010102470009,4010102470009,21,89,156,288,123,47,889,724,165,,
4010102470010,4010102470010,7,34,290,327,82,76,907,816,91,,
4010102470011,4010102470011,64,30,307,321,19,86,975,827,148,,
4010102470012,4010102470012,70,111,0,367,90,24,846,662,184,,
4010102470013,4010102470013,21,88,112,284,114,13,749,632,117,,
4010102470014,4010102470014,34,104,69,237,95,55,732,594,138,,
4010102470015,4010102470015,0,2,2,6,0,0,10,10,0,,
4010102470016,4010102470016,1,33,33,559,67,11,810,704,106,,
4010102470017,4010102470017,106,96,310,251,29,39,996,831,165,,
4010202487001,4010202487001,19,30,76,198,27,0,369,350,19,,
4010202487002,4010202487002,13,34,14,96,9,2,177,168,9,,
4010202487003,4010202487003,44,66,21,230,75,60,604,496,108,,
4010202487004,4010202487004,63,51,160,277,25,33,645,609,36,,
4010202487005,4010202487005,25,6,12,159,29,27,306,258,48,,
4010202487006,4010202487006,0,1,2,12,1,1,17,17,0,,
4010202487007,4010202487007,1,14,114,155,27,15,348,326,22,,
4010202487008,4010202487008,57,32,24,464,18,15,639,610,29,,
4010202487009,4010202487009,2,29,22,169,51,19,346,292,54,,
4010202487010,4010202487010,65,58,128,325,11,4,684,591,93,,
4010202487011,4010202487011,20,3,42,109,11,0,188,185,3,,
4010202487012,4010202487012,24,71,186,293,78,22,780,674,106,,
4010202487013,4010202487013,2,5,5,14,3,1,32,30,2,,
4010202487014,4010202487014,25,61,134,225,35,54,634,534,100,,
4010202487015,4010202487015,8,60,61,139,8,16,295,292,3,,
4010202487016,4010202487016,53,28,239,345,129,25,832,819,13,,
4010202487017,4010202487017,42,85,124,111,55,25,562,442,120,,
4010302504001,4010302504001,1,3,7,7,2,0,20,20,0,,
4010302504002,4010302504002,79,114,260,231,57,37,890,778,112,,
4010302504003,4010302504003,5,16,43,39,1,9,122,113,9,,
4010302504004,4010302504004,3,0,6,14,0,1,26,24,2,,
4010302504005,4010302504005,29,61,17,185,19,4,331,315,16,,
4010302504006,4010302504006,4,15,11,49,18,12,125,109,16,,
4010302504007,4010302504007,30,11,77,196,19,10,392,343,49,,
4010302504008,4010302504008,0,10,6,32,1,0,57,49,8,,
4010302504009,4010302504009,7,0,23,35,5,2,76,72,4,,
4010302504010,4010302504010,23,40,15,115,39,11,277,243,34,,
4010302504011,4010302504011,5,3,12,34,9,5,77,68,9,,
4010302504012,4010302504012,25,40,9,168,23,32,337,297,40,,
4010302516001,4010302516001,55,35,203,325,58,69,937,745,192,,
4010302516002,4010302516002,3,6,4,78,2,7,106,100,6,,
4010302516003,4010302516003,20,33,20,462,27,14,609,576,33,,
4010302516004,4010302516004,40,89,131,338,72,29,803,699,104,,
4010302516005,4010302516005,1,0,1,16,2,0,22,20,2,,
4010302516006,4010302516006,107,99,260,326,80,42,929,914,15,,
4010302516007,4010302516007,5,16,3,101,0,17,177,142,35,,
4010302516008,4010302516008,49,42,183,171,33,29,580,507,73,,
4010302516009,4010302516009,70,14,6,417,67,5,649,579,70,,
4020102525001,4020102525001,5,9,18,10,3,4,51,49,2,,
4020102525002,4020102525002,6,4,1,44,6,2,71,63,8,,
4020102525003,4020102525003,97,95,143,461,5,19,823,820,3,,
4020102528001,4020102528001,7,79,141,108,50,18,474,403,71,,
4020102528002,4020102528002,51,12,89,269,93,24,589,538,51,,
4020102528003,4020102528003,54,103,116,301,20,68,810,662,148,,
4020102528004,4020102528004,12,15,3,90,24,10,165,154,11,,
4020102528005,4020102528005,56,65,217,353,36,19,747,746,1,,
4020102528006,4020102528006,2,76,59,207,20,18,404,382,22,,
4020102528007,4020102528007,73,39,231,264,35,46,716,688,28,,
4020102528008,4020102528008,9,2,32,33,6,6,102,88,14,,
4020102528009,4020102528009,0,1,2,3,0,0,6,6,0,,
4020102528010,4020102528010,27,20,5,131,36,11,247,230,17,,
4020102528011,4020102528011,12,44,93,169,21,18,382,357,25,,
4020102528012,4020102528012,7,92,217,331,85,62,878,794,84,,
4020102528013,4020102528013,5,5,4,34,3,5,60,56,4,,
4020102528014,4020102528014,33,88,28,294,95,50,648,588,60,,
4020102528015,4020102528015,0,0,1,4,0,0,5,5,0,,
4020102528016,4020102528016,4,45,174,277,38,2,564,540,24,,
4020102528017,4020102528017,54,81,44,242,22,11,472,454,18,,
4020202545001,4020202545001,3,8,10,38,7,5,75,71,4,,
4020202545002,4020202545002,12,13,38,29,19,10,128,121,7,,
4020202545003,4020202545003,0,6,0,22,5,3,45,36,9,,
4020202545004,4020202545004,10,31,23,80,7,3,188,154,34,,
4020202545005,4020202545005,37,162,277,298,68,2,921,844,77,,
4020202545006,4020202545006,53,122,168,161,124,77,820,705,115,,
4030102551001,4030102551001,11,91,104,344,3,31,604,584,20,,
4030102551002,4030102551002,77,72,209,201,97,29,741,685,56,,
4030102551003,4030102551003,39,44,57,225,69,25,582,459,123,,
4030102551004,4030102551004,14,28,1,95,0,12,150,150,0,,
4030102551005,4030102551005,50,104,68,249,79,1,560,551,9,,
4030102551006,4030102551006,15,126,295,248,14,16,728,714,14,,
4030102551007,4030102551007,41,32,137,197,66,23,556,496,60,,
4030102558001,4030102558001,67,129,179,194,92,60,901,721,180,,
4030102558002,4030102558002,73,85,42,348,122,64,910,734,176,,
4030102558003,4030102558003,6,4,34,48,3,1,96,96,0,,
4030102558004,4030102558004,42,62,212,236,82,0,808,634,174,,
4030102558005,4030102558005,39,60,147,144,56,37,518,483,35,,
4030102558006,4030102558006,0,12,192,353,8,58,628,623,5,,
4030102558007,4030102558007,35,47,13,282,62,6,456,445,11,,
4030102558008,4030102558008,118,156,50,467,41,24,861,856,5,,
4030102558009,4030102558009,50,130,12,406,126,21,826,745,81,,
4030102558010,4030102558010,46,100,53,252,51,17,640,519,121,,
4030102558011,4030102558011,2,2,9,9,0,1,28,23,5,,
4030102558012,4030102558012,73,130,232,186,47,62,733,730,3,,
4030102558013,4030102558013,10,72,69,202,70,40,571,463,108,,
4030102558014,4030102558014,36,27,9,222,51,1,383,346,37,,
4030102558015,4030102558015,11,48,53,291,74,44,563,521,42,,
4030102558016,4030102558016,9,5,27,61,20,15,163,137,26,,
4030102558017,4030102558017,19,43,32,202,7,4,336,307,29,,
4030102558018,4030102558018,10,10,11,48,10,2,107,91,16,,
4030102558019,4030102558019,0,75,118,331,66,59,655,649,6,,
4030102577001,4030102577001,43,63,69,128,62,21,414,386,28,,
4030102577002,4030102577002,9,89,108,394,82,60,930,742,188,,
4030102577003,4030102577003,49,135,232,250,94,27,813,787,26,,
4030102577004,4030102577004,31,5,54,157,14,19,324,280,44,,
4030102577005,4030102577005,2,18,55,60,22,10,180,167,13,,
4030102577006,4030102577006,0,35,59,51,20,12,218,177,41,,
4030202583001,4030202583001,10,27,28,279,12,3,365,359,6,,
4030202583002,4030202583002,36,70,2,210,7,26,402,351,51,,
4030202583003,4030202583003,0,22,12,112,35,15,235,196,39,,
4030202583004,4030202583004,19,10,31,125,41,14,283,240,43,,
4030202583005,4030202583005,49,122,224,477,4,35,962,911,51,,
4030202583006,4030202583006,39,171,225,410,12,26,993,883,110,,
4030202583007,4030202583007,36,18,91,319,37,26,661,527,134,,
4030202583008,4030202583008,2,7,37,210,45,38,433,339,94,,
4030202583009,4030202583009,18,58,100,69,50,1,358,296,62,,
4030202583010,4030202583010,85,53,156,616,57,10,982,977,5,,
4030202583011,4030202583011,41,42,126,125,59,6,492,399,93,,
4030202583012,4030202583012,0,1,1,19,4,1,32,26,6,,
4030202583013,4030202583013,42,36,1,293,79,60,636,511,125,,
4030202583014,4030202583014,13,100,2,489,69,0,843,673,170,,
4030202583015,4030202583015,1,1,7,15,1,2,28,27,1,,
4030202583016,4030202583016,85,10,154,363,15,51,817,678,139,,
4030202583017,4030202583017,17,0,68,91,30,4,250,210,40,,
4030202583018,4030202583018,1,2,10,21,5,0,44,39,5,,
4040102601001,4040102601001,29,46,112,205,35,7,533,434,99,,
4040102601002,4040102601002,61,52,138,276,13,17,563,557,6,,
4040102601003,4040102601003,31,19,97,382,17,22,601,568,33,,
4040102601004,4040102601004,20,56,54,303,84,28,583,545,38,,
4040102601005,4040102601005,2,9,13,44,10,3,82,81,1,,
4040102601006,4040102601006,5,18,46,133,42,0,309,244,65,,
4040102601007,4040102601007,30,8,27,143,23,13,279,244,35,,
4040102601008,4040102601008,50,42,103,401,49,31,765,676,89,,
4040102601009,4040102601009,14,141,257,374,131,15,973,932,41,,
4040102601010,4040102601010,57,30,46,323,122,27,765,605,160,,
4040102601011,4040102601011,23,59,35,448,3,39,624,607,17,,
4040102601012,4040102601012,93,146,307,209,95,41,926,891,35,,
4040102601013,4040102601013,16,26,72,57,5,21,234,197,37,,
4040102601014,4040102601014,1,1,2,8,1,0,16,13,3,,
4040102601015,4040102601015,36,8,98,123,50,25,396,340,56,,
4040102601016,4040102601016,25,27,69,58,14,18,218,211,7,,
4040102601017,4040102601017,14,20,66,89,32,0,226,221,5,,
4040102601018,4040102601018,18,33,22,153,2,16,266,244,22,,
4040102619001,4040102619001,85,27,92,411,131,75,825,821,4,,
4040102619002,4040102619002,27,9,99,261,14,35,456,445,11,,
4040102619003,4040102619003,9,15,49,71,0,9,182,153,29,,
4040102619004,4040102619004,9,85,145,535,131,4,935,909,26,,
4040102619005,4040102619005,5,37,129,118,26,0,360,315,45,,
4040102619006,4040102619006,8,3,73,160,0,8,285,252,33,,
4040102619007,4040102619007,33,57,89,88,22,21,326,310,16,,
4040102626001,4040102626001,5,9,9,15,6,1,56,45,11,,
4040102626002,4040102626002,0,9,46,134,23,3,243,215,28,,
4040102626003,4040102626003,44,58,318,436,39,5,918,900,18,,
4040102626004,4040102626004,15,10,17,187,14,8,317,251,66,,
4040102626005,4040102626005,58,60,36,357,72,71,801,654,147,,
4040102626006,4040102626006,71,81,77,285,60,51,636,625,11,,
4040102626007,4040102626007,1,6,8,13,0,3,34,31,3,,
4040102626008,4040102626008,16,19,46,78,37,26,281,222,59,,
4040102626009,4040102626009,88,38,309,254,43,51,862,783,79,,
4040102626010,4040102626010,12,101,75,242,76,53,582,559,23,,
4040102626011,4040102626011,55,20,177,182,59,6,549,499,50,,
4040102626012,4040102626012,41,78,246,282,65,39,879,751,128,,
4040102626013,4040102626013,56,77,197,268,31,70,775,699,76,,
4040102626014,4040102626014,26,2,31,195,19,31,348,304,44,,
4050102640001,4050102640001,71,24,26,499,39,72,747,731,16,,
4050102640002,4050102640002,10,31,75,60,4,21,230,201,29,,
4050102640003,4050102640003,0,64,100,210,7,2,390,383,7,,
4050102643001,4050102643001,0,2,3,6,0,0,11,11,0,,
4050102643002,4050102643002,2,2,13,26,4,1,56,48,8,,
4050102643003,4050102643003,29,32,69,83,8,10,255,231,24,,
4050302646001,4050302646001,14,23,48,35,5,7,152,132,20,,
4050302646002,4050302646002,0,0,8,14,3,2,29,27,2,,
4050302646003,4050302646003,6,20,93,297,71,29,620,516,104,,
4050302646004,4050302646004,9,12,6,51,10,7,97,95,2,Ausencia de delegados sin justificación: Casos donde se impidió el acceso o la firma de delegados de organizaciones políticas debidamente acreditados,AUSENCIA_DELEGADOS
4050302646005,4050302646005,3,0,42,57,19,4,135,125,10,,
4050302646006,4050302646006,1,21,129,268,31,16,471,466,5,,
4050302646007,4050302646007,31,42,30,317,95,36,686,551,135,,
4050302646008,4050302646008,2,25,78,89,11,24,258,229,29,,
4050302646009,4050302646009,61,119,260,157,119,15,815,731,84,,
4050302646010,4050302646010,3,4,3,20,4,3,38,37,1,,
4050302646011,4050302646011,39,154,101,585,23,43,996,945,51,Falta de firmas o huellas: Ausencia de rúbricas de al menos tres jurados electorales legalmente designados.,FALTA_FIRMAS_HUELLAS
4050302646012,4050302646012,19,40,93,485,113,65,934,815,119,,
4050302646013,4050302646013,36,78,207,291,84,25,758,721,37,,
4050302646014,4050302646014,63,35,126,379,63,58,747,724,23,,
4050302646015,4050302646015,9,124,4,438,70,70,801,715,86,,
4050302646016,4050302646016,69,56,200,234,59,84,866,702,164,,
4050302646017,4050302646017,26,49,273,267,42,19,727,676,51,,
4050302646018,4050302646018,41,64,9,597,16,6,733,733,0,,
4050302646019,4050302646019,77,80,103,397,13,62,768,732,36,,
4050402665001,4050402665001,66,19,39,345,33,5,569,507,62,,
4050402665002,4050402665002,28,74,5,250,50,1,469,408,61,Ausencia de delegados sin justificación: Casos donde se impidió el acceso o la firma de delegados de organizaciones políticas debidamente acreditados,AUSENCIA_DELEGADOS
4050402665003,4050402665003,31,10,59,172,0,30,368,302,66,,
4050402665004,4050402665004,2,2,6,26,0,1,40,37,3,,
4050402665005,4050402665005,82,119,188,179,28,30,744,626,118,,
4050402665006,4050402665006,2,110,2,489,101,53,881,757,124,,
4050402665007,4050402665007,6,9,55,76,16,0,179,162,17,,
4050402665008,4050402665008,60,101,358,318,151,3,995,991,4,,
4050402665009,4050402665009,15,58,96,92,12,30,330,303,27,,
4050402665010,4050402665010,27,63,175,194,43,40,557,542,15,,
4050402665011,4050402665011,91,10,89,477,59,52,832,778,54,,
4050402665012,4050402665012,18,43,138,168,72,20,531,459,72,,
4050402665013,4050402665013,36,13,104,165,73,39,523,430,93,,
4050402665014,4050402665014,0,2,8,8,0,1,20,19,1,,
4050402665015,4050402665015,5,64,98,389,45,49,810,650,160,,
4050402665016,4050402665016,47,4,165,311,13,45,660,585,75,,
4050402665017,4050402665017,0,14,18,62,2,2,119,98,21,,
4050402665018,4050402665018,0,37,23,213,27,22,353,322,31,,
4050402665019,4050402665019,71,66,278,235,131,15,977,796,181,,
4050402665020,4050402665020,19,107,99,216,63,41,549,545,4,,
4050502685001,4050502685001,3,28,12,151,8,21,245,223,22,,
4050502685002,4050502685002,34,24,3,194,4,28,350,287,63,,
4060102687001,4060102687001,14,29,59,200,56,5,401,363,38,,
4060102688001,4060102688001,1,4,3,15,0,1,26,24,2,,
4060102688002,4060102688002,1,9,3,26,5,4,48,48,0,,
4060102688003,4060102688003,12,12,74,91,37,3,290,229,61,,
4060102688004,4060102688004,45,19,70,435,77,4,752,650,102,,
4060102688005,4060102688005,3,0,7,22,0,2,38,34,4,,
4060102688006,4060102688006,27,86,221,247,39,16,725,636,89,,
4060102688007,4060102688007,54,71,163,251,66,10,714,615,99,,
4060102688008,4060102688008,8,29,70,68,8,3,201,186,15,,
4060102688009,4060102688009,36,34,88,177,84,39,576,458,118,,
4060102688010,4060102688010,33,1,13,200,12,22,328,281,47,,
4060102688011,4060102688011,0,22,32,68,12,4,141,138,3,,
4060102688012,4060102688012,13,110,164,208,34,17,579,546,33,,
4060102688013,4060102688013,16,30,151,244,36,25,517,502,15,,
4060102688014,4060102688014,41,129,74,326,33,36,659,639,20,,
4060102688015,4060102688015,59,94,158,303,66,26,781,706,75,,
4060202703001,4060202703001,41,65,181,395,12,14,759,708,51,,
4060202703002,4060202703002,9,15,72,133,45,5,356,279,77,,
4060202703003,4060202703003,32,35,38,168,64,8,433,345,88,,
4060202703004,4060202703004,8,13,9,320,71,22,525,443,82,,
4060202703005,4060202703005,24,36,7,111,37,8,255,223,32,,
4060202703006,4060202703006,28,14,76,90,51,28,332,287,45,,
4060202703007,4060202703007,64,74,86,220,54,65,686,563,123,,
4060202703008,4060202703008,25,4,20,188,29,29,300,295,5,,
4060202703009,4060202703009,9,63,154,122,66,31,545,445,100,,
4060202703010,4060202703010,17,43,87,261,18,51,595,477,118,,
4060202703011,4060202703011,59,101,161,175,107,36,709,639,70,,
4060202703012,4060202703012,83,93,236,162,89,69,794,732,62,,
4060202703013,4060202703013,1,44,105,153,5,3,353,311,42,,
4060202703014,4060202703014,20,119,68,549,29,62,984,847,137,,
4060202703015,4060202703015,69,4,192,234,3,4,515,506,9,,
4060202703016,4060202703016,0,0,3,8,0,0,12,11,1,,
4060202703017,4060202703017,41,65,95,263,90,24,587,578,9,,
4060202703018,4060202703018,4,7,10,61,0,8,94,90,4,,
4060202703019,4060202703019,31,3,102,372,63,29,663,600,63,,
4060202703020,4060202703020,10,36,12,88,28,14,218,188,30,,
4060302723001,4060302723001,5,27,82,259,53,7,447,433,14,,
4060302723002,4060302723002,28,82,46,259,19,11,512,445,67,,
4060302723003,4060302723003,59,71,9,517,34,2,797,692,105,,
4060302723004,4060302723004,0,3,2,13,3,0,22,21,1,,
4070102727001,4070102727001,31,38,125,145,60,15,422,414,8,,
4070102727002,4070102727002,33,45,130,516,15,54,884,793,91,,
4070102727003,4070102727003,9,1,19,58,18,10,126,115,11,,
4070102727004,4070102727004,29,54,227,284,60,85,891,739,152,,
4070102727005,4070102727005,24,26,4,292,44,38,442,428,14,,
4070102727006,4070102727006,35,13,245,350,105,62,830,810,20,,
4070102727007,4070102727007,27,80,102,294,12,27,573,542,31,,
4070102727008,4070102727008,27,2,12,564,56,33,754,694,60,,
4070102727009,4070102727009,43,109,108,201,34,35,531,530,1,,
4070102727010,4070102727010,19,7,156,259,48,53,647,542,105,,
4070102727011,4070102727011,57,115,124,215,104,59,848,674,174,,
4080102738001,4080102738001,6,1,9,30,3,5,54,54,0,,
4080102738002,4080102738002,34,3,211,281,75,17,722,621,101,,
4080102738003,4080102738003,0,34,25,254,35,20,452,368,84,,
4080102738004,4080102738004,62,22,156,655,27,35,988,957,31,,
4080102738005,4080102738005,72,96,18,463,60,10,765,719,46,,
4080102738006,4080102738006,17,38,80,48,4,17,256,204,52,,
4080102738007,4080102738007,3,10,30,53,19,4,138,119,19,,
4080102738008,4080102738008,9,72,123,581,58,87,971,930,41,,
4080102738009,4080102738009,5,1,6,49,9,4,81,74,7,,
4080102738010,4080102738010,43,29,15,283,75,37,498,482,16,,
4080102738011,4080102738011,17,3,196,279,26,5,656,526,130,,
4080202749001,4080202749001,30,66,178,305,114,18,847,711,136,,
4080202749002,4080202749002,7,25,38,59,17,18,199,164,35,,
4080202749003,4080202749003,28,106,176,420,116,7,987,853,134,,
4080202749004,4080202749004,62,131,5,405,132,42,877,777,100,,
4080202749005,4080202749005,1,96,105,269,88,13,676,572,104,,
4080202749006,4080202749006,60,115,125,178,92,4,630,574,56,,
4080202749007,4080202749007,21,44,88,92,12,2,298,259,39,,
4080202749008,4080202749008,13,11,41,51,14,8,168,138,30,,
4080202749009,4080202749009,65,120,334,231,11,25,911,786,125,,
4080202749010,4080202749010,25,100,151,275,24,29,715,604,111,,
4080202749011,4080202749011,32,134,161,218,135,5,861,685,176,,
4080202749012,4080202749012,9,104,117,422,101,23,908,776,132,,
4080202749013,4080202749013,21,5,101,215,41,9,416,392,24,,
4080202749014,4080202749014,74,95,4,364,68,29,679,634,45,,
4080202749015,4080202749015,17,37,61,127,37,14,317,293,24,,
4090102764001,4090102764001,14,92,97,243,29,43,546,518,28,,
4090102764002,4090102764002,48,18,86,390,22,16,677,580,97,,
4090102764003,4090102764003,76,153,291,237,41,14,963,812,151,,
4090102764004,4090102764004,34,16,99,89,6,27,334,271,63,,
4090102764005,4090102764005,12,14,101,101,8,16,316,252,64,,
4090102764006,4090102764006,6,137,81,394,63,46,769,727,42,,
4090102764007,4090102764007,40,28,34,237,13,5,394,357,37,,
4090102764008,4090102764008,50,63,38,224,40,2,436,417,19,,
4090102764009,4090102764009,23,21,23,199,18,1,334,285,49,,
4090102764010,4090102764010,13,10,72,220,21,11,364,347,17,,
4090102764011,4090102764011,5,55,127,510,7,20,922,724,198,,
4090102764012,4090102764012,0,0,2,5,0,0,8,7,1,,
4090102764013,4090102764013,4,69,111,165,32,28,443,409,34,,
4090102764014,4090102764014,0,32,17,351,45,42,514,487,27,,
4090102764015,4090102764015,38,198,280,319,10,44,916,889,27,,
4090102764016,4090102764016,17,107,160,170,14,9,511,477,34,,
4090202780001,4090202780001,4,2,38,93,26,3,169,166,3,,
4090202780002,4090202780002,25,82,166,228,111,42,765,654,111,,
4090202780003,4090202780003,19,31,60,81,0,8,222,199,23,,
4090202780004,4090202780004,61,61,154,297,35,0,653,608,45,,
4090202780005,4090202780005,41,54,241,360,118,60,951,874,77,,
4090202780006,4090202780006,14,25,110,170,79,26,506,424,82,,
4090202780007,4090202780007,64,151,166,264,64,18,747,727,20,,
4090202780008,4090202780008,56,147,132,504,30,7,895,876,19,,
4090202780009,4090202780009,68,124,68,266,82,60,775,668,107,,
4090202780010,4090202780010,0,21,153,398,58,44,789,674,115,,
4090202780011,4090202780011,63,86,140,157,47,18,511,511,0,,
4090202780012,4090202780012,1,1,0,24,0,2,32,28,4,,
4090202780013,4090202780013,1,0,5,6,1,0,13,13,0,,
4090202793001,4090202793001,110,91,79,460,49,78,898,867,31,,
4090202793002,4090202793002,4,20,4,283,37,25,410,373,37,,
4090202793003,4090202793003,0,16,16,52,11,10,109,105,4,,
4090202793004,4090202793004,48,26,193,196,71,8,679,542,137,,
4090202793005,4090202793005,10,14,24,71,13,13,164,145,19,,
4090202793006,4090202793006,13,17,30,42,22,2,147,126,21,,
4090202793007,4090202793007,69,36,53,508,3,26,833,695,138,,
4090202793008,4090202793008,7,6,19,51,10,11,118,104,14,,
4090202793009,4090202793009,76,123,179,306,2,68,913,754,159,,
4090202793010,4090202793010,9,7,4,68,3,4,99,95,4,,
4090202793011,4090202793011,65,74,126,215,82,61,659,623,36,,
4090202793012,4090202793012,62,12,214,192,94,4,597,578,19,,
4090202793013,4090202793013,51,42,57,521,3,0,846,674,172,,
4090202793014,4090202793014,6,47,93,102,4,10,293,262,31,,
4090202793015,4090202793015,1,21,237,401,66,76,864,802,62,,
4090202793016,4090202793016,6,100,53,305,66,9,572,539,33,,
4090202793017,4090202793017,46,41,102,135,48,38,463,410,53,,
4090202793018,4090202793018,52,66,90,158,32,30,540,428,112,,
4090202793019,4090202793019,5,5,4,46,5,6,75,71,4,,
4090302812001,4090302812001,70,137,194,197,101,12,738,711,27,,
4090302812002,4090302812002,7,69,146,280,61,38,702,601,101,,
4090302812003,4090302812003,22,15,110,100,25,21,295,293,2,,
4090302812004,4090302812004,52,144,99,338,46,65,750,744,6,,
4090302812005,4090302812005,44,91,36,252,76,37,664,536,128,,
4090302812006,4090302812006,0,2,7,12,1,2,26,24,2,,
4090302812007,4090302812007,49,51,84,390,111,57,862,742,120,,
4090302812008,4090302812008,37,1,245,365,21,66,878,735,143,,
4090302812009,4090302812009,6,13,23,18,6,4,73,70,3,,
4090302812010,4090302812010,14,25,41,58,12,6,161,156,5,,
4090302812011,4090302812011,17,32,64,35,37,3,237,188,49,,
4090302812012,4090302812012,1,23,57,122,25,4,246,232,14,,
4090302812013,4090302812013,9,30,51,212,17,3,363,322,41,,
4090302812014,4090302812014,5,50,27,176,7,7,301,272,29,,
4090302812015,4090302812015,71,59,92,285,56,42,637,605,32,,
4090302812016,4090302812016,29,32,54,213,5,2,397,335,62,,
4090302812017,4090302812017,3,31,153,211,64,64,672,526,146,,
4090302812018,4090302812018,85,145,26,586,57,51,986,950,36,,
4090302812019,4090302812019,9,60,13,175,41,30,339,328,11,,
4090302812020,4090302812020,115,150,122,418,11,16,995,832,163,,
4110102832001,4110102832001,58,129,311,206,26,8,900,738,162,,
4110102832002,4110102832002,22,14,29,167,26,22,290,280,10,,
4110102832003,4110102832003,83,129,194,219,42,41,836,708,128,,
4110102832004,4110102832004,37,77,29,324,78,35,673,580,93,,
4110102832005,4110102832005,8,55,3,190,9,13,339,278,61,,
4110102832006,4110102832006,5,8,20,49,1,1,96,84,12,,
4110102832007,4110102832007,8,20,23,166,36,24,303,277,26,,
4110102832008,4110102832008,66,58,189,223,77,42,692,655,37,,
4110102832009,4110102832009,32,21,103,77,36,10,312,279,33,,
4110102832010,4110102832010,1,22,167,233,38,1,556,462,94,,
4110102832011,4110102832011,13,37,192,259,69,58,726,628,98,,
4110102832012,4110102832012,7,1,13,37,12,1,89,71,18,,
4110102832013,4110102832013,35,11,121,387,99,19,798,672,126,,
4110102832014,4110102832014,13,2,6,76,12,1,115,110,5,,
4110102832015,4110102832015,9,19,18,186,43,16,320,291,29,,
4110102832016,4110102832016,31,66,27,271,64,45,537,504,33,,
4110102832017,4110102832017,3,10,6,48,15,9,115,91,24,,
4110102832018,4110102832018,5,19,8,192,27,26,313,277,36,,
4110102832019,4110102832019,41,20,46,409,102,20,674,638,36,,
4110102832020,4110102832020,2,48,47,168,38,0,367,303,64,,
4110102852001,4110102852001,14,41,67,146,42,18,330,328,2,,
4110102852002,4110102852002,1,2,3,20,1,1,29,28,1,,
4110102852003,4110102852003,7,14,22,139,22,14,243,218,25,,
4110102852004,4110102852004,7,2,9,61,7,1,96,87,9,,
4110102852005,4110102852005,6,134,117,429,26,46,943,758,185,,
4110102852006,4110102852006,26,7,113,323,70,43,643,582,61,,
4110102852007,4110102852007,24,42,48,344,43,14,555,515,40,,
4110102852008,4110102852008,34,31,31,392,37,24,572,549,23,,
4110102852009,4110102852009,68,39,146,360,126,1,907,740,167,,
4110102852010,4110102852010,28,35,5,235,70,2,477,375,102,,
4110102852011,4110102852011,93,127,297,153,94,8,857,772,85,,
4110102852012,4110102852012,1,6,91,530,103,19,784,750,34,,
4110102852013,4110102852013,28,29,101,290,12,42,506,502,4,,
4110102852014,4110102852014,11,6,35,109,18,0,194,179,15,,
4110102852015,4110102852015,7,36,78,73,48,13,312,255,57,,
4120102867001,4120102867001,88,143,206,264,1,88,894,790,104,,
4120102867002,4120102867002,5,27,39,73,19,0,176,163,13,,
4120102867003,4120102867003,17,1,63,91,44,13,290,229,61,,
4120102867004,4120102867004,44,98,120,339,108,41,817,750,67,,
4120102867005,4120102867005,71,69,86,266,15,53,562,560,2,,
4120102867006,4120102867006,79,23,234,316,12,67,748,731,17,,
4120102867007,4120102867007,67,56,63,334,53,12,618,585,33,,
4120102867008,4120102867008,27,117,25,340,112,29,792,650,142,,
4120102867009,4120102867009,5,31,50,91,31,16,224,224,0,,
4120102867010,4120102867010,13,72,86,364,29,64,653,628,25,,
4120102867011,4120102867011,4,2,13,13,0,0,37,32,5,,
4120102867012,4120102867012,72,150,110,319,35,20,769,706,63,,
4120202879001,4120202879001,65,81,78,267,92,39,668,622,46,,
4120202879002,4120202879002,4,81,125,164,92,43,632,509,123,,
4120202879003,4120202879003,12,79,169,188,60,8,613,516,97,,
4120202879004,4120202879004,8,147,160,352,122,8,857,797,60,,
4120202879005,4120202879005,49,55,26,329,10,21,605,490,115,,
4120202879006,4120202879006,43,118,249,146,17,71,794,644,150,,
4130102885001,4130102885001,57,141,258,184,91,20,863,751,112,,
4130102885002,4130102885002,81,74,175,252,78,67,781,727,54,,
4130102885003,4130102885003,18,75,137,363,58,39,831,690,141,,
4130102885004,4130102885004,13,35,79,57,2,9,200,195,5,,
4130102885005,4130102885005,26,66,65,125,33,33,413,348,65,,
4130102885006,4130102885006,8,4,12,62,1,7,110,94,16,,
4130102885007,4130102885007,7,1,27,65,26,12,175,138,37,,
4130102885008,4130102885008,7,65,142,193,73,0,566,480,86,,
4130102885009,4130102885009,1,16,17,112,7,6,182,159,23,,
4130102885010,4130102885010,16,22,48,28,12,3,164,129,35,,
4130102885011,4130102885011,37,57,54,286,51,48,580,533,47,,
4130102885012,4130102885012,20,36,26,203,24,15,324,324,0,,
4130102885013,4130102885013,7,11,31,29,7,0,87,85,2,,
4140102898001,4140102898001,53,39,159,184,30,4,501,469,32,,
4140102898002,4140102898002,6,71,27,520,70,38,796,732,64,,
4140102898003,4140102898003,0,11,120,140,38,21,413,330,83,,
4140102898004,4140102898004,7,75,224,314,132,89,905,841,64,,
4140102898005,4140102898005,0,1,39,60,12,13,156,125,31,,
4140102898006,4140102898006,6,7,20,22,7,5,67,67,0,,
4140102898007,4140102898007,1,4,2,46,2,5,62,60,2,,
4140102898008,4140102898008,16,85,24,293,95,46,635,559,76,,
4140102898009,4140102898009,7,99,255,330,20,33,757,744,13,,
4140102898010,4140102898010,5,7,8,38,0,5,77,63,14,,
4140102898011,4140102898011,93,79,44,474,83,5,862,778,84,,
4140102909001,4140102909001,2,12,16,30,2,2,70,64,6,,
4140102909002,4140102909002,3,0,6,35,6,2,57,52,5,,
4140102909003,4140102909003,1,6,3,15,3,2,30,30,0,,
4140102909004,4140102909004,41,3,19,505,124,78,786,770,16,,
4140102909005,4140102909005,22,40,28,79,7,21,235,197,38,,
4140102909006,4140102909006,37,7,282,355,21,72,846,774,72,,
4140102909007,4140102909007,16,67,121,67,12,24,339,307,32,,
4140102909008,4140102909008,7,11,41,36,3,8,127,106,21,,
4140102909009,4140102909009,43,18,138,157,47,16,422,419,3,,
4140102909010,4140102909010,62,84,22,365,79,14,654,626,28,,
4140102909011,4140102909011,22,19,96,92,10,7,253,246,7,,
4140102909012,4140102909012,7,3,12,61,6,7,98,96,2,,
4140102909013,4140102909013,29,25,32,199,16,9,318,310,8,,
4140102909014,4140102909014,35,53,132,134,18,27,408,399,9,,
4140102909015,4140102909015,46,59,152,170,112,35,732,574,158,,
4140102909016,4140102909016,15,133,44,365,10,59,645,626,19,,
4140102909017,4140102909017,23,68,25,466,142,62,989,786,203,,
4140102909018,4140102909018,50,59,25,231,18,28,411,411,0,,
4140102909019,4140102909019,17,12,58,43,2,15,183,147,36,,
4140102928001,4140102928001,36,3,73,154,24,13,330,303,27,,
4140102928002,4140102928002,54,93,69,561,12,66,966,855,111,,
4140102928003,4140102928003,8,7,2,45,3,3,82,68,14,,
4140102928004,4140102928004,58,50,42,334,5,35,646,524,122,,
4140102928005,4140102928005,23,20,37,223,21,5,358,329,29,,
4140102928006,4140102928006,5,49,115,121,22,17,366,329,37,Mesa en lugar distinto: Funcionamiento de la mesa de sufragio en un recinto diferente al autorizado por la autoridad electoral.,MESA_LUGAR_DISTINTO
4140102928007,4140102928007,33,49,73,69,26,4,267,254,13,,
4140102928008,4140102928008,26,56,24,140,13,20,297,279,18,,
4140102928009,4140102928009,46,164,145,344,51,60,828,810,18,,
4140102928010,4140102928010,2,46,157,174,55,5,445,439,6,,
4140102928011,4140102928011,21,20,41,107,37,13,274,239,35,,
4140102928012,4140102928012,60,101,184,160,11,33,574,549,25,,
4140102928013,4140102928013,0,0,2,5,0,0,7,7,0,,
4140102928014,4140102928014,22,18,23,96,2,11,209,172,37,,
4140102928015,4140102928015,4,71,33,356,28,23,605,515,90,,
4140102928016,4140102928016,5,71,62,170,64,11,418,383,35,,
4140102928017,4140102928017,74,148,160,330,37,24,860,773,87,,
4150102945001,4150102945001,2,12,3,80,7,10,128,114,14,,
4150102945002,4150102945002,4,3,0,41,1,4,53,53,0,,
4150102945003,4150102945003,46,15,5,309,22,41,481,438,43,,
4150102945004,4150102945004,22,76,92,151,75,17,515,433,82,,
4150102945005,4150102945005,20,80,45,203,43,48,541,439,102,,
4150102945006,4150102945006,23,51,76,262,37,29,546,478,68,,
4150102945007,4150102945007,29,27,50,576,42,33,966,757,209,,
4150102945008,4150102945008,29,25,150,150,76,52,562,482,80,,
4150102945009,4150102945009,90,96,131,308,131,57,892,813,79,,
4150102945010,4150102945010,13,8,86,114,47,6,317,274,43,,
4150102945011,4150102945011,10,37,3,236,42,40,460,368,92,,
4150102956001,4150102956001,55,83,95,174,36,22,533,465,68,,
4150102956002,4150102956002,0,7,6,82,0,11,129,106,23,,
4150102956003,4150102956003,0,3,7,8,1,1,24,20,4,,
4150102956004,4150102956004,30,0,105,413,21,0,623,569,54,,
4150102956005,4150102956005,0,0,2,4,0,0,6,6,0,,
4150102956006,4150102956006,18,25,91,303,33,43,542,513,29,,
4150102956007,4150102956007,29,8,129,186,9,38,428,399,29,,
4150102956008,4150102956008,58,126,258,195,150,66,961,853,108,,
4150102956009,4150102956009,7,83,196,265,71,1,765,623,142,,
4150102956010,4150102956010,23,99,0,330,100,69,723,621,102,,
4150102956011,4150102956011,1,10,21,83,4,11,135,130,5,,
4150102956012,4150102956012,4,3,17,17,5,5,62,51,11,,
4150102956013,4150102956013,11,82,139,200,44,21,539,497,42,,
4150102956014,4150102956014,17,3,62,229,59,52,522,422,100,,
4150102956015,4150102956015,3,114,7,552,1,10,758,687,71,,
4150102956016,4150102956016,54,22,130,276,109,40,789,631,158,,
4150202972001,4150202972001,52,51,60,327,48,49,716,587,129,,
4150202972002,4150202972002,87,102,281,178,24,52,878,724,154,,
4150202972003,4150202972003,25,107,130,265,50,10,600,587,13,,
4150202972004,4150202972004,29,88,50,195,4,49,529,415,114,,
4150202972005,4150202972005,25,56,66,142,21,8,334,318,16,,
4150202972006,4150202972006,20,12,45,169,50,3,319,299,20,,
4150202972007,4150202972007,1,50,22,166,48,24,333,311,22,,
4150202972008,4150202972008,61,108,132,235,4,46,611,586,25,,
4150202972009,4150202972009,6,15,4,60,14,11,134,110,24,,
4150202972010,4150202972010,6,22,94,179,49,5,376,355,21,,
4150302982001,4150302982001,2,150,42,568,90,56,995,908,87,,
4150302982002,4150302982002,7,51,108,211,33,16,427,426,1,,
4150302982003,4150302982003,6,5,111,210,18,31,396,381,15,,
4150302985001,4150302985001,59,120,229,133,86,75,878,702,176,,
4150302985002,4150302985002,29,49,89,131,62,45,456,405,51,,
4150302985003,4150302985003,49,37,72,184,19,31,394,392,2,,
4150302985004,4150302985004,14,9,62,161,46,28,359,320,39,,
4150302985005,4150302985005,11,19,53,37,29,4,186,153,33,,
4150302985006,4150302985006,41,21,42,250,8,35,404,397,7,,
4150302985007,4150302985007,63,111,184,129,10,30,534,527,7,,
4150302985008,4150302985008,3,10,13,46,6,5,94,83,11,,
5010102993001,5010102993001,139,4,26,30,37,2,261,238,23,,
5010102993002,5010102993002,141,4,49,185,48,52,573,479,94,,
5010102993003,5010102993003,48,2,32,-1,12,3,110,96,14,,
5010102993004,5010102993004,27,7,5,91,15,17,201,162,39,,
5010102993005,5010102993005,34,37,124,438,49,35,854,717,137,,
5010102993006,5010102993006,57,6,0,16,9,0,108,88,20,,
5010102993007,5010102993007,84,4,43,-7,29,0,195,153,42,,
5010102993008,5010102993008,309,40,51,271,101,4,808,776,32,,
5010102993009,5010102993009,64,19,5,164,52,22,339,326,13,,
5010102993010,5010102993010,7,19,57,143,57,20,381,303,78,,
5010102993011,5010102993011,32,2,7,10,2,4,64,57,7,,
5010103004001,5010103004001,327,80,138,27,65,40,746,677,69,,
5010103004002,5010103004002,509,64,6,175,15,36,844,805,39,,
5010103004003,5010103004003,283,83,170,325,21,25,998,907,91,,
5010103004004,5010103004004,147,58,308,131,27,1,672,672,0,,
5010103008001,5010103008001,138,42,103,281,58,50,699,672,27,,
5010103008002,5010103008002,82,9,21,48,31,21,268,212,56,,
5010203010001,5010203010001,296,48,36,183,39,11,734,613,121,,
5010203010002,5010203010002,5,18,6,106,12,7,168,154,14,,
5010203010003,5010203010003,3,0,6,6,0,1,20,16,4,,
5010203010004,5010203010004,1,0,0,22,0,0,23,23,0,,
5010203010005,5010203010005,43,8,20,23,11,10,135,115,20,,
5010203010006,5010203010006,179,26,19,47,42,5,355,318,37,,
5010203010007,5010203010007,67,9,2,17,18,5,124,118,6,,
5010203010008,5010203010008,79,1,66,22,11,3,196,182,14,,
5010203010009,5010203010009,264,63,174,42,79,19,813,641,172,,
5010203010010,5010203010010,80,29,152,120,11,17,443,409,34,,
5010203010011,5010203010011,118,12,31,45,32,26,312,264,48,,
5010203010012,5010203010012,339,54,132,-46,121,73,830,673,157,,
5010203010013,5010203010013,21,4,106,155,20,32,384,338,46,,
5010203010014,5010203010014,23,19,45,88,3,14,223,192,31,,
5010203010015,5010203010015,3,0,0,2,0,0,5,5,0,,
5010203010016,5010203010016,316,40,220,-125,79,5,588,535,53,,
5010203010017,5010203010017,7,1,8,12,0,2,30,30,0,,
5010203010018,5010203010018,17,12,56,133,40,17,332,275,57,,
5010203010019,5010203010019,99,12,9,75,28,9,249,232,17,,
5010203029001,5010203029001,198,37,61,143,39,65,674,543,131,,
5010203029002,5010203029002,176,70,218,94,137,14,868,709,159,,
5010203029003,5010203029003,218,85,23,346,40,55,958,767,191,,
5010203029004,5010203029004,389,96,215,-15,20,7,806,712,94,,
5010203029005,5010203029005,236,97,93,295,95,63,952,879,73,,
5010203029006,5010203029006,334,61,146,-59,79,21,681,582,99,,
5010203029007,5010203029007,7,1,15,19,2,2,55,46,9,,
5010203029008,5010203029008,19,9,14,57,3,3,105,105,0,,
5010203029009,5010203029009,179,64,132,144,112,78,809,709,100,,
5010203029010,5010203029010,81,17,21,20,9,9,174,157,17,,
5010203029011,5010203029011,155,19,236,235,35,29,732,709,23,,
5010203029012,5010203029012,23,4,0,12,0,4,45,43,2,,
5010203029013,5010203029013,327,45,134,191,60,12,930,769,161,,
5010303042001,5010303042001,53,3,82,173,54,1,418,366,52,,
5010303042002,5010303042002,7,34,179,460,13,0,835,693,142,,
5010303042003,5010303042003,32,9,35,145,3,10,237,234,3,,
5010303042004,5010303042004,61,4,53,19,31,11,214,179,35,,
5010303042005,5010303042005,185,58,158,36,54,57,648,548,100,,
5010303042006,5010303042006,51,5,57,21,14,14,186,162,24,,
5010303042007,5010303042007,149,7,25,95,47,38,423,361,62,,
5010303042008,5010303042008,73,95,27,517,148,18,952,878,74,,
5010303042009,5010303042009,4,1,5,11,4,1,29,26,3,,
5010403051001,5010403051001,22,1,17,244,27,35,401,346,55,,
5010403051002,5010403051002,413,0,181,22,0,36,835,652,183,,
5010403051003,5010403051003,55,7,10,34,14,8,146,128,18,,
5020103054001,5020103054001,364,73,122,30,82,39,738,710,28,,
5020103054002,5020103054002,63,1,181,138,70,43,518,496,22,,
5020103054003,5020103054003,280,0,5,292,5,26,743,608,135,,
5020103054004,5020103054004,329,79,237,-105,17,61,679,618,61,,
5020103054005,5020103054005,14,5,55,63,25,11,198,173,25,,
5020103054006,5020103054006,42,19,163,166,4,2,446,396,50,,
5020103054007,5020103054007,274,67,94,111,12,39,755,597,158,,
5020103054008,5020103054008,5,28,88,153,56,3,395,333,62,,
5020103054009,5020103054009,15,6,50,39,0,4,123,114,9,,
5020103054010,5020103054010,480,22,263,-44,133,14,989,868,121,,
5020103064001,5020103064001,86,3,15,190,53,17,413,364,49,,
5020103064002,5020103064002,30,0,25,-2,9,1,70,63,7,,
5020103064003,5020103064003,13,1,344,361,57,53,890,829,61,,
5020103064004,5020103064004,470,9,26,135,52,45,819,737,82,,
5020103064005,5020103064005,21,22,132,193,29,41,500,438,62,,
5020103064006,5020103064006,0,8,11,114,2,13,171,148,23,,
5020103064007,5020103064007,132,8,32,86,27,4,299,289,10,,
5020103064008,5020103064008,42,12,0,235,59,16,424,364,60,,
5020103064009,5020103064009,115,13,32,51,22,0,291,233,58,,
5020103064010,5020103064010,85,31,59,125,2,36,395,338,57,,
5020103064011,5020103064011,9,4,20,17,1,5,66,56,10,,
5020103064012,5020103064012,147,85,239,107,115,55,783,748,35,,
5020103064013,5020103064013,205,20,7,87,12,1,379,332,47,,
5020103064014,5020103064014,33,21,93,42,12,15,258,216,42,,
5020103064015,5020103064015,442,59,117,-26,2,24,752,618,134,,
5020103064016,5020103064016,91,9,2,27,5,14,166,148,18,,
5020203080001,5020203080001,85,8,64,57,46,29,331,289,42,,
5020203080002,5020203080002,365,65,42,113,127,68,853,780,73,,
5020203080003,5020203080003,1,3,43,63,1,5,130,116,14,,
5020203080004,5020203080004,1,25,66,92,17,13,227,214,13,,
5020203080005,5020203080005,442,34,30,87,151,91,952,835,117,,
5020203080006,5020203080006,178,56,143,56,40,19,609,492,117,,
5020203080007,5020203080007,8,6,2,38,0,4,60,58,2,,
5020203087001,5020203087001,476,104,269,-140,88,43,963,840,123,,
5020203087002,5020203087002,239,6,56,281,49,19,667,650,17,,
5020203087003,5020203087003,115,37,138,101,94,1,609,486,123,,
5020203087004,5020203087004,126,13,71,-1,14,2,275,225,50,,
5020203087005,5020203087005,54,49,115,263,40,15,550,536,14,,
5020203087006,5020203087006,325,94,26,297,15,27,798,784,14,,
5020203087007,5020203087007,395,22,123,86,78,54,912,758,154,,
5020203087008,5020203087008,133,64,270,289,84,1,978,841,137,,
5020203087009,5020203087009,31,2,25,3,5,3,77,69,8,,
5020203087010,5020203087010,186,31,107,-40,6,8,373,298,75,,
5020203097001,5020203097001,66,5,68,352,8,46,579,545,34,,
5020203097002,5020203097002,97,8,77,172,3,28,456,385,71,,
5020203097003,5020203097003,143,81,125,384,35,40,877,808,69,,
5020203097004,5020203097004,155,76,276,58,73,20,716,658,58,,
5020203097005,5020203097005,56,10,6,242,33,34,417,381,36,,
5020203097006,5020203097006,60,9,7,16,0,13,131,105,26,,
5020203097007,5020203097007,9,17,47,290,10,12,456,385,71,,
5020303104001,5020303104001,256,32,21,393,4,36,807,742,65,,
5020303104002,5020303104002,239,65,58,78,51,23,592,514,78,,
5020303104003,5020303104003,56,21,134,93,13,0,359,317,42,,
5020303104004,5020303104004,227,87,137,160,99,13,871,723,148,,
5020303104005,5020303104005,81,11,244,213,1,15,661,565,96,,
5020403109001,5020403109001,288,60,96,286,74,31,889,835,54,,
5020403109002,5020403109002,229,66,272,105,6,22,848,700,148,,
5020403111001,5020403111001,29,14,207,374,120,0,790,744,46,,
5020403111002,5020403111002,29,22,29,227,15,32,420,354,66,,
5020403111003,5020403111003,40,18,82,102,11,10,293,263,30,,
5020403111004,5020403111004,59,0,11,49,28,7,179,154,25,,
5020403111005,5020403111005,218,50,82,127,118,23,744,618,126,,
5020403111006,5020403111006,99,19,42,36,2,18,244,216,28,,
5020403111007,5020403111007,217,55,202,-30,69,4,548,517,31,,
5020403111008,5020403111008,179,111,325,135,41,82,940,873,67,,
5020403111009,5020403111009,404,95,217,-23,11,5,831,709,122,,
5020403111010,5020403111010,91,3,12,122,17,14,263,259,4,,
5020403111011,5020403111011,78,49,131,72,45,49,528,424,104,,
5020403111012,5020403111012,28,14,61,664,87,22,925,876,49,,
5020403111013,5020403111013,76,39,29,271,15,29,479,459,20,,
5020403111014,5020403111014,198,58,108,100,67,51,723,582,141,,
5020403111015,5020403111015,74,11,3,12,4,9,135,113,22,,
5020403111016,5020403111016,133,1,46,11,34,5,250,230,20,,
5020403127001,5020403127001,59,23,2,233,53,26,434,396,38,,
5020403127002,5020403127002,193,25,13,87,44,23,399,385,14,,
5020403127003,5020403127003,43,22,44,110,32,18,287,269,18,,
5020403127004,5020403127004,66,18,103,54,36,5,349,282,67,,
5020403127005,5020403127005,234,13,124,-29,32,34,498,408,90,,
5020403127006,5020403127006,108,37,146,13,58,10,419,372,47,,
5020403127007,5020403127007,152,7,156,19,14,20,385,368,17,Falta de datos de apertura o cierre: Omisión de la hora exacta de inicio o finalización de la jornada electoral en el acta.,FALTA_DATOS_APERTURA_CIERRE
5020403127008,5020403127008,56,2,43,-8,15,8,124,116,8,,
5020403127009,5020403127009,291,4,9,138,36,35,550,513,37,,
5020403127010,5020403127010,79,21,5,132,7,27,278,271,7,,
5020403127011,5020403127011,13,3,99,184,61,25,467,385,82,,
5030103138001,5030103138001,279,8,162,25,122,37,767,633,134,,
5030103138002,5030103138002,503,52,191,-62,74,27,965,785,180,,
5030103140001,5030103140001,315,5,19,129,93,19,586,580,6,,
5030103140002,5030103140002,214,29,116,-21,8,39,440,385,55,,
5030103140003,5030103140003,148,70,292,124,66,2,771,702,69,,
5030103140004,5030103140004,102,57,139,159,0,28,549,485,64,,
5030103140005,5030103140005,76,25,71,295,92,14,598,573,25,,
5030103140006,5030103140006,224,0,207,64,118,82,871,695,176,,
5030103140007,5030103140007,382,33,211,-51,76,7,750,658,92,,
5030103140008,5030103140008,40,20,117,144,1,13,355,335,20,,
5030103140009,5030103140009,107,16,8,142,23,15,334,311,23,,
5030103140010,5030103140010,190,23,151,-50,6,13,384,333,51,,
5030103140011,5030103140011,81,43,158,161,46,10,633,499,134,,
5030103140012,5030103140012,269,59,216,-69,40,34,684,549,135,,
5030103140013,5030103140013,20,12,34,22,9,11,127,108,19,,
5030103140014,5030103140014,96,22,23,114,28,10,368,293,75,,
5030103140015,5030103140015,37,53,96,193,84,56,568,519,49,,
5030103140016,5030103140016,97,28,273,260,72,26,759,756,3,,
5030103140017,5030103140017,147,18,11,72,10,24,282,282,0,,
5030103140018,5030103140018,60,41,30,314,29,21,542,495,47,,
5030103140019,5030103140019,242,72,345,113,23,56,873,851,22,,
5030103159001,5030103159001,95,9,25,4,9,19,202,161,41,,
5030103159002,5030103159002,35,27,51,263,17,42,440,435,5,,
5030103159003,5030103159003,22,25,290,328,31,7,818,703,115,,
5030103159004,5030103159004,79,10,62,230,44,6,432,431,1,,
5030103159005,5030103159005,2,0,4,11,0,0,19,17,2,,
5030103159006,5030103159006,179,20,53,135,45,5,556,437,119,,
5030103159007,5030103159007,158,49,110,431,91,18,925,857,68,,
5030103159008,5030103159008,58,11,17,20,9,9,140,124,16,,
5030103159009,5030103159009,352,69,180,-75,109,16,689,651,38,,
5030103159010,5030103159010,186,28,100,23,75,11,507,423,84,,
5030103159011,5030103159011,461,6,201,9,23,63,777,763,14,,
5030303170001,5030303170001,19,4,1,46,11,6,97,87,10,,
5030303170002,5030303170002,230,14,74,-6,46,41,487,399,88,,
5030303170003,5030303170003,70,3,14,29,0,8,126,124,2,,
5030303170004,5030303170004,233,2,133,51,38,10,524,467,57,,
5030303170005,5030303170005,248,25,22,136,64,51,553,546,7,,
5030303170006,5030303170006,11,2,7,5,3,0,33,28,5,,
5030303170007,5030303170007,94,39,102,128,47,0,511,410,101,,
5030303170008,5030303170008,245,14,124,83,89,62,681,617,64,,
5030303170009,5030303170009,49,19,14,144,21,30,316,277,39,,
5030303170010,5030303170010,152,23,110,-11,6,16,329,296,33,,
5030303170011,5030303170011,129,41,60,62,54,3,350,349,1,,
5030303170012,5030303170012,134,1,28,42,1,22,278,228,50,,
5030303170013,5030303170013,45,14,110,317,83,26,747,595,152,,
5030303170014,5030303170014,43,4,1,52,17,2,128,119,9,,
5030303170015,5030303170015,48,0,27,39,0,10,144,124,20,,
5030303170016,5030303170016,110,17,182,118,4,44,523,475,48,,
5040103186001,5040103186001,159,7,75,31,14,2,302,288,14,,
5040103186002,5040103186002,173,73,82,193,103,39,747,663,84,,
5040103186003,5040103186003,83,14,14,15,23,17,178,166,12,,
5040103186004,5040103186004,371,5,215,38,66,36,752,731,21,,
5040103186005,5040103186005,33,3,10,9,9,2,71,66,5,,
5040103186006,5040103186006,294,7,21,80,62,20,594,484,110,,
5040103192001,5040103192001,143,15,97,59,19,3,424,336,88,,
5040103193001,5040103193001,67,7,1,48,14,2,147,139,8,,
5040103194001,5040103194001,192,9,12,104,15,44,446,376,70,,
5040103194002,5040103194002,54,21,41,41,34,0,218,191,27,,
5040103194003,5040103194003,402,14,168,79,33,27,765,723,42,,
5040103194004,5040103194004,61,41,309,231,116,83,848,841,7,,
5040103194005,5040103194005,114,7,124,354,5,14,722,618,104,,
5040103194006,5040103194006,59,14,233,262,75,14,750,657,93,,
5040103194007,5040103194007,80,29,85,62,13,0,292,269,23,,
5040103194008,5040103194008,216,33,27,211,41,5,590,533,57,,
5040103194009,5040103194009,83,14,90,227,94,31,681,539,142,,
5040203203001,5040203203001,142,6,192,221,31,51,672,643,29,,
5040203203002,5040203203002,86,9,26,22,24,16,205,183,22,,
5040203203003,5040203203003,74,1,32,0,8,5,127,120,7,,
5040203203004,5040203203004,106,25,19,154,18,17,368,339,29,,
5040203203005,5040203203005,270,50,195,-105,50,33,497,493,4,,
5040303208001,5040303208001,100,21,86,129,21,6,364,363,1,,
5040303208002,5040303208002,222,3,140,245,8,47,850,665,185,,
5040303208003,5040303208003,12,0,14,32,2,0,71,60,11,,
5040303208004,5040303208004,72,71,219,200,24,36,778,622,156,,
5040303208005,5040303208005,173,19,48,208,93,74,774,615,159,,
5040303208006,5040303208006,229,45,109,45,15,42,597,485,112,,
5040303208007,5040303208007,267,26,78,2,24,6,413,403,10,,
5040303208008,5040303208008,303,26,121,-44,86,63,691,555,136,,
5040303208009,5040303208009,1,42,8,407,59,12,644,529,115,,
5040303208010,5040303208010,260,17,74,374,59,6,807,790,17,,
5040303208011,5040303208011,450,15,265,-22,109,69,925,886,39,,
5040303208012,5040303208012,535,78,205,-79,50,32,846,821,25,,
5040303208013,5040303208013,19,0,12,36,2,2,73,71,2,,
5040303221001,5040303221001,129,41,53,98,10,31,405,362,43,,
5040303221002,5040303221002,263,45,24,254,96,12,732,694,38,,
5040303221003,5040303221003,70,35,159,118,93,46,598,521,77,,
5040303221004,5040303221004,107,64,28,401,90,10,724,700,24,,
5040303221005,5040303221005,78,56,203,244,36,77,789,694,95,,
5040303221006,5040303221006,299,27,132,52,52,1,690,563,127,,
5040303221007,5040303221007,461,56,50,131,61,58,955,817,138,,
5040303221008,5040303221008,99,12,78,54,50,31,350,324,26,,
5040303221009,5040303221009,295,37,160,109,102,56,911,759,152,,
5040303221010,5040303221010,12,5,22,36,10,8,117,93,24,,
5040303221011,5040303221011,56,6,18,30,7,10,137,127,10,,
5040403232001,5040403232001,132,28,29,31,43,17,336,280,56,,
5040403232002,5040403232002,85,2,149,169,86,57,574,548,26,,
5040403232003,5040403232003,56,4,121,67,48,20,349,316,33,,
5040403232004,5040403232004,261,8,278,105,76,70,907,798,109,,
5040403232005,5040403232005,209,3,113,-17,18,35,409,361,48,,
5040403232006,5040403232006,147,70,95,159,2,26,566,499,67,,
5040403232007,5040403232007,19,12,22,122,32,3,245,210,35,,
5040403232008,5040403232008,71,3,55,-5,21,2,166,147,19,,
5040403232009,5040403232009,138,97,279,148,53,6,774,721,53,,
5040403232010,5040403232010,313,39,163,-57,91,55,626,604,22,,
5040403232011,5040403232011,2,0,0,13,0,1,16,16,0,,
5040403232012,5040403232012,83,20,188,425,80,84,912,880,32,,
5040403232013,5040403232013,92,15,0,28,0,8,143,143,0,,
5040403232014,5040403232014,248,40,171,-64,31,27,555,453,102,,
5040403232015,5040403232015,140,38,152,297,48,64,791,739,52,,
5040403247001,5040403247001,109,91,342,144,121,50,940,857,83,,
5040403247002,5040403247002,36,3,50,119,15,24,251,247,4,,
5040403247003,5040403247003,15,44,110,171,71,37,513,448,65,,
5040403247004,5040403247004,55,4,43,29,34,17,218,182,36,,
5040403247005,5040403247005,144,8,75,45,23,17,323,312,11,,
5040403247006,5040403247006,137,53,96,104,0,41,486,431,55,,
5040403247007,5040403247007,103,6,97,145,42,10,473,403,70,,
5040403247008,5040403247008,7,3,22,64,22,14,152,132,20,,
5040403247009,5040403247009,257,49,31,78,88,57,626,560,66,,
5040403247010,5040403247010,53,70,91,301,78,4,662,597,65,,
5040403247011,5040403247011,15,13,14,167,2,24,275,235,40,,
5040403247012,5040403247012,6,5,63,66,2,0,153,142,11,,
5040403247013,5040403247013,232,47,71,123,62,1,578,536,42,,
5040503260001,5040503260001,173,20,210,265,40,63,817,771,46,,
5040503260002,5040503260002,187,93,234,136,62,63,778,775,3,,
5040503260003,5040503260003,175,7,99,97,25,34,476,437,39,,
5040503263001,5040503263001,104,28,136,328,25,15,774,636,138,,
5040503263002,5040503263002,133,53,209,99,66,23,595,583,12,,
5040503263003,5040503263003,138,7,4,169,54,34,449,406,43,,
5040503263004,5040503263004,28,8,0,48,18,7,123,109,14,,
5040503263005,5040503263005,224,61,42,144,74,42,661,587,74,,
5040503263006,5040503263006,26,2,56,31,17,1,155,133,22,,
5040503263007,5040503263007,124,43,12,332,50,44,768,605,163,,
5040503263008,5040503263008,30,7,16,28,0,0,96,81,15,,
5040503263009,5040503263009,90,32,21,184,9,12,391,348,43,,
5040503263010,5040503263010,246,8,31,51,17,22,390,375,15,,
5040503263011,5040503263011,258,80,14,263,104,1,743,720,23,,
5040503263012,5040503263012,47,36,59,136,21,8,382,307,75,,
5040503263013,5040503263013,21,28,2,199,42,11,332,303,29,,
5040503263014,5040503263014,20,25,57,80,31,5,264,218,46,,
5040503263015,5040503263015,279,28,83,28,53,52,608,523,85,,
5040503263016,5040503263016,158,26,52,-18,3,9,286,230,56,,
5040503263017,5040503263017,228,36,45,41,16,14,418,380,38,,
5040503263018,5040503263018,30,7,14,12,9,4,77,76,1,,
5040503263019,5040503263019,0,0,6,35,2,3,47,46,1,,
5040503263020,5040503263020,1,48,165,166,70,23,541,473,68,,
5040503283001,5040503283001,132,21,19,235,36,28,529,471,58,,
5040503283002,5040503283002,287,51,93,-19,41,6,485,459,26,,
5040503283003,5040503283003,14,39,259,355,105,64,889,836,53,,
5040503283004,5040503283004,66,99,173,372,82,33,877,825,52,,
5040503283005,5040503283005,226,0,234,10,101,28,649,599,50,,
5040503283006,5040503283006,136,26,50,-1,32,21,273,264,9,,
5040503283007,5040503283007,8,0,1,16,4,0,30,29,1,,
5040503283008,5040503283008,10,6,30,86,13,12,159,157,2,,
5040503283009,5040503283009,51,30,27,98,48,25,334,279,55,,
5040503283010,5040503283010,266,70,222,-54,35,18,562,557,5,,
5040503283011,5040503283011,27,25,126,286,83,59,617,606,11,,
5040503283012,5040503283012,121,76,338,295,11,23,922,864,58,,
5040503283013,5040503283013,60,22,7,77,17,15,220,198,22,,
5040503283014,5040503283014,350,77,6,265,25,47,784,770,14,,
5050203297001,5050203297001,224,2,7,271,4,42,649,550,99,,
5050203297002,5050203297002,97,49,40,217,46,8,502,457,45,,
5050203297003,5050203297003,24,16,66,53,32,3,214,194,20,,
5050203297004,5050203297004,57,56,120,262,21,26,620,542,78,,
5050203297005,5050203297005,484,67,155,-17,99,68,921,856,65,,
5050203297006,5050203297006,316,54,170,-26,39,25,620,578,42,,
5050203297007,5050203297007,482,79,109,48,79,22,948,819,129,,
5050203297008,5050203297008,110,20,44,-19,32,21,225,208,17,,
5050203297009,5050203297009,198,35,76,-6,51,4,423,358,65,,
5050203297010,5050203297010,271,1,129,92,108,77,826,678,148,,
5050203297011,5050203297011,133,0,100,159,14,3,414,409,5,,
5050203297012,5050203297012,62,5,141,89,15,32,386,344,42,,
5050203297013,5050203297013,345,35,74,21,113,59,823,647,176,,
5050203297014,5050203297014,513,89,323,-206,3,6,870,728,142,,
5050203297015,5050203297015,33,3,7,16,4,6,72,69,3,,
5050203297016,5050203297016,99,13,112,175,105,69,714,573,141,,
5050203297017,5050203297017,387,86,154,168,61,37,946,893,53,,
5050203314001,5050203314001,70,48,137,84,14,23,395,376,19,,
5050203314002,5050203314002,189,38,211,79,12,38,634,567,67,,
5050203314003,5050203314003,7,10,7,64,0,2,90,90,0,,
5050203314004,5050203314004,39,8,28,193,32,33,390,333,57,,
5050203314005,5050203314005,9,40,60,236,72,17,498,434,64,,
5050203314006,5050203314006,29,10,146,202,5,11,426,403,23,,
5050203314007,5050203314007,287,87,62,181,134,43,963,794,169,,
5050203314008,5050203314008,365,74,113,218,33,45,945,848,97,,
5050203314009,5050203314009,324,70,75,112,114,94,988,789,199,,
5050203314010,5050203314010,87,15,74,39,53,28,375,296,79,,
5050203314011,5050203314011,5,1,0,8,1,1,17,16,1,,
5050203314012,5050203314012,80,10,17,99,11,23,299,240,59,,
5050203314013,5050203314013,77,19,81,100,1,11,355,289,66,,
5050203314014,5050203314014,223,30,67,102,28,16,534,466,68,,
5050203314015,5050203314015,145,28,93,13,42,18,347,339,8,,
5070203329001,5070203329001,304,51,10,104,82,44,613,595,18,,
5070203329002,5070203329002,157,33,38,37,28,16,316,309,7,,
5070203329003,5070203329003,272,51,196,284,42,77,969,922,47,,
5070203329004,5070203329004,216,36,113,51,95,3,612,514,98,,
5070203329005,5070203329005,313,7,119,291,44,32,865,806,59,,
5070203329006,5070203329006,4,4,6,102,17,2,156,135,21,,
5070203329007,5070203329007,68,33,2,210,46,31,436,390,46,,
5070203329008,5070203329008,325,78,145,153,61,75,870,837,33,,
5070203329009,5070203329009,38,19,8,100,26,17,232,208,24,,
5070203329010,5070203329010,177,34,111,21,18,31,400,392,8,,
5070203329011,5070203329011,130,4,94,137,64,0,513,429,84,,
5070203329012,5070203329012,238,16,158,218,142,6,913,778,135,,
5070203329013,5070203329013,249,14,83,61,71,16,554,494,60,,
5070203329014,5070203329014,115,38,96,72,56,11,491,388,103,,
5070203329015,5070203329015,263,62,10,217,100,66,718,718,0,,
5070203329016,5070203329016,141,37,173,109,52,16,575,528,47,,
5070203345001,5070203345001,177,15,62,-5,12,11,299,272,27,,
5070203345002,5070203345002,344,1,213,-25,62,61,701,656,45,,
5070203345003,5070203345003,80,10,32,44,3,0,211,169,42,Mesa en lugar distinto: Funcionamiento de la mesa de sufragio en un recinto diferente al autorizado por la autoridad electoral.,MESA_LUGAR_DISTINTO
5080103348001,5080103348001,206,56,70,165,65,16,602,578,24,,
5080103348002,5080103348002,12,2,17,11,7,0,51,49,2,,
5080103348003,5080103348003,70,47,127,410,26,46,737,726,11,,
5080103348004,5080103348004,53,26,138,63,4,23,386,307,79,,
5080103348005,5080103348005,46,23,53,48,7,10,215,187,28,,
5080103348006,5080103348006,354,17,256,43,5,1,854,676,178,,
5080103348007,5080103348007,367,53,27,84,36,45,654,612,42,,
5080103348008,5080103348008,398,39,294,-88,150,87,954,880,74,,
5080103348009,5080103348009,533,30,272,-45,94,97,986,981,5,,
5080103348010,5080103348010,70,39,9,259,14,41,524,432,92,,
5080103348011,5080103348011,82,2,39,-4,13,15,179,147,32,,
5080103348012,5080103348012,259,46,65,207,87,29,836,693,143,,
5080103348013,5080103348013,256,71,156,20,49,68,727,620,107,,
5080103348014,5080103348014,327,74,16,92,95,9,780,613,167,,
5080103348015,5080103348015,4,4,5,60,15,3,106,91,15,,
5080103348016,5080103348016,68,7,11,38,18,1,175,143,32,,
5080103348017,5080103348017,136,2,86,203,56,52,564,535,29,,
5080103348018,5080103348018,284,62,115,21,16,0,522,498,24,,
5080203366001,5080203366001,8,0,3,4,0,1,20,16,4,,
5080203366002,5080203366002,242,39,123,223,13,65,785,705,80,,
5080203366003,5080203366003,521,18,87,167,66,49,952,908,44,,
5080203366004,5080203366004,50,9,59,51,15,18,203,202,1,,
5080203366005,5080203366005,425,74,90,47,115,66,956,817,139,,
5080203366006,5080203366006,36,7,30,-5,14,5,92,87,5,,
5080203366007,5080203366007,229,21,46,518,49,57,936,920,16,,
5080203366008,5080203366008,157,19,144,248,73,36,735,677,58,,
5080203366009,5080203366009,79,71,112,320,60,3,712,645,67,,
5080203366010,5080203366010,11,2,2,31,1,4,54,51,3,,
5080203366011,5080203366011,36,14,70,129,57,37,407,343,64,,
5080203366012,5080203366012,134,16,39,259,77,14,678,539,139,,
5080203366013,5080203366013,9,3,2,14,0,1,35,29,6,,
5080203366014,5080203366014,34,10,33,110,1,10,210,198,12,,
5080203366015,5080203366015,48,37,150,115,1,36,393,387,6,,
5080203366016,5080203366016,5,16,65,167,58,14,370,325,45,,
5080203366017,5080203366017,3,1,2,4,0,1,12,11,1,,
5090103383001,5090103383001,21,5,22,13,5,6,87,72,15,,
5090103383002,5090103383002,41,65,213,283,47,75,864,724,140,,
5090103383003,5090103383003,450,77,270,-163,17,7,695,658,37,,
5090103383004,5090103383004,116,5,61,97,29,6,328,314,14,,
5090103383005,5090103383005,87,23,11,68,33,13,243,235,8,,
5090103383006,5090103383006,13,37,75,435,82,73,768,715,53,,
5090103383007,5090103383007,68,0,41,113,33,24,290,279,11,,
5090103383008,5090103383008,374,19,57,87,30,20,604,587,17,,
5090103391001,5090103391001,96,34,28,244,6,22,535,430,105,,
5090103391002,5090103391002,64,51,304,301,24,28,914,772,142,,
5090103391003,5090103391003,187,33,73,-18,27,34,412,336,76,,
5090203394001,5090203394001,38,7,31,47,2,12,174,137,37,,
5090203394002,5090203394002,53,64,208,147,48,3,581,523,58,,
5090203394003,5090203394003,77,52,101,151,14,0,426,395,31,,
5090203394004,5090203394004,34,49,124,599,73,6,897,885,12,,
5090203394005,5090203394005,44,18,29,98,14,9,227,212,15,,
5090203394006,5090203394006,11,4,19,14,3,2,54,53,1,,
5090203394007,5090203394007,77,12,38,-14,17,6,139,136,3,,
5090203394008,5090203394008,390,66,180,5,1,27,777,669,108,,
5090203394009,5090203394009,34,5,79,165,42,2,341,327,14,,
5090203394010,5090203394010,180,3,67,-8,57,13,397,312,85,,
5090203394011,5090203394011,191,21,140,-50,38,12,397,352,45,,
5090203394012,5090203394012,312,97,103,280,50,4,965,846,119,,
5090203394013,5090203394013,56,2,28,53,5,11,167,155,12,,
5090203394014,5090203394014,272,66,125,120,8,16,765,607,158,Falta de datos de apertura o cierre: Omisión de la hora exacta de inicio o finalización de la jornada electoral en el acta.,FALTA_DATOS_APERTURA_CIERRE
5090203394015,5090203394015,109,12,30,17,1,13,230,182,48,,
5090203394016,5090203394016,212,19,116,-29,36,17,392,371,21,,
5090203410001,5090203410001,16,5,34,59,1,11,128,126,2,,
5090203410002,5090203410002,162,2,167,104,42,28,506,505,1,,
5090203410003,5090203410003,486,11,110,60,103,39,891,809,82,,
5090203410004,5090203410004,121,32,221,84,42,37,545,537,8,,
5090203410005,5090203410005,233,23,131,96,43,44,623,570,53,,
5090203410006,5090203410006,137,61,198,207,28,44,746,675,71,,
5090203410007,5090203410007,60,5,35,-15,17,6,126,108,18,,
5090203410008,5090203410008,509,12,75,92,56,79,919,823,96,,
5090203410009,5090203410009,349,54,266,44,132,75,967,920,47,,
5090203410010,5090203410010,11,12,55,93,4,4,207,179,28,,
5090203410011,5090203410011,382,67,142,-70,15,50,690,586,104,,
5090203410012,5090203410012,111,15,27,69,3,10,291,235,56,,
5090203410013,5090203410013,213,55,16,394,57,92,953,827,126,,
5090203410014,5090203410014,100,9,64,104,53,11,393,341,52,,
5090203410015,5090203410015,409,97,142,13,40,24,864,725,139,,
5100103425001,5100103425001,150,32,72,30,53,40,447,377,70,,
5100103425002,5100103425002,61,23,18,84,19,15,228,220,8,,
5100103425003,5100103425003,256,38,161,330,67,23,962,875,87,,
5100103425004,5100103425004,7,12,14,142,10,2,195,187,8,,
5100103425005,5100103425005,39,14,47,108,19,14,247,241,6,,
5100103425006,5100103425006,110,9,7,160,56,33,456,375,81,,
5100103425007,5100103425007,39,15,92,139,31,1,385,317,68,,
5100103425008,5100103425008,23,10,9,34,12,7,101,95,6,,
5100103425009,5100103425009,77,1,31,41,21,7,217,178,39,,
5100103425010,5100103425010,29,13,43,15,8,12,134,120,14,,
5100103425011,5100103425011,23,64,183,293,8,6,712,577,135,,
5100103425012,5100103425012,101,20,88,17,37,17,287,280,7,,
5100103425013,5100103425013,5,1,4,3,2,1,19,16,3,,
5110103438001,5110103438001,44,74,189,247,115,57,819,726,93,,
5110103438002,5110103438002,58,24,50,126,43,6,349,307,42,,
5110103438003,5110103438003,427,38,269,-112,10,51,690,683,7,,
5110103438004,5110103438004,8,0,4,3,2,1,18,18,0,,
5110103438005,5110103438005,10,2,5,5,2,1,31,25,6,,
5110103438006,5110103438006,115,4,11,106,22,29,308,287,21,,
5110103438007,5110103438007,182,47,93,10,46,10,408,388,20,,
5110103438008,5110103438008,50,2,5,11,7,2,90,77,13,,
5110103438009,5110103438009,329,18,36,85,2,11,489,481,8,,
5110103438010,5110103438010,620,60,168,3,15,44,959,910,49,,
5110103438011,5110103438011,2,17,29,93,27,17,187,185,2,,
5110103438012,5110103438012,17,12,33,29,9,3,107,103,4,,
5110103438013,5110103438013,34,3,10,65,13,3,161,128,33,,
5110103438014,5110103438014,91,10,131,49,41,35,411,357,54,,
5110103438015,5110103438015,170,60,48,459,22,41,832,800,32,,
5110103438016,5110103438016,283,46,208,213,7,51,883,808,75,,
5110103438017,5110103438017,44,3,0,23,14,6,112,90,22,,
5110103438018,5110103438018,104,12,51,-12,4,11,178,170,8,,
5110103438019,5110103438019,112,17,84,35,19,32,342,299,43,,
5110103438020,5110103438020,338,18,66,131,66,26,648,645,3,,
5110203458001,5110203458001,46,30,123,226,109,61,694,595,99,,
5110203458002,5110203458002,13,1,26,106,0,18,185,164,21,,
5110203458003,5110203458003,10,20,18,92,29,13,191,182,9,,
5110203458004,5110203458004,132,83,133,305,129,13,940,795,145,,
5110203458005,5110203458005,105,23,40,11,28,3,239,210,29,,
5110203458006,5110203458006,236,1,27,150,71,18,619,503,116,,
5110203458007,5110203458007,263,29,276,-14,45,31,700,630,70,,
5110203458008,5110203458008,56,4,79,229,65,15,463,448,15,,
5110203458009,5110203458009,9,15,29,189,47,16,321,305,16,,
5110203458010,5110203458010,10,0,37,30,3,6,90,86,4,,
5110203458011,5110203458011,48,4,7,94,4,12,211,169,42,,
5110203458012,5110203458012,39,8,29,-11,0,2,76,67,9,,
5110203458013,5110203458013,34,19,108,68,54,7,366,290,76,,
5110203471001,5110203471001,34,5,14,-2,3,5,65,59,6,,
5110203471002,5110203471002,313,31,53,40,34,59,648,530,118,,
5110203471003,5110203471003,5,47,196,183,43,21,499,495,4,,
5110203471004,5110203471004,109,6,25,6,20,6,180,172,8,,
5110203471005,5110203471005,291,14,114,82,65,35,720,601,119,,
5110303476001,5110303476001,75,67,259,128,40,61,639,630,9,,
5110303476002,5110303476002,397,31,270,-34,16,8,748,688,60,,
5110303476003,5110303476003,2,0,2,2,1,0,8,7,1,,
5110303476004,5110303476004,2,11,147,298,34,41,674,533,141,,
5110303476005,5110303476005,434,24,106,27,83,32,893,706,187,,
5110303476006,5110303476006,128,33,90,35,4,4,374,294,80,,
5110303476007,5110303476007,82,8,94,6,37,6,288,233,55,,
5110303476008,5110303476008,263,17,223,11,81,8,770,603,167,,
5110303476009,5110303476009,88,50,209,285,0,14,718,646,72,,
5110303476010,5110303476010,1,0,5,71,16,3,109,96,13,,
5110303476011,5110303476011,0,18,94,130,48,18,349,308,41,,
5110303476012,5110303476012,36,25,74,189,54,13,428,391,37,,
5110303476013,5110303476013,29,16,76,35,13,18,237,187,50,,
5110303476014,5110303476014,89,6,83,130,37,8,398,353,45,,
5110303476015,5110303476015,18,5,7,15,10,7,78,62,16,,
5110303476016,5110303476016,128,15,3,41,9,14,216,210,6,,
5110303476017,5110303476017,191,64,36,151,64,24,614,530,84,,
5110303476018,5110303476018,259,46,27,86,58,24,542,500,42,,
5110303494001,5110303494001,145,19,267,136,130,27,868,724,144,,
5110303494002,5110303494002,104,66,130,267,57,42,822,666,156,,
5110303494003,5110303494003,315,52,181,-21,92,39,683,658,25,,
5110303494004,5110303494004,186,11,92,-18,28,14,351,313,38,,
5110303494005,5110303494005,14,69,225,163,78,50,616,599,17,,
5110303494006,5110303494006,9,3,23,14,7,0,56,56,0,,
5110303494007,5110303494007,53,7,30,-18,0,6,95,78,17,,
5110303494008,5110303494008,22,4,8,8,7,1,55,50,5,,
5110303494009,5110303494009,2,35,53,171,2,19,324,282,42,,
5110303494010,5110303494010,31,60,2,559,3,19,824,674,150,,
5110303494011,5110303494011,12,1,10,4,5,2,38,34,4,,
5110303494012,5110303494012,76,58,320,262,51,46,966,813,153,,
5110303494013,5110303494013,53,6,24,8,11,5,108,107,1,,
5110303494014,5110303494014,138,39,170,147,57,23,635,574,61,,
5120103508001,5120103508001,51,17,128,164,66,45,499,471,28,,
5120103508002,5120103508002,28,26,99,80,28,24,317,285,32,,
5120103508003,5120103508003,100,20,15,373,13,37,581,558,23,,
5120103508004,5120103508004,197,20,318,150,18,70,943,773,170,,
5120103508005,5120103508005,72,57,242,138,34,50,664,593,71,,
5120103508006,5120103508006,151,1,33,131,8,22,434,346,88,,
5120103508007,5120103508007,1,51,73,383,78,55,659,641,18,,
5120103508008,5120103508008,116,39,108,55,83,21,534,422,112,,
5120103508009,5120103508009,89,13,51,44,31,12,304,240,64,,
5120103508010,5120103508010,61,36,1,249,44,40,545,431,114,,
5120103508011,5120103508011,345,2,200,137,69,28,798,781,17,,
5120103508012,5120103508012,162,10,149,360,4,53,891,738,153,,
5120103508013,5120103508013,370,61,45,22,100,30,655,628,27,,
5120103508014,5120103508014,211,9,230,46,59,26,606,581,25,,
5120203522001,5120203522001,82,37,15,119,19,27,300,299,1,,
5120203522002,5120203522002,506,82,126,-13,64,10,799,775,24,,
5120203522003,5120203522003,48,12,112,300,12,24,563,508,55,,
5120203522004,5120203522004,231,51,50,101,72,51,653,556,97,,
5120203522005,5120203522005,201,9,68,115,70,48,652,511,141,,
5120203522006,5120203522006,69,13,16,15,1,2,125,116,9,,
5120203522007,5120203522007,111,47,57,183,80,8,598,486,112,,
5120203522008,5120203522008,60,46,39,232,11,12,454,400,54,,
5120203522009,5120203522009,5,30,6,175,42,22,338,280,58,,
5120203522010,5120203522010,283,11,370,110,80,86,993,940,53,,
5120203522011,5120203522011,159,20,121,-20,30,4,362,314,48,,
5120203522012,5120203522012,356,75,151,-14,87,79,813,734,79,,
5120203522013,5120203522013,286,38,177,36,55,62,675,654,21,,
5120203522014,5120203522014,324,41,129,235,105,60,949,894,55,,
5120203536001,5120203536001,194,52,22,419,90,40,853,817,36,,
5120303537001,5120303537001,325,1,178,9,25,16,678,554,124,,
5120303537002,5120303537002,203,79,98,319,93,15,867,807,60,,
5120303537003,5120303537003,1,0,0,1,0,0,2,2,0,,
5120303537004,5120303537004,176,60,151,126,30,36,591,579,12,,
5120303537005,5120303537005,184,25,112,74,45,57,630,497,133,,
5120303542001,5120303542001,39,5,22,106,47,27,306,246,60,,
5120303542002,5120303542002,263,95,324,-22,64,3,903,727,176,,
5120303542003,5120303542003,281,27,233,-66,111,70,755,656,99,,
5120303542004,5120303542004,219,7,227,90,97,69,778,709,69,,
5120303542005,5120303542005,145,68,56,414,37,20,836,740,96,,
5120303542006,5120303542006,121,21,127,51,25,6,396,351,45,,
5120303542007,5120303542007,249,8,26,79,52,34,529,448,81,,
5120303542008,5120303542008,132,84,182,181,92,28,769,699,70,,
5120303542009,5120303542009,150,71,103,306,122,9,897,761,136,,
5120303542010,5120303542010,339,60,7,168,125,80,891,779,112,,
5120303542011,5120303542011,346,14,32,101,80,80,837,653,184,,
5120303542012,5120303542012,87,85,250,409,17,45,916,893,23,,
5120303542013,5120303542013,18,7,8,27,4,3,75,67,8,,
5120303542014,5120303542014,96,5,7,64,20,13,261,205,56,,
5120303542015,5120303542015,59,5,4,18,2,2,93,90,3,,
5130103557001,5130103557001,43,6,66,107,13,14,267,249,18,,
5130103557002,5130103557002,185,25,100,56,3,5,421,374,47,,
5130103557003,5130103557003,447,86,221,-152,30,32,777,664,113,,
5130103557004,5130103557004,116,9,53,368,6,50,681,602,79,Mesa en lugar distinto: Funcionamiento de la mesa de sufragio en un recinto diferente al autorizado por la autoridad electoral.,MESA_LUGAR_DISTINTO
5130103557005,5130103557005,158,7,159,35,65,0,472,424,48,,
5130103557006,5130103557006,3,1,4,56,5,9,97,78,19,,
5130103557007,5130103557007,223,45,125,-24,13,25,517,407,110,,
5130103557008,5130103557008,347,7,121,33,28,61,706,597,109,,
5130103557009,5130103557009,187,6,104,355,100,10,787,762,25,,
5130103557010,5130103557010,131,18,78,-45,24,7,247,213,34,,
5130103557011,5130103557011,127,44,36,223,58,48,655,536,119,,
5130103557012,5130103557012,176,96,264,163,113,21,966,833,133,,
5130103557013,5130103557013,149,0,251,238,23,21,820,682,138,,
5130103570001,5130103570001,281,7,27,236,113,19,809,683,126,,
5130103570002,5130103570002,45,3,27,45,2,5,142,127,15,,
5130103570003,5130103570003,57,11,3,13,18,4,115,106,9,,
5130203573001,5130203573001,130,19,176,64,54,5,455,448,7,,
5130203573002,5130203573002,240,21,133,233,101,23,936,751,185,,
5130203573003,5130203573003,199,41,116,41,3,36,554,436,118,,
5130203573004,5130203573004,8,2,1,9,3,3,32,26,6,,
5130203573005,5130203573005,151,26,41,3,30,26,300,277,23,,
5130203573006,5130203573006,29,5,60,97,8,15,217,214,3,,
5130203573007,5130203573007,5,1,7,8,0,2,23,23,0,,
5130203573008,5130203573008,84,17,38,-14,25,4,159,154,5,,
5130203573009,5130203573009,173,6,269,140,21,2,721,611,110,,
5130203573010,5130203573010,423,55,237,-148,134,49,903,750,153,,
5130203583001,5130203583001,22,10,6,105,20,5,207,168,39,,
5130203583002,5130203583002,228,90,20,356,1,13,784,708,76,,
5130203583003,5130203583003,228,49,134,82,42,5,690,540,150,,
5130203583004,5130203583004,94,16,14,31,25,21,251,201,50,Errores de transcripción: Tachaduras o enmiendas en las casillas de resultados que no fueron aclaradas en el espacio de Observaciones con la frase corre y vale.,ERRORES_TRANSCRIPCION
5130203583005,5130203583005,21,3,4,7,3,3,48,41,7,,
5130203583006,5130203583006,328,79,11,247,0,40,748,705,43,,
5130203583007,5130203583007,289,52,169,-109,94,20,651,515,136,,
5130203583008,5130203583008,222,12,35,113,84,11,543,477,66,,
5130203583009,5130203583009,38,8,22,7,13,2,103,90,13,,
5130203583010,5130203583010,51,27,19,162,42,19,362,320,42,,
5130203583011,5130203583011,0,8,2,62,7,4,86,83,3,,
5130203583012,5130203583012,1,0,0,1,0,0,2,2,0,,
5130203583013,5130203583013,19,3,25,5,4,6,65,62,3,,
5130203583014,5130203583014,196,1,316,123,85,1,847,722,125,,
5140103597001,5140103597001,7,0,4,0,1,1,13,13,0,,
5140103597002,5140103597002,343,68,98,57,76,14,679,656,23,,
5140103597003,5140103597003,79,40,136,256,15,44,591,570,21,,
5140103597004,5140103597004,148,59,191,96,125,63,854,682,172,,
5140103597005,5140103597005,144,67,19,328,72,58,733,688,45,,
5150103602001,5150103602001,27,80,11,509,65,46,765,738,27,,
5150103603001,5150103603001,226,24,95,-38,11,31,392,349,43,,
5150103603002,5150103603002,245,17,166,-86,48,27,530,417,113,,
5150103603003,5150103603003,88,14,67,142,73,47,516,431,85,,
5150103603004,5150103603004,120,3,15,244,1,15,458,398,60,,
5160103607001,5160103607001,180,37,131,-45,62,12,403,377,26,,
5160103607002,5160103607002,231,13,19,351,115,53,995,782,213,,
5160103607003,5160103607003,11,6,1,50,1,7,85,76,9,,
5160103607004,5160103607004,223,55,232,-20,14,0,573,504,69,,
5160103607005,5160103607005,317,20,236,-16,87,1,778,645,133,,
5160103612001,5160103612001,80,13,59,48,20,20,269,240,29,,
5160103612002,5160103612002,164,44,181,174,11,59,678,633,45,,
5160103612003,5160103612003,89,16,64,385,57,21,737,632,105,,
5160103612004,5160103612004,36,46,81,158,62,23,408,406,2,,
5160103612005,5160103612005,87,65,244,337,43,69,874,845,29,,
5160103612006,5160103612006,10,2,135,422,142,64,939,775,164,,
5160103618001,5160103618001,68,0,42,-15,4,9,116,108,8,Falta de datos de apertura o cierre: Omisión de la hora exacta de inicio o finalización de la jornada electoral en el acta.,FALTA_DATOS_APERTURA_CIERRE
5160103618002,5160103618002,77,57,53,206,49,45,614,487,127,,
5160103618003,5160103618003,365,60,168,41,36,14,863,684,179,,
5160103618004,5160103618004,49,14,39,266,3,44,484,415,69,,
5160103618005,5160103618005,267,70,288,-25,15,41,695,656,39,,
5160103618006,5160103618006,297,20,148,49,64,42,639,620,19,,
5160103618007,5160103618007,47,8,36,15,15,8,165,129,36,,
5160103618008,5160103618008,0,2,13,16,6,0,38,37,1,,
5160103618009,5160103618009,113,71,254,128,99,26,787,691,96,,
5160103618010,5160103618010,88,17,107,78,47,20,454,357,97,,
5160103618011,5160103618011,367,101,377,-54,80,41,975,912,63,,
5160103618012,5160103618012,21,1,10,-1,1,1,35,33,2,,
5160103618013,5160103618013,85,32,33,307,5,11,554,473,81,Falta de firmas o huellas: Ausencia de rúbricas de al menos tres jurados electorales legalmente designados.,FALTA_FIRMAS_HUELLAS
5160103618014,5160103618014,398,73,0,183,29,52,916,735,181,,
5160103618015,5160103618015,55,21,150,139,22,10,441,397,44,,
5160103618016,5160103618016,34,2,12,-1,9,1,62,57,5,,
5160103618017,5160103618017,158,43,147,-22,24,42,450,392,58,,
5160103618018,5160103618018,126,5,100,-1,38,4,285,272,13,,
5160103618019,5160103618019,273,29,268,-22,52,64,733,664,69,,
5160103618020,5160103618020,180,55,124,124,106,60,791,649,142,,
6020103638001,6020103638001,30,10,9,40,16,12,134,117,17,,
6020103638002,6020103638002,10,85,67,441,98,13,754,714,40,,
6020103638003,6020103638003,309,26,187,26,89,83,859,720,139,,
6020103638004,6020103638004,28,32,109,62,13,13,303,257,46,,
6020103638005,6020103638005,76,99,345,248,67,42,969,877,92,,
6020103638006,6020103638006,52,41,151,157,47,9,507,457,50,,
6020103638007,6020103638007,0,0,0,1,0,0,1,1,0,,
6020103638008,6020103638008,28,2,16,1,8,5,63,60,3,,
6020103638009,6020103638009,4,0,1,13,2,1,24,21,3,,
6020103638010,6020103638010,327,19,35,103,85,18,670,587,83,,
6020103648001,6020103648001,32,11,0,45,15,2,107,105,2,,
6020103648002,6020103648002,106,9,298,294,7,60,936,774,162,,
6020103648003,6020103648003,3,12,7,72,9,11,121,114,7,,
6020103648004,6020103648004,83,11,21,34,21,10,198,180,18,,
6020103648005,6020103648005,2,10,26,123,16,3,226,180,46,,
6020103648006,6020103648006,458,32,296,-132,38,79,825,771,54,,
6030103654001,6030103654001,141,19,61,239,56,4,657,520,137,,
6030103654002,6030103654002,3,0,6,19,5,2,38,35,3,,
6030103654003,6030103654003,374,29,51,144,4,47,760,649,111,,
6030103654004,6030103654004,74,44,208,204,145,89,911,764,147,,
6030103654005,6030103654005,47,18,6,137,4,6,275,218,57,,
6030103654006,6030103654006,110,22,124,19,0,21,334,296,38,,
6030103654007,6030103654007,5,5,6,195,9,24,260,244,16,,
6030103654008,6030103654008,305,36,94,98,65,42,723,640,83,,
6030103654009,6030103654009,29,97,86,464,129,1,912,806,106,,
6030103654010,6030103654010,2,7,3,57,1,2,73,72,1,,
6030103654011,6030103654011,160,5,38,46,5,17,323,271,52,,
6030103665001,6030103665001,231,4,5,186,69,55,559,550,9,,
6030103665002,6030103665002,127,26,30,75,43,24,380,325,55,,
6030103665003,6030103665003,268,74,230,-55,15,42,727,574,153,,
6030103665004,6030103665004,70,0,38,-8,17,12,129,129,0,,
6030103665005,6030103665005,57,5,15,34,6,13,163,130,33,,
6030103665006,6030103665006,103,37,152,86,93,57,589,528,61,,
6030103665007,6030103665007,45,2,22,74,12,1,168,156,12,,
6030103665008,6030103665008,94,43,114,39,9,18,367,317,50,,
6030103665009,6030103665009,163,43,219,16,68,4,515,513,2,,
6030103665010,6030103665010,58,46,48,397,54,63,667,666,1,,
6030103665011,6030103665011,47,54,230,240,54,59,761,684,77,,
6030103665012,6030103665012,46,25,3,102,7,7,232,190,42,,
6030103665013,6030103665013,89,37,10,144,51,13,348,344,4,,
6030103665014,6030103665014,277,34,105,9,15,47,537,487,50,,
6030103665015,6030103665015,39,41,126,327,10,19,619,562,57,,
6030103665016,6030103665016,2,0,3,4,0,0,10,9,1,,
6030103665017,6030103665017,202,3,254,218,31,62,984,770,214,,
6030103665018,6030103665018,7,2,1,12,3,2,30,27,3,,
6030103683001,6030103683001,10,11,199,322,59,51,719,652,67,,
6030103683002,6030103683002,337,78,238,-31,43,80,809,745,64,,
6030103683003,6030103683003,64,13,55,-18,5,15,157,134,23,,
6030103683004,6030103683004,374,22,262,-107,23,67,795,641,154,,
6030103683005,6030103683005,109,9,3,137,29,27,323,314,9,,
6030103683006,6030103683006,225,29,117,-45,49,3,424,378,46,,
6030103683007,6030103683007,270,41,78,17,2,22,499,430,69,,
6030103683008,6030103683008,299,22,115,116,100,68,877,720,157,,
6030103683009,6030103683009,221,27,66,199,64,63,708,640,68,,
6030103683010,6030103683010,253,62,38,265,38,15,787,671,116,,
6030103683011,6030103683011,359,30,188,-19,67,57,691,682,9,,
6030103683012,6030103683012,299,69,38,380,25,16,841,827,14,,
6030103683013,6030103683013,57,15,15,43,20,4,181,154,27,,
6030203696001,6030203696001,408,53,131,25,25,81,823,723,100,,
6030203696002,6030203696002,38,9,54,88,15,0,213,204,9,,
6030203696003,6030203696003,113,38,95,33,3,7,342,289,53,,
6030203696004,6030203696004,307,50,139,163,88,19,903,766,137,,
6030203696005,6030203696005,249,55,37,293,13,16,810,663,147,,
6030203696006,6030203696006,45,17,13,61,13,1,158,150,8,,
6030203696007,6030203696007,5,10,123,360,88,10,652,596,56,,
6030203696008,6030203696008,50,25,92,186,11,23,444,387,57,,
6030203696009,6030203696009,66,29,10,302,38,3,466,448,18,,
6030203696010,6030203696010,43,20,28,124,6,3,276,224,52,,
6030203696011,6030203696011,192,26,109,247,77,22,824,673,151,,
6030203696012,6030203696012,559,75,40,146,24,52,961,896,65,,
6030203696013,6030203696013,39,11,26,39,25,1,177,141,36,,
6030203696014,6030203696014,28,0,32,93,3,2,171,158,13,,
6030203696015,6030203696015,69,14,77,89,67,38,427,354,73,,
6030203696016,6030203696016,355,24,31,249,45,2,724,706,18,,
6030203696017,6030203696017,2,1,4,31,0,2,49,40,9,,
6030203696018,6030203696018,22,21,74,101,9,27,312,254,58,,
6030203696019,6030203696019,44,16,40,13,22,5,165,140,25,,
6030203715001,6030203715001,207,45,66,87,47,34,582,486,96,,
6030203715002,6030203715002,162,35,38,429,37,65,798,766,32,,
6030203717001,6030203717001,3,7,4,42,10,3,74,69,5,,
6030203717002,6030203717002,21,6,1,22,7,5,67,62,5,,
6030203717003,6030203717003,21,7,11,19,7,0,76,65,11,,
6030203717004,6030203717004,67,0,11,21,3,2,129,104,25,,
6030203717005,6030203717005,237,30,131,-57,2,1,438,344,94,,
6030203717006,6030203717006,362,58,163,-79,106,57,811,667,144,,
6030203717007,6030203717007,263,89,100,321,35,8,943,816,127,,
6030203717008,6030203717008,48,9,25,-15,12,2,84,81,3,,
6030203717009,6030203717009,20,2,53,228,31,18,361,352,9,,
6030203717010,6030203717010,61,6,35,23,9,17,176,151,25,,
6030203717011,6030203717011,19,84,309,222,140,67,925,841,84,,
6030203717012,6030203717012,27,10,90,171,17,35,378,350,28,,
6030203717013,6030203717013,542,81,218,-90,29,10,968,790,178,,
6030203717014,6030203717014,41,30,53,118,46,31,374,319,55,,
6030203717015,6030203717015,4,6,2,30,8,6,65,56,9,,
6030203717016,6030203717016,171,1,27,234,44,26,582,503,79,,
6030203717017,6030203717017,174,38,26,114,31,27,410,410,0,,
6030203717018,6030203717018,129,29,155,1,21,35,382,370,12,,
6030203717019,6030203717019,55,49,31,289,84,53,696,561,135,,
6030203717020,6030203717020,388,0,185,-16,107,62,861,726,135,,
6030303737001,6030303737001,221,7,199,43,18,50,650,538,112,,
6030303737002,6030303737002,75,7,5,144,54,23,388,308,80,,
6030303737003,6030303737003,1,0,0,6,1,0,9,8,1,,
6030303737004,6030303737004,339,0,6,450,101,51,992,947,45,,
6030303737005,6030303737005,107,20,280,287,10,89,964,793,171,,
6030303737006,6030303737006,150,17,91,259,48,31,736,596,140,,
6030303737007,6030303737007,61,18,67,-4,13,9,177,164,13,,
6030303737008,6030303737008,38,10,76,65,25,19,269,233,36,,
6030303737009,6030303737009,6,13,34,184,4,30,342,271,71,,
6030303737010,6030303737010,20,31,21,244,17,11,355,344,11,,
6030303737011,6030303737011,7,3,11,68,5,4,100,98,2,,
6030303737012,6030303737012,214,9,41,43,36,27,457,370,87,,
6030303737013,6030303737013,240,62,77,232,135,62,853,808,45,,
6030303737014,6030303737014,55,0,12,65,17,1,154,150,4,,
6030303737015,6030303737015,353,84,135,56,74,55,828,757,71,,
6030303737016,6030303737016,106,7,28,152,47,13,421,353,68,,
6030303737017,6030303737017,378,72,65,33,28,11,624,587,37,,
6030303737018,6030303737018,2,8,44,69,0,1,145,124,21,,
6030303737019,6030303737019,197,20,49,108,11,4,391,389,2,,
6030303756001,6030303756001,211,32,241,135,0,59,807,678,129,,
6030303756002,6030303756002,239,47,38,69,33,49,562,475,87,,
6030303756003,6030303756003,6,1,2,4,2,1,19,16,3,,
6030303756004,6030303756004,179,46,69,203,36,75,768,608,160,,
6030303756005,6030303756005,64,21,83,88,31,25,359,312,47,,
6030303756006,6030303756006,82,0,102,32,20,4,241,240,1,,
6030303756007,6030303756007,303,108,41,304,36,18,846,810,36,,
6030303756008,6030303756008,10,4,58,77,7,4,188,160,28,,
6030303756009,6030303756009,62,29,78,177,63,18,469,427,42,,
6030303756010,6030303756010,146,20,49,3,4,10,251,232,19,,
6030303756011,6030303756011,96,59,98,313,77,45,834,688,146,,
6030303756012,6030303756012,24,4,33,33,14,2,111,110,1,,
6030303756013,6030303756013,234,62,144,2,59,35,594,536,58,Mesa en lugar distinto: Funcionamiento de la mesa de sufragio en un recinto diferente al autorizado por la autoridad electoral.,MESA_LUGAR_DISTINTO
6030303756014,6030303756014,87,11,102,24,8,16,282,248,34,,
6030303756015,6030303756015,93,93,183,272,32,20,753,693,60,,
6030303756016,6030303756016,237,7,34,192,116,31,758,617,141,,
6030303756017,6030303756017,269,15,177,-23,63,31,604,532,72,,
6030303756018,6030303756018,165,18,50,294,119,49,791,695,96,,
6030303756019,6030303756019,161,3,137,114,35,13,488,463,25,,
6040203775001,6040203775001,60,16,13,113,39,15,287,256,31,,
6050103776001,6050103776001,225,48,28,345,101,79,879,826,53,,
6050103776002,6050103776002,82,23,6,76,19,7,254,213,41,,
6050103776003,6050103776003,214,45,179,7,24,26,501,495,6,,
6050103776004,6050103776004,9,2,1,17,3,3,38,35,3,,
6050103776005,6050103776005,14,32,168,124,17,28,437,383,54,,
6050103776006,6050103776006,140,25,42,10,12,22,259,251,8,,
6050103776007,6050103776007,368,45,164,-61,105,9,727,630,97,,
6050103776008,6050103776008,425,17,277,-15,48,85,891,837,54,,
6050103776009,6050103776009,150,15,145,66,17,27,437,420,17,,
6050203785001,6050203785001,270,91,290,5,59,75,821,790,31,,
6050203785002,6050203785002,104,21,85,9,6,17,265,242,23,,
6050203785003,6050203785003,244,59,139,1,92,13,640,548,92,,
6050203785004,6050203785004,115,15,94,-25,35,4,281,238,43,,
6050203785005,6050203785005,284,15,136,-3,6,54,557,492,65,,
6050203785006,6050203785006,109,52,125,153,22,40,581,501,80,,
6050203785007,6050203785007,6,2,178,257,56,3,568,502,66,,
6050203785008,6050203785008,31,1,16,-3,6,5,56,56,0,,
6050203785009,6050203785009,254,43,209,-68,6,24,538,468,70,,
6050203785010,6050203785010,84,6,4,298,55,36,556,483,73,,
6050203785011,6050203785011,130,26,107,84,36,17,468,400,68,,
6050203785012,6050203785012,18,0,4,3,1,0,30,26,4,,
6060103797001,6060103797001,62,4,111,120,53,9,373,359,14,,
6060103797002,6060103797002,9,13,41,122,0,10,231,195,36,,
6060103797003,6060103797003,38,25,73,63,11,16,226,226,0,,
6060103797004,6060103797004,25,6,99,129,30,0,314,289,25,,
6060103797005,6060103797005,5,0,3,-1,0,0,8,7,1,,
6060103797006,6060103797006,82,11,287,221,63,32,726,696,30,,
6060103797007,6060103797007,92,43,106,179,8,62,627,490,137,,
7010103804001,7010103804001,86,1,14,348,94,24,663,567,96,,
7010103804002,7010103804002,200,17,0,509,33,43,846,802,44,,
7010103804003,7010103804003,17,15,9,280,72,47,554,440,114,,
7010103804004,7010103804004,416,24,7,48,45,38,641,578,63,,
7010103804005,7010103804005,217,4,7,118,45,9,404,400,4,,
7010103804006,7010103804006,607,10,19,110,144,7,911,897,14,,
7010103804007,7010103804007,393,11,14,185,46,1,665,650,15,,
7010103804008,7010103804008,3,1,1,30,6,0,50,41,9,,
7010103804009,7010103804009,70,0,1,23,10,8,120,112,8,,
7010103804010,7010103804010,81,23,8,303,88,4,591,507,84,,
7010103804011,7010103804011,575,20,23,52,125,59,933,854,79,,
7010103804012,7010103804012,35,1,0,13,1,0,57,50,7,,
7010103804013,7010103804013,6,4,19,529,3,14,698,575,123,,
7010103817001,7010103817001,46,22,4,360,60,42,633,534,99,,
7010103817002,7010103817002,184,19,6,134,90,43,582,476,106,,
7010103817003,7010103817003,145,11,4,52,22,18,262,252,10,Uso de formularios no oficiales: Llenado de resultados en documentos o formatos no aprobados por el Tribunal Supremo Electoral.,USO_FORMULARIOS_NO_OFICIALES
7010103817004,7010103817004,172,0,5,43,16,1,268,237,31,,
7010103817005,7010103817005,116,2,3,95,10,21,278,247,31,,
7010103817006,7010103817006,11,0,1,18,0,3,41,33,8,,
7010103817007,7010103817007,41,15,6,468,66,60,775,656,119,,
7010103817008,7010103817008,454,23,1,43,45,35,651,601,50,,
7010103817009,7010103817009,51,0,13,381,2,35,496,482,14,,
7010103817010,7010103817010,298,8,17,262,76,59,763,720,43,,
7010103817011,7010103817011,2,3,1,62,6,7,86,81,5,,
7010103817012,7010103817012,445,18,18,252,9,28,780,770,10,,
7010103817013,7010103817013,101,2,1,36,3,0,171,143,28,,
7010103817014,7010103817014,258,11,13,116,73,55,628,526,102,,
7010103817015,7010103817015,129,1,8,87,45,31,323,301,22,,
7010103817016,7010103817016,55,2,3,95,28,15,199,198,1,,
7010103817017,7010103817017,21,0,0,3,2,2,30,28,2,,
7010103817018,7010103817018,21,11,2,673,26,62,943,795,148,,
7010103817019,7010103817019,69,8,5,74,29,12,206,197,9,,
7010103817020,7010103817020,302,14,10,66,45,12,523,449,74,,
7010203837001,7010203837001,448,1,12,126,127,88,929,802,127,,
7010203837002,7010203837002,7,3,1,56,7,4,86,78,8,,
7010203837003,7010203837003,67,0,5,124,39,19,256,254,2,,
7010203837004,7010203837004,81,9,5,116,40,0,259,251,8,,
7010203841001,7010203841001,19,0,2,116,7,8,178,152,26,,
7010203841002,7010203841002,181,25,28,546,113,16,930,909,21,,
7010203841003,7010203841003,130,34,20,477,28,3,708,692,16,,
7010203841004,7010203841004,256,15,7,60,38,24,432,400,32,,
7010203841005,7010203841005,262,4,15,375,98,16,823,770,53,,
7010203841006,7010203841006,18,1,0,5,5,0,36,29,7,,
7010303847001,7010303847001,122,8,3,11,12,1,195,157,38,,
7010303847002,7010303847002,294,26,14,240,24,24,719,622,97,,
7010303847003,7010303847003,99,1,16,373,33,31,627,553,74,,
7010303847004,7010303847004,112,9,1,45,25,2,198,194,4,,
7010303847005,7010303847005,86,24,17,407,75,32,751,641,110,,
7010303847006,7010303847006,11,0,1,23,7,4,53,46,7,,
7010303847007,7010303847007,108,8,4,41,11,6,210,178,32,,
7010303847008,7010303847008,196,9,17,256,97,24,673,599,74,,
7010303847009,7010303847009,5,1,0,63,15,8,110,92,18,,
7010303847010,7010303847010,84,6,3,66,29,0,220,188,32,,
7010303847011,7010303847011,50,11,9,493,28,72,788,663,125,,
7010303847012,7010303847012,279,16,0,323,56,7,815,681,134,,
7010303847013,7010303847013,198,2,1,36,20,17,287,274,13,,
7010403860001,7010403860001,77,14,10,338,59,45,672,543,129,,
7010403860002,7010403860002,39,9,4,269,63,30,442,414,28,,
7010403860003,7010403860003,226,0,5,200,9,37,485,477,8,,
7010403860004,7010403860004,64,2,1,7,6,0,91,80,11,,
7010403860005,7010403860005,492,7,15,256,89,5,951,864,87,,
7010403865001,7010403865001,127,0,1,14,26,14,219,182,37,,
7010403865002,7010403865002,155,28,10,377,73,13,725,656,69,,
7010403865003,7010403865003,156,9,8,64,43,24,353,304,49,,
7010403865004,7010403865004,7,0,0,20,5,1,41,33,8,,
7010403865005,7010403865005,106,13,3,117,46,26,326,311,15,,
7010403865006,7010403865006,59,9,3,99,16,15,213,201,12,,
7010403865007,7010403865007,72,11,12,364,3,9,530,471,59,,
7010403865008,7010403865008,96,2,8,111,4,8,247,229,18,,
7010403873001,7010403873001,449,12,7,257,76,9,913,810,103,,
7010403873002,7010403873002,601,18,26,81,55,64,933,845,88,,
7010403873003,7010403873003,75,3,0,7,3,10,110,98,12,,
7010403873004,7010403873004,241,25,15,282,14,73,739,650,89,,
7010403873005,7010403873005,428,48,1,333,45,69,954,924,30,Uso de formularios no oficiales: Llenado de resultados en documentos o formatos no aprobados por el Tribunal Supremo Electoral.,USO_FORMULARIOS_NO_OFICIALES
7010403873006,7010403873006,99,0,5,47,36,10,241,197,44,,
7010403873007,7010403873007,387,12,15,70,90,30,613,604,9,,
7020203880001,7020203880001,665,21,1,53,5,69,839,814,25,,
7020203880002,7020203880002,205,8,7,16,23,0,261,259,2,,
7020203880003,7020203880003,513,16,15,69,93,3,837,709,128,,
7020203880004,7020203880004,151,11,8,247,5,33,507,455,52,,
7020203880005,7020203880005,106,3,5,55,29,9,248,207,41,,
7020203880006,7020203880006,319,14,13,43,16,36,559,441,118,,
7020203880007,7020203880007,17,40,18,616,58,40,893,789,104,,
7020203880008,7020203880008,112,20,11,196,46,29,457,414,43,,
7020203880009,7020203880009,357,18,2,342,29,2,852,750,102,,
7020203880010,7020203880010,95,6,5,119,12,24,294,261,33,,
7020203880011,7020203880011,254,8,1,94,46,31,469,434,35,,
7020203880012,7020203880012,271,10,9,52,4,16,377,362,15,,
7020203880013,7020203880013,195,1,6,125,74,45,522,446,76,,
7020203880014,7020203880014,101,26,3,419,83,19,744,651,93,,
7020203880015,7020203880015,701,39,23,60,9,73,991,905,86,,
7030203895001,7030203895001,23,0,0,44,7,1,87,75,12,,
7030203895002,7030203895002,356,18,15,16,19,27,498,451,47,,
7030203895003,7030203895003,468,1,8,62,32,31,633,602,31,,
7030203895004,7030203895004,5,1,1,48,1,2,64,58,6,,
7030203895005,7030203895005,128,11,0,250,34,19,527,442,85,,
7030203895006,7030203895006,230,5,7,60,75,48,500,425,75,,
7030203895007,7030203895007,178,13,22,426,122,70,955,831,124,,
7030203895008,7030203895008,67,17,4,430,64,3,696,585,111,,
7030203895009,7030203895009,4,0,4,114,23,3,162,148,14,,
7030203895010,7030203895010,312,11,8,103,99,61,654,594,60,,
7030203895011,7030203895011,201,18,9,79,7,22,344,336,8,,
7030203895012,7030203895012,180,16,11,187,3,8,426,405,21,,
7030203895013,7030203895013,450,28,16,22,108,60,834,684,150,,
7030203895014,7030203895014,35,5,1,117,2,2,203,162,41,,
7030203895015,7030203895015,78,1,8,184,14,12,323,297,26,,
7030203895016,7030203895016,285,14,14,74,66,46,581,499,82,,
7030203895017,7030203895017,22,5,4,215,23,21,294,290,4,,
7030203895018,7030203895018,392,19,20,89,94,44,800,658,142,,
7030203913001,7030203913001,240,2,13,147,3,21,479,426,53,,
7030203913002,7030203913002,0,0,0,1,0,0,1,1,0,,
7030203913003,7030203913003,419,28,2,186,17,6,741,658,83,,
7030203913004,7030203913004,111,4,3,177,52,21,409,368,41,,
7030203913005,7030203913005,81,11,3,100,42,19,293,256,37,,
7030203913006,7030203913006,262,29,5,275,49,80,873,700,173,,
7030203913007,7030203913007,22,36,16,796,36,28,986,934,52,,
7030203913008,7030203913008,450,30,1,173,80,50,910,784,126,,
7030203913009,7030203913009,519,23,9,108,119,73,987,851,136,,
7030203913010,7030203913010,363,12,7,76,63,30,573,551,22,,
7030203913011,7030203913011,313,23,1,95,89,43,600,564,36,,
7030203913012,7030203913012,17,2,6,226,18,22,317,291,26,,
7030203913013,7030203913013,81,10,2,99,38,16,250,246,4,,
7030203926001,7030203926001,91,1,4,367,75,16,646,554,92,,
7030203926002,7030203926002,19,0,1,142,23,19,209,204,5,,
7030203926003,7030203926003,123,3,5,104,9,25,302,269,33,,
7030203926004,7030203926004,23,12,4,289,34,16,397,378,19,,
7030203926005,7030203926005,289,2,2,95,88,53,616,529,87,,
7030203926006,7030203926006,122,8,2,110,37,24,362,303,59,,
7030303932001,7030303932001,101,6,4,29,16,11,167,167,0,,
7030303932002,7030303932002,49,10,0,152,15,6,292,232,60,,
7030303932003,7030303932003,100,2,6,115,26,5,279,254,25,,
7030303932004,7030303932004,496,11,17,31,47,7,632,609,23,,
7030303932005,7030303932005,541,13,18,197,19,1,954,789,165,,
7030303932006,7030303932006,433,12,8,183,40,73,795,749,46,,
7030303932007,7030303932007,115,1,0,36,17,6,182,175,7,,
7030303932008,7030303932008,405,41,14,248,23,72,844,803,41,,
7030303932009,7030303932009,265,22,18,358,98,94,968,855,113,,
7030303932010,7030303932010,83,2,2,83,31,3,211,204,7,,
7030303932011,7030303932011,31,3,0,46,14,1,117,95,22,,
7030303943001,7030303943001,136,9,1,33,7,14,220,200,20,,
7030303943002,7030303943002,4,1,0,21,5,3,35,34,1,,
7030303943003,7030303943003,5,4,2,277,19,26,385,333,52,,
7030303943004,7030303943004,99,13,3,114,1,8,243,238,5,,
7030303943005,7030303943005,37,2,2,66,3,6,143,116,27,,
7030303943006,7030303943006,4,0,1,25,5,3,42,38,4,,
7030303943007,7030303943007,335,30,15,143,35,3,563,561,2,,
7030303943008,7030303943008,121,1,5,12,27,0,179,166,13,,
7030303943009,7030303943009,3,0,0,8,0,0,13,11,2,,
7030303943010,7030303943010,220,10,12,160,17,53,576,472,104,,
7030303943011,7030303943011,15,0,0,2,0,0,20,17,3,,
7030303943012,7030303943012,26,1,4,137,44,24,291,236,55,,
7030303943013,7030303943013,147,26,7,428,86,50,803,744,59,,
7030303943014,7030303943014,113,14,7,209,44,37,494,424,70,,
7030303943015,7030303943015,132,1,6,52,32,21,265,244,21,,
7030303943016,7030303943016,394,29,20,200,4,45,732,692,40,,
7040103959001,7040103959001,294,1,2,76,18,12,457,403,54,,
7040103959002,7040103959002,304,10,9,144,2,26,571,495,76,,
7040103959003,7040103959003,57,14,10,240,44,45,458,410,48,,
7040103959004,7040103959004,5,4,0,80,16,11,129,116,13,,
7040103959005,7040103959005,2,0,0,5,0,0,8,7,1,,
7040103959006,7040103959006,70,8,1,227,12,0,324,318,6,,
7040103959007,7040103959007,326,16,3,50,73,39,583,507,76,,
7040103959008,7040103959008,269,9,0,93,82,53,637,506,131,,
7040103959009,7040103959009,47,3,0,9,6,1,71,66,5,,
7040203968001,7040203968001,211,0,17,269,26,9,566,532,34,,
7040203968002,7040203968002,225,29,19,298,116,1,832,688,144,,
7040203968003,7040203968003,296,5,16,428,103,7,889,855,34,,
7040203968004,7040203968004,235,0,17,205,96,61,619,614,5,,
7040203968005,7040203968005,155,12,3,157,64,33,433,424,9,,
7040203968006,7040203968006,11,38,20,601,48,21,844,739,105,,
7040203968007,7040203968007,89,33,31,675,59,10,935,897,38,,
7040203968008,7040203968008,215,2,15,169,17,38,459,456,3,,
7040203976001,7040203976001,240,3,0,238,49,13,626,543,83,,
7040203976002,7040203976002,219,22,14,143,22,25,505,445,60,,
7040203976003,7040203976003,59,0,2,28,18,6,132,113,19,,
7040203976004,7040203976004,33,10,1,133,16,24,269,217,52,,
7040203976005,7040203976005,75,2,3,34,22,1,151,137,14,,
7040203976006,7040203976006,545,36,19,60,30,31,786,721,65,,
7040203976007,7040203976007,15,13,10,347,32,10,492,427,65,,
7040203976008,7040203976008,195,23,0,299,15,46,692,578,114,,
7040203976009,7040203976009,78,16,15,545,108,31,971,793,178,,
7040203976010,7040203976010,5,3,3,116,15,11,178,153,25,,
7040203976011,7040203976011,136,4,0,26,26,13,222,205,17,,
7040203976012,7040203976012,226,6,15,456,41,13,885,757,128,,
7040203976013,7040203976013,332,2,20,294,22,19,838,689,149,,
7040203976014,7040203976014,72,2,1,8,15,0,102,98,4,,
7040203976015,7040203976015,2,3,7,260,10,35,358,317,41,,
7040203976016,7040203976016,154,7,21,593,125,9,948,909,39,,
7040203976017,7040203976017,143,23,15,248,65,31,538,525,13,,
7040203976018,7040203976018,412,22,27,358,49,12,949,880,69,,
7040203976019,7040203976019,116,0,12,661,26,72,980,887,93,,
7040203976020,7040203976020,241,15,10,5,11,29,374,311,63,,
7040203996001,7040203996001,140,10,8,94,15,23,298,290,8,,
7040203996002,7040203996002,531,38,15,219,24,34,895,861,34,,
7040203996003,7040203996003,48,6,2,109,4,12,215,181,34,,
7040203996004,7040203996004,56,6,4,153,10,21,304,250,54,,
7040203996005,7040203996005,142,5,7,129,37,27,358,347,11,,
7040203996006,7040203996006,350,19,3,123,93,45,733,633,100,,
7040203996007,7040203996007,7,6,0,114,2,0,158,129,29,,
7040203996008,7040203996008,273,17,10,141,69,36,660,546,114,,
7040203996009,7040203996009,58,9,9,198,46,20,420,340,80,,
7040203996010,7040203996010,14,0,0,4,0,2,24,20,4,,
7040203996011,7040203996011,372,29,19,78,66,59,678,623,55,,
7040203996012,7040203996012,338,8,16,55,43,53,607,513,94,,
7040203996013,7040203996013,250,11,10,48,30,0,378,349,29,,
7040203996014,7040203996014,62,2,1,111,23,12,228,211,17,,
7040203996015,7040203996015,48,2,12,278,46,54,563,440,123,,
7040203996016,7040203996016,83,0,2,9,0,3,99,97,2,,
7040203996017,7040203996017,122,1,1,17,1,3,167,145,22,,
7040203996018,7040203996018,79,22,10,391,64,35,738,601,137,,
7040203996019,7040203996019,109,12,11,177,48,17,419,374,45,,
7040204015001,7040204015001,55,20,7,523,69,18,731,692,39,,
7040204015002,7040204015002,41,4,0,89,4,16,166,154,12,,
7040204015003,7040204015003,6,4,5,264,0,9,318,288,30,,
7040204015004,7040204015004,24,5,7,272,39,48,502,395,107,,
7040204015005,7040204015005,116,4,2,25,8,4,188,159,29,,
7040204015006,7040204015006,358,26,3,226,104,5,922,722,200,,
7040204015007,7040204015007,248,2,3,218,58,10,682,539,143,,
7040204015008,7040204015008,40,12,2,189,18,23,286,284,2,,
7040204015009,7040204015009,230,3,11,576,16,32,930,868,62,,
7040204015010,7040204015010,34,0,2,28,1,2,71,67,4,,
7040204015011,7040204015011,2,35,21,577,112,39,903,786,117,,
7040204015012,7040204015012,18,1,1,30,6,4,71,60,11,,
7040204015013,7040204015013,72,11,3,138,33,24,342,281,61,,
7040204015014,7040204015014,1,0,0,18,2,0,21,21,0,,
7040404029001,7040404029001,142,14,6,343,93,2,714,600,114,,
7040404029002,7040404029002,22,1,1,24,3,4,56,55,1,,
7040404029003,7040404029003,207,18,14,248,64,63,674,614,60,,
7040404029004,7040404029004,5,0,0,33,1,1,49,40,9,,
7040404029005,7040404029005,80,11,4,103,25,11,257,234,23,,
7040404029006,7040404029006,64,6,5,256,49,36,422,416,6,,
7040404029007,7040404029007,55,7,0,120,40,9,283,231,52,,
7040404029008,7040404029008,407,24,4,20,98,33,688,586,102,,
7040404029009,7040404029009,267,8,6,20,17,33,392,351,41,,
7040404029010,7040404029010,91,8,2,50,30,9,217,190,27,,
7040404029011,7040404029011,259,2,6,28,56,42,433,393,40,,
7040404029012,7040404029012,332,16,6,340,91,34,823,819,4,,
7040404029013,7040404029013,123,7,5,105,25,27,297,292,5,,
7040404029014,7040404029014,119,1,5,39,2,7,217,173,44,,
7040404029015,7040404029015,205,7,12,116,32,36,489,408,81,,
7040404029016,7040404029016,359,23,13,29,63,46,580,533,47,,
7040404029017,7040404029017,277,29,12,336,76,73,894,803,91,,
7040404046001,7040404046001,86,4,0,39,19,9,197,157,40,,
7040404046002,7040404046002,240,7,12,241,12,6,534,518,16,,
7040404046003,7040404046003,316,20,10,48,54,53,598,501,97,,
7040404046004,7040404046004,13,9,5,191,18,14,313,250,63,,
7040404046005,7040404046005,288,21,11,122,34,24,524,500,24,,
7040404046006,7040404046006,59,6,6,152,13,16,305,252,53,,
7040404046007,7040404046007,488,33,21,141,105,17,931,805,126,,
7040404046008,7040404046008,306,19,8,99,43,2,528,477,51,,
7040404046009,7040404046009,54,11,7,179,32,30,372,313,59,,
7040404046010,7040404046010,143,13,3,75,27,31,331,292,39,,
7040404046011,7040404046011,30,0,2,30,10,6,82,78,4,,
7040404046012,7040404046012,54,0,0,38,15,0,114,107,7,,
7040404046013,7040404046013,50,10,8,175,29,14,351,286,65,,
7040404046014,7040404046014,77,1,2,37,14,0,159,131,28,,
7040404046015,7040404046015,31,3,0,92,14,9,159,149,10,,
7040404046016,7040404046016,306,2,12,45,47,49,511,461,50,,
7040404046017,7040404046017,57,5,5,718,33,20,880,838,42,,
7040404046018,7040404046018,551,15,13,42,44,81,852,746,106,,
7040404064001,7040404064001,265,21,3,235,102,12,790,638,152,,
7040404064002,7040404064002,11,7,11,261,32,1,330,323,7,,
7040404064003,7040404064003,575,21,0,99,4,6,744,705,39,,
7040404064004,7040404064004,196,10,12,89,29,38,450,374,76,,
7040404068001,7040404068001,3,4,6,391,70,30,529,504,25,,
7040404068002,7040404068002,149,14,0,175,62,43,560,443,117,,
7040404068003,7040404068003,16,1,15,434,106,57,707,629,78,,
7040404068004,7040404068004,87,10,0,120,28,27,291,272,19,,
7040404068005,7040404068005,647,40,4,77,112,66,976,946,30,,
7040404068006,7040404068006,24,1,1,71,12,3,140,112,28,,
7040404068007,7040404068007,71,4,1,60,17,19,216,172,44,,
7040404068008,7040404068008,57,6,7,167,44,13,316,294,22,,
7040404068009,7040404068009,18,0,0,10,0,2,37,30,7,,
7040404068010,7040404068010,388,19,15,154,17,28,703,621,82,,
7040404068011,7040404068011,118,4,6,358,105,51,685,642,43,,
7040404068012,7040404068012,14,5,0,121,8,15,206,163,43,,
7040404068013,7040404068013,533,45,3,207,15,70,920,873,47,,
7040404068014,7040404068014,16,9,1,235,46,2,337,309,28,Falta de firmas o huellas: Ausencia de rúbricas de al menos tres jurados electorales legalmente designados.,FALTA_FIRMAS_HUELLAS
7040404068015,7040404068015,10,22,6,563,87,43,758,731,27,,
7040404068016,7040404068016,281,19,2,216,122,83,906,723,183,,
7050104084001,7050104084001,69,13,0,158,14,21,278,275,3,,
7050104084002,7050104084002,48,0,3,127,39,11,255,228,27,,
7050104084003,7050104084003,75,6,0,32,13,3,156,129,27,,
7050104084004,7050104084004,9,0,0,2,1,0,12,12,0,,
7050104084005,7050104084005,4,0,0,1,0,0,5,5,0,,
7050104084006,7050104084006,440,6,5,69,115,13,737,648,89,,
7050104084007,7050104084007,110,1,6,161,49,10,343,337,6,,
7050104084008,7050104084008,13,18,23,605,141,34,983,834,149,,
7050104092001,7050104092001,468,14,11,73,55,17,669,638,31,,
7050104092002,7050104092002,124,40,17,565,7,2,933,755,178,,
7050104092003,7050104092003,43,6,4,179,6,6,257,244,13,,
7050104092004,7050104092004,353,0,0,162,52,27,609,594,15,,
7050104092005,7050104092005,159,11,6,39,4,17,260,236,24,,
7050104092006,7050104092006,247,4,7,111,67,9,492,445,47,,
7050104092007,7050104092007,68,1,2,43,25,15,194,154,40,,
7050104092008,7050104092008,20,0,0,9,2,0,34,31,3,,
7050104092009,7050104092009,392,6,5,45,70,1,522,519,3,,
7050104092010,7050104092010,25,18,9,431,63,2,697,548,149,,
7050104092011,7050104092011,157,13,10,346,38,10,603,574,29,,
7050104092012,7050104092012,435,31,15,127,72,68,772,748,24,,
7050104092013,7050104092013,83,2,3,65,23,2,185,178,7,,
7050104092014,7050104092014,49,0,1,20,6,6,94,82,12,,
7050104092015,7050104092015,518,9,25,162,67,69,898,850,48,,
7050104092016,7050104092016,144,7,6,167,1,15,368,340,28,,
7050104092017,7050104092017,40,5,0,254,50,13,398,362,36,,
7050104092018,7050104092018,19,1,0,11,0,0,31,31,0,,
7050104092019,7050104092019,123,7,6,40,33,3,265,212,53,,
7050104092020,7050104092020,244,30,2,307,48,1,722,632,90,,
7050104112001,7050104112001,14,28,18,419,35,9,598,523,75,,
7050104112002,7050104112002,683,35,18,49,44,2,958,831,127,,
7050104112003,7050104112003,82,2,0,81,13,4,227,182,45,,
7050104112004,7050104112004,278,31,19,339,16,57,816,740,76,,
7050104112005,7050104112005,32,1,2,45,14,6,125,100,25,,
7050104112006,7050104112006,151,10,7,21,15,21,228,225,3,,
7050104112007,7050104112007,1,0,0,14,1,1,19,17,2,,
7050104112008,7050104112008,50,2,11,274,43,24,409,404,5,,
7050104120001,7050104120001,14,1,1,95,12,11,161,134,27,,
7050104120002,7050104120002,174,12,7,110,53,15,420,371,49,,
7050104120003,7050104120003,333,19,14,15,20,40,492,441,51,,
7050204123001,7050204123001,118,15,3,648,40,47,983,871,112,,
7050204123002,7050204123002,245,5,5,175,10,36,586,476,110,,
7050204123003,7050204123003,321,1,0,73,52,34,486,481,5,,
7050204123004,7050204123004,60,17,20,627,85,19,940,828,112,,
7050204123005,7050204123005,234,19,3,104,90,18,574,468,106,,
7050204123006,7050204123006,312,23,6,214,103,46,800,704,96,,
7050204123007,7050204123007,93,8,16,376,60,20,603,573,30,,
7050204123008,7050204123008,3,4,2,65,0,7,84,81,3,,
7050204123009,7050204123009,506,14,6,203,27,47,854,803,51,,
7050304132001,7050304132001,11,40,27,666,62,45,943,851,92,,
7050304132002,7050304132002,118,1,0,141,58,20,413,338,75,,
7050304132003,7050304132003,99,4,4,16,0,12,139,135,4,,
7050304132004,7050304132004,452,28,18,46,6,44,653,594,59,,
7050304132005,7050304132005,197,5,5,83,51,23,374,364,10,,
7050304132006,7050304132006,98,8,3,38,3,15,178,165,13,,
7050304132007,7050304132007,392,5,7,54,113,68,714,639,75,,
7050304132008,7050304132008,237,38,26,367,149,11,949,828,121,,
7050304132009,7050304132009,72,23,16,535,126,20,869,792,77,,
7050304132010,7050304132010,126,2,5,51,17,2,228,203,25,,
7050304132011,7050304132011,242,16,7,177,11,3,574,456,118,,
7050304132012,7050304132012,201,10,17,302,2,30,580,562,18,,
7050304132013,7050304132013,13,1,0,28,3,1,53,46,7,,
7050304132014,7050304132014,204,11,21,344,53,59,736,692,44,,
7050304132015,7050304132015,110,9,3,49,2,7,192,180,12,,
7050304132016,7050304132016,28,8,21,666,35,37,797,795,2,,
7050304132017,7050304132017,223,13,5,284,69,51,746,645,101,,
7050304132018,7050304132018,36,4,1,36,15,4,114,96,18,,
7050304132019,7050304132019,78,1,6,148,13,25,338,271,67,,
7050304132020,7050304132020,94,6,4,40,6,14,186,164,22,,
7060104152001,7060104152001,177,1,8,183,55,31,541,455,86,,
7060104152002,7060104152002,423,11,11,136,111,89,993,781,212,,
7060104152003,7060104152003,48,3,3,51,18,9,150,132,18,,
7060104152004,7060104152004,171,2,26,467,32,12,712,710,2,,
7060104152005,7060104152005,80,4,4,60,0,10,197,158,39,,
7060104152006,7060104152006,11,0,0,6,2,1,22,20,2,,
7060104152007,7060104152007,429,20,8,39,15,29,564,540,24,,
7060104152008,7060104152008,1,2,2,61,9,3,86,78,8,,
7060104152009,7060104152009,58,5,7,127,27,17,290,241,49,,
7060104152010,7060104152010,92,19,10,395,58,21,700,595,105,,
7060104152011,7060104152011,71,5,2,15,16,13,139,122,17,,
7060104163001,7060104163001,381,17,6,148,74,55,699,681,18,,
7060104163002,7060104163002,135,6,2,117,15,6,288,281,7,,
7060104163003,7060104163003,22,10,13,561,2,6,759,614,145,,
7060104163004,7060104163004,510,25,17,55,42,31,687,680,7,,
7060104163005,7060104163005,46,2,3,54,16,4,151,125,26,,
7060104163006,7060104163006,218,20,1,241,6,63,654,549,105,,
7060104163007,7060104163007,14,8,3,185,41,3,261,254,7,,
7060104163008,7060104163008,3,5,13,352,70,37,590,480,110,,
7060104163009,7060104163009,31,4,1,92,4,11,148,143,5,,
7060104172001,7060104172001,45,30,12,551,24,38,758,700,58,,
7060104172002,7060104172002,577,15,14,191,67,37,926,901,25,,
7060104172003,7060104172003,7,0,0,9,0,0,19,16,3,,
7060104172004,7060104172004,83,18,3,241,61,28,461,434,27,,
7060104172005,7060104172005,286,1,16,190,71,19,643,583,60,,
7060104172006,7060104172006,177,7,12,111,34,21,403,362,41,,
7060104172007,7060104172007,59,0,7,317,10,5,456,398,58,,
7060104172008,7060104172008,80,11,2,555,115,58,875,821,54,,
7060104172009,7060104172009,276,6,7,229,77,52,699,647,52,,
7060104172010,7060104172010,314,32,19,193,1,48,715,607,108,,
7060104172011,7060104172011,58,2,11,245,7,21,436,344,92,,
7060104172012,7060104172012,43,5,0,149,37,13,276,247,29,,
7060104172013,7060104172013,124,8,7,89,13,27,304,268,36,,
7060104172014,7060104172014,16,9,12,279,46,17,432,379,53,,
7060104172015,7060104172015,25,3,0,82,14,12,146,136,10,,
7060104172016,7060104172016,210,19,11,394,6,28,745,668,77,,
7060104172017,7060104172017,5,7,0,230,33,23,367,298,69,,
7060204189001,7060204189001,296,18,11,54,103,62,683,544,139,,
7060204189002,7060204189002,10,1,0,11,2,0,28,24,4,,
7060204189003,7060204189003,42,11,8,163,31,1,271,256,15,,
7060204189004,7060204189004,47,23,11,348,73,21,643,523,120,,
7060204189005,7060204189005,268,26,3,250,85,76,838,708,130,,
7060204189006,7060204189006,559,0,12,130,101,43,940,845,95,,
7060204189007,7060204189007,22,3,0,34,11,3,74,73,1,,
7060204189008,7060204189008,636,1,8,71,17,51,921,784,137,,
7060204189009,7060204189009,109,16,12,181,64,31,432,413,19,,
7060204189010,7060204189010,53,1,4,226,40,39,424,363,61,,
7060204189011,7060204189011,40,0,3,124,20,13,221,200,21,,
7060204189012,7060204189012,178,16,7,111,67,50,522,429,93,,
7060204189013,7060204189013,53,1,0,40,3,2,105,99,6,,
7060204189014,7060204189014,400,23,1,173,50,16,730,663,67,,
7060204189015,7060204189015,275,17,8,277,46,25,705,648,57,,
7060204189016,7060204189016,4,21,13,349,25,6,516,418,98,,
7060204189017,7060204189017,20,19,19,550,92,67,781,767,14,,
7060304206001,7060304206001,122,23,16,347,115,48,770,671,99,,
7060304206002,7060304206002,1,0,0,10,2,0,15,13,2,,
7060304206003,7060304206003,52,1,1,113,6,4,211,177,34,,
7060304206004,7060304206004,62,6,4,157,21,34,363,284,79,,
7060304206005,7060304206005,34,2,8,420,108,63,719,635,84,,
7060304206006,7060304206006,490,33,25,291,8,71,989,918,71,,
7060304206007,7060304206007,63,13,6,236,28,15,384,361,23,,
7060304206008,7060304206008,59,11,3,152,25,22,339,272,67,,
7060304206009,7060304206009,16,34,3,686,42,82,984,863,121,,
7060304206010,7060304206010,87,15,12,244,7,19,489,384,105,,
7060304206011,7060304206011,61,4,2,21,11,11,118,110,8,,
7060304206012,7060304206012,36,6,9,413,85,38,673,587,86,,
7060304218001,7060304218001,60,5,14,429,66,28,670,602,68,,
7060304218002,7060304218002,179,9,7,32,31,17,299,275,24,,
7060304218003,7060304218003,96,16,2,258,33,39,493,444,49,,
7060304218004,7060304218004,33,2,1,59,2,7,111,104,7,,
7060304218005,7060304218005,36,2,1,71,0,3,136,113,23,,
7060304218006,7060304218006,79,0,2,49,2,11,163,143,20,,
7060304218007,7060304218007,270,10,8,49,65,7,500,409,91,,
7060304218008,7060304218008,189,32,5,592,11,84,984,913,71,,
7060304218009,7060304218009,113,2,11,541,21,13,830,701,129,,
7060304218010,7060304218010,494,12,2,159,56,8,828,731,97,,
7060304218011,7060304218011,515,1,8,252,63,12,881,851,30,,
7060304218012,7060304218012,145,18,11,139,46,9,435,368,67,,
7060304218013,7060304218013,162,30,3,390,60,89,914,734,180,,
7060304218014,7060304218014,191,13,2,32,22,28,333,288,45,,
7060304218015,7060304218015,365,11,4,99,52,74,762,605,157,,
7060304218016,7060304218016,86,0,11,299,16,23,444,435,9,,
7060304218017,7060304218017,17,0,1,56,4,1,82,79,3,,
7060304218018,7060304218018,198,10,2,142,79,16,520,447,73,,
7060304218019,7060304218019,18,7,2,191,3,25,260,246,14,,
7060304237001,7060304237001,5,0,2,69,0,3,89,79,10,,
7060304237002,7060304237002,242,5,4,157,74,59,621,541,80,,
7060304237003,7060304237003,16,11,2,309,30,21,395,389,6,,
7060304237004,7060304237004,139,3,5,8,20,8,228,183,45,,
7060304237005,7060304237005,410,30,4,119,5,53,726,621,105,,
7070104242001,7070104242001,177,24,3,236,77,19,641,536,105,,
7070104242002,7070104242002,58,10,3,271,17,9,384,368,16,,
7070204244001,7070204244001,138,6,7,90,8,7,294,256,38,,
7070204244002,7070204244002,152,11,0,118,39,36,455,356,99,,
7070204244003,7070204244003,139,0,7,192,26,25,458,389,69,,
7070204244004,7070204244004,39,20,9,277,73,27,480,445,35,,
7070204244005,7070204244005,37,27,3,423,78,22,663,590,73,,
7070204244006,7070204244006,294,0,6,312,95,22,840,729,111,,
7070204244007,7070204244007,163,11,8,114,0,34,350,330,20,,
7070204251001,7070204251001,597,13,2,138,47,59,994,856,138,,
7070204251002,7070204251002,383,22,25,260,13,85,983,788,195,,
7070204251003,7070204251003,124,4,3,168,70,5,446,374,72,,
7070204251004,7070204251004,177,3,0,212,72,9,592,473,119,,
7070204251005,7070204251005,99,48,17,665,6,53,993,888,105,,
7070204251006,7070204251006,359,17,4,84,86,39,661,589,72,,
7070204251007,7070204251007,7,0,1,22,3,0,37,33,4,,
7070204251008,7070204251008,94,5,2,162,9,16,363,288,75,,
7070204251009,7070204251009,325,10,14,21,45,53,538,468,70,,
7070204251010,7070204251010,196,2,11,92,27,27,405,355,50,,
7070204251011,7070204251011,14,1,0,9,0,0,24,24,0,,
7070204251012,7070204251012,141,19,4,177,66,31,448,438,10,,
7070304263001,7070304263001,155,27,14,457,74,47,952,774,178,,
7070304263002,7070304263002,116,6,1,59,0,0,182,182,0,,
7070304263003,7070304263003,595,33,14,56,60,33,941,791,150,,
7070304263004,7070304263004,272,0,7,78,51,30,464,438,26,,
7070304263005,7070304263005,24,11,16,407,21,36,570,515,55,,
7070304263006,7070304263006,390,35,10,305,75,0,861,815,46,,
7070304263007,7070304263007,134,27,21,488,47,94,996,811,185,,
7070304263008,7070304263008,12,0,0,17,3,1,42,33,9,,
7070304263009,7070304263009,363,9,10,61,60,13,622,516,106,,
7070304263010,7070304263010,64,6,0,42,3,5,126,120,6,,
7070304263011,7070304263011,128,8,1,42,29,19,236,227,9,,
7070304274001,7070304274001,13,2,3,77,16,3,123,114,9,,
7070304274002,7070304274002,233,14,8,99,27,15,450,396,54,,
7070304274003,7070304274003,21,0,1,21,5,5,64,53,11,,
7070304274004,7070304274004,215,13,9,17,16,22,325,292,33,,
7070304274005,7070304274005,256,23,9,129,100,8,651,525,126,,
7070304274006,7070304274006,40,8,7,479,26,3,564,563,1,,
7070304274007,7070304274007,177,18,5,353,20,6,682,579,103,,
7070304274008,7070304274008,135,40,24,572,92,90,961,953,8,,
7070304274009,7070304274009,19,1,2,58,15,1,105,96,9,,
7070304274010,7070304274010,346,5,8,136,18,57,721,570,151,,
7070304274011,7070304274011,67,8,4,390,21,31,556,521,35,,
7070304274012,7070304274012,169,3,1,55,17,27,298,272,26,,
7070304274013,7070304274013,86,20,6,270,11,30,518,423,95,,
7070304274014,7070304274014,361,14,20,184,79,71,894,729,165,,
7070304274015,7070304274015,109,18,12,336,103,27,700,605,95,,
7070304274016,7070304274016,361,19,8,63,47,37,651,535,116,,
7070304274017,7070304274017,19,5,2,92,21,2,141,141,0,,
7070304291001,7070304291001,58,5,5,137,14,4,284,223,61,,
7070304291002,7070304291002,236,15,5,127,37,19,516,439,77,,
7070304291003,7070304291003,63,4,2,39,2,6,135,116,19,,
7070304291004,7070304291004,172,13,9,60,40,25,334,319,15,,
7070304291005,7070304291005,43,0,1,95,9,18,198,166,32,,
7070304291006,7070304291006,11,2,1,38,6,5,64,63,1,,
7070304291007,7070304291007,71,9,14,290,70,40,501,494,7,,
7070304291008,7070304291008,493,10,21,254,58,9,863,845,18,,
7070304291009,7070304291009,330,12,5,190,75,12,629,624,5,,
7070304291010,7070304291010,212,0,1,568,39,76,913,896,17,,
7070304291011,7070304291011,164,2,2,537,46,83,874,834,40,,
7070304291012,7070304291012,112,16,11,376,66,7,739,588,151,,
7070304291013,7070304291013,145,8,1,501,60,60,844,775,69,,
7070304291014,7070304291014,56,16,10,594,108,52,973,836,137,,
7070304291015,7070304291015,43,1,0,30,1,7,92,82,10,,
7070404306001,7070404306001,172,4,3,50,20,20,311,269,42,,
7070404306002,7070404306002,102,13,9,132,19,22,334,297,37,,
7070404306003,7070404306003,460,4,16,283,41,8,854,812,42,,
7070404306004,7070404306004,491,36,7,92,100,92,989,818,171,,
7070404306005,7070404306005,362,11,8,79,26,25,560,511,49,,
7070404306006,7070404306006,10,19,2,397,80,53,662,561,101,,
7070404306007,7070404306007,35,14,9,395,11,49,555,513,42,,
7070404306008,7070404306008,237,18,8,261,97,9,659,630,29,,
7070404306009,7070404306009,124,7,6,55,28,16,276,236,40,,
7070404306010,7070404306010,548,38,1,142,110,22,962,861,101,,
7070404306011,7070404306011,121,22,12,228,0,28,503,411,92,,
7070404306012,7070404306012,249,6,5,29,48,12,443,349,94,,
7070404306013,7070404306013,12,12,3,185,34,14,262,260,2,,
7070404306014,7070404306014,189,5,2,21,45,19,296,281,15,,
7070404320001,7070404320001,18,1,0,44,9,2,84,74,10,,
7070404320002,7070404320002,91,11,4,86,27,25,288,244,44,,
7070404320003,7070404320003,219,8,11,138,21,29,477,426,51,,
7070404320004,7070404320004,60,10,0,308,80,29,591,487,104,,
7070404320005,7070404320005,316,19,13,128,86,15,657,577,80,,
7070404320006,7070404320006,387,14,11,272,35,18,846,737,109,,
7070404320007,7070404320007,274,6,3,131,68,56,605,538,67,,
7070404320008,7070404320008,154,1,7,51,20,11,266,244,22,,
7070404320009,7070404320009,232,18,10,217,43,31,663,551,112,,
7070404320010,7070404320010,122,31,8,445,15,20,783,641,142,,
7070504330001,7070504330001,281,13,2,462,52,25,851,835,16,,
7070504330002,7070504330002,115,3,0,23,18,0,175,159,16,,
7070504330003,7070504330003,37,9,9,315,51,17,479,438,41,,
7070504330004,7070504330004,115,18,1,235,54,35,484,458,26,,
7070504330005,7070504330005,12,0,0,15,4,3,41,34,7,,
7070504330006,7070504330006,7,8,2,246,41,30,393,334,59,,
7070504330007,7070504330007,366,23,2,117,104,57,688,669,19,,
7070504330008,7070504330008,389,32,4,137,32,25,659,619,40,,
7070504330009,7070504330009,18,1,1,39,4,4,68,67,1,,
7070504330010,7070504330010,561,14,24,53,112,72,965,836,129,,
7070504330011,7070504330011,326,21,14,369,115,7,992,852,140,,
7070504330012,7070504330012,1,0,0,1,0,0,2,2,0,,
7070504330013,7070504330013,324,11,10,84,34,19,616,482,134,,
7070504330014,7070504330014,300,9,2,41,5,34,498,391,107,,
7070504330015,7070504330015,39,0,6,223,40,10,330,318,12,,
7070504330016,7070504330016,456,7,1,76,23,38,664,601,63,,
7070504330017,7070504330017,509,14,16,88,57,25,861,709,152,,
7070504330018,7070504330018,67,6,2,63,12,12,169,162,7,,
7070604348001,7070604348001,61,6,10,364,15,9,538,465,73,,
7070604348002,7070604348002,211,10,6,72,26,5,376,330,46,,
7070604348003,7070604348003,146,8,6,118,41,26,380,345,35,,
7070604348004,7070604348004,364,42,10,371,71,10,920,868,52,,
7070604348005,7070604348005,458,4,12,85,33,54,739,646,93,,
7070604348006,7070604348006,344,17,13,182,70,17,703,643,60,,
7070604348007,7070604348007,428,33,28,285,147,37,991,958,33,,
7070604348008,7070604348008,388,35,9,173,76,21,777,702,75,,
7070604348009,7070604348009,131,16,10,323,76,53,622,609,13,,
7070604348010,7070604348010,54,7,6,117,30,7,234,221,13,,
7070604348011,7070604348011,78,5,5,196,54,6,353,344,9,,
7070604348012,7070604348012,468,26,13,91,104,28,747,730,17,,
7070704360001,7070704360001,167,7,6,49,25,5,287,259,28,,
7070704360002,7070704360002,216,2,12,93,11,19,423,353,70,Papeletas no autorizadas: Cómputo de votos realizados en papeletas que no cuentan con las medidas de seguridad o el diseño oficial del OEP.,PAPELETAS_NO_AUTORIZADAS
7070704360003,7070704360003,21,1,4,100,1,6,165,133,32,,
7070704360004,7070704360004,186,9,9,67,7,9,303,287,16,,
7070704364001,7070704364001,22,3,2,174,43,11,326,255,71,,
7080104365001,7080104365001,153,10,3,220,5,13,440,404,36,,
7080104365002,7080104365002,42,6,8,171,26,7,264,260,4,,
7080104365003,7080104365003,276,14,8,132,61,8,627,499,128,,
7080104365004,7080104365004,28,1,2,200,7,19,278,257,21,,
7080104365005,7080104365005,64,17,19,524,92,62,893,778,115,,
7080104365006,7080104365006,14,4,3,171,10,6,213,208,5,,
7080104365007,7080104365007,249,9,3,177,29,26,616,493,123,,
7080104365008,7080104365008,5,9,4,211,0,25,284,254,30,,
7080104365009,7080104365009,388,30,10,85,10,37,636,560,76,,
7080104365010,7080104365010,124,3,5,26,0,8,210,166,44,,
7080104365011,7080104365011,271,5,1,146,44,21,524,488,36,,
7080104365012,7080104365012,19,0,0,5,3,2,33,29,4,,
7080104365013,7080104365013,87,30,8,508,96,9,782,738,44,,
7080104365014,7080104365014,110,12,5,293,30,31,601,481,120,,
7080204379001,7080204379001,421,24,7,46,5,56,588,559,29,,
7080204379002,7080204379002,295,15,1,73,12,28,500,424,76,,
7080204379003,7080204379003,129,11,0,119,13,17,306,289,17,,
7080204379004,7080204379004,461,9,7,98,69,80,812,724,88,,
7080204379005,7080204379005,155,14,12,285,19,19,505,504,1,,
7080204379006,7080204379006,9,0,7,261,21,6,346,304,42,,
7080204379007,7080204379007,84,29,21,695,8,21,912,858,54,,
7080204379008,7080204379008,10,1,1,38,3,3,58,56,2,,
7080204379009,7080204379009,31,17,8,246,7,22,405,331,74,,
7080204379010,7080204379010,53,1,7,281,39,4,392,385,7,,
7080204379011,7080204379011,365,9,13,35,101,54,703,577,126,,
7080204379012,7080204379012,11,3,2,179,15,3,229,213,16,,
7080204379013,7080204379013,175,6,16,443,53,40,740,733,7,,
7080204379014,7080204379014,204,17,3,164,26,32,498,446,52,,
7080204379015,7080204379015,161,17,2,116,21,2,390,319,71,,
7080204379016,7080204379016,183,19,23,435,9,45,781,714,67,,
7080204379017,7080204379017,43,2,7,152,21,23,267,248,19,,
7080204379018,7080204379018,3,2,1,37,4,4,61,51,10,,
7080204379019,7080204379019,143,10,2,265,63,4,538,487,51,,
7080204379020,7080204379020,19,3,0,40,8,4,83,74,9,,
7080204399001,7080204399001,50,2,3,37,3,1,117,96,21,,
7080204399002,7080204399002,96,4,7,182,0,9,352,298,54,,
7080204399003,7080204399003,8,0,1,98,2,5,125,114,11,,
7080204399004,7080204399004,205,4,9,182,19,32,464,451,13,,
7080204399005,7080204399005,174,11,1,74,49,20,348,329,19,,
7080204399006,7080204399006,3,1,0,38,3,1,49,46,3,,
7080204399007,7080204399007,207,16,11,254,52,23,607,563,44,,
7080204399008,7080204399008,15,2,3,68,8,7,106,103,3,,
7080204399009,7080204399009,367,21,16,451,56,28,963,939,24,,
7080204399010,7080204399010,191,10,1,152,18,24,427,396,31,,
7080204399011,7080204399011,514,32,17,22,76,27,712,688,24,,
7080204399012,7080204399012,46,2,1,30,4,4,98,87,11,,
7080204399013,7080204399013,226,4,6,269,125,76,880,706,174,,
7080204399014,7080204399014,617,0,20,181,63,9,936,890,46,,
7080204399015,7080204399015,27,1,8,193,41,33,358,303,55,,
7080204399016,7080204399016,224,21,29,536,3,45,911,858,53,,
7080204399017,7080204399017,457,18,27,269,41,19,852,831,21,,
7080204399018,7080204399018,128,19,5,258,48,2,489,460,29,,
7080204399019,7080204399019,23,14,18,608,42,50,927,755,172,,
7080204418001,7080204418001,27,0,1,91,16,16,169,151,18,,
7080204418002,7080204418002,75,4,3,388,60,47,645,577,68,,
7080204418003,7080204418003,201,39,13,416,10,27,880,706,174,,
7080204418004,7080204418004,371,24,9,50,50,62,657,566,91,,
7080204418005,7080204418005,230,18,8,111,68,9,466,444,22,,
7080304423001,7080304423001,29,26,5,535,62,33,840,690,150,,
7080304423002,7080304423002,100,0,6,65,0,7,195,178,17,,
7080304423003,7080304423003,96,4,1,51,0,18,205,170,35,,
7080304423004,7080304423004,59,3,4,53,15,4,146,138,8,,
7080304423005,7080304423005,146,5,4,183,62,27,461,427,34,,
7080304423006,7080304423006,101,8,7,155,3,3,320,277,43,,
7080304423007,7080304423007,251,14,4,23,1,30,384,323,61,,
7080304423008,7080304423008,94,34,20,512,114,22,851,796,55,,
7080404431001,7080404431001,401,39,6,228,152,44,979,870,109,,
7080404431002,7080404431002,308,40,30,408,19,44,998,849,149,,
7080404431003,7080404431003,146,15,2,240,35,6,494,444,50,,
7080404431004,7080404431004,208,8,7,29,25,22,304,299,5,,
7080404431005,7080404431005,67,6,1,408,38,20,625,540,85,,
7080404431006,7080404431006,279,21,9,202,83,16,765,610,155,,
7080404431007,7080404431007,387,25,9,248,51,4,870,724,146,,
7080404431008,7080404431008,322,1,11,90,12,41,479,477,2,,
7080404431009,7080404431009,183,4,11,187,61,27,473,473,0,,
7080404431010,7080404431010,322,7,1,265,39,1,737,635,102,,
7080404431011,7080404431011,26,2,1,29,7,4,81,69,12,,
7080404431012,7080404431012,266,5,8,126,49,38,496,492,4,,
7080404431013,7080404431013,108,1,4,78,15,15,247,221,26,,
7080404431014,7080404431014,317,19,16,131,64,49,706,596,110,,
7080404431015,7080404431015,511,37,19,90,54,5,772,716,56,,
7080404431016,7080404431016,233,14,7,93,40,27,497,414,83,,
7080404431017,7080404431017,118,6,0,105,35,23,358,287,71,,
7080404431018,7080404431018,71,0,5,229,18,38,393,361,32,,
7080404431019,7080404431019,45,1,3,159,8,7,245,223,22,,
7080404450001,7080404450001,434,6,18,75,64,63,811,660,151,Inconsistencia aritmética: Suma de votos por candidatos que no coincide con el total de votos válidos o votos emitidos.,INCONSISTENCIA_ARITMETICA
7080404450002,7080404450002,318,33,15,452,94,67,987,979,8,,
7080404450003,7080404450003,504,7,9,68,83,77,869,748,121,,
7080404450004,7080404450004,20,2,2,158,20,27,281,229,52,,
7080404450005,7080404450005,3,14,6,316,32,17,394,388,6,,
7080404455001,7080404455001,62,2,1,58,15,4,160,142,18,,
7080404455002,7080404455002,213,2,3,316,13,20,688,567,121,,
7080404457001,7080404457001,337,11,15,55,76,48,575,542,33,,
7080404457002,7080404457002,137,14,0,314,86,17,680,568,112,,
7080404457003,7080404457003,65,5,1,43,5,3,124,122,2,,
7080404457004,7080404457004,171,8,3,23,52,26,344,283,61,,
7080404457005,7080404457005,340,14,8,421,6,11,905,800,105,,
7080404457006,7080404457006,243,7,9,125,49,21,578,454,124,,
7080404457007,7080404457007,697,16,23,66,31,33,869,866,3,,
7080404457008,7080404457008,298,11,10,43,22,20,407,404,3,,
7080404457009,7080404457009,2,4,0,102,17,1,131,126,5,,
7080404457010,7080404457010,34,1,9,230,36,30,344,340,4,,
7080404457011,7080404457011,39,1,1,12,4,0,65,57,8,,
7080404457012,7080404457012,94,5,4,174,14,25,329,316,13,,
7080404457013,7080404457013,49,6,4,116,4,12,195,191,4,,
7080404457014,7080404457014,20,1,1,33,10,6,89,71,18,,
7080404457015,7080404457015,2,0,0,2,0,0,4,4,0,,
7080404457016,7080404457016,57,18,6,341,95,45,629,562,67,,
7080404457017,7080404457017,7,0,0,29,4,1,51,41,10,,
7080404457018,7080404457018,189,17,0,384,1,40,634,631,3,,
7080404457019,7080404457019,99,7,5,108,1,25,255,245,10,,
7080404457020,7080404457020,215,12,10,156,54,51,588,498,90,,
7080504477001,7080504477001,114,14,15,281,34,9,508,467,41,,
7080504477002,7080504477002,252,6,1,220,18,3,583,500,83,,
7090104479001,7090104479001,0,1,0,36,6,2,46,45,1,,
7090104479002,7090104479002,81,31,17,498,92,74,890,793,97,,
7090104479003,7090104479003,330,20,14,93,50,41,622,548,74,,
7090104479004,7090104479004,279,2,15,254,23,46,657,619,38,,
7090104479005,7090104479005,165,8,8,323,56,21,670,581,89,,
7090104479006,7090104479006,13,20,8,660,72,95,972,868,104,,
7090104479007,7090104479007,213,7,0,168,15,37,498,440,58,,
7090104479008,7090104479008,341,26,9,99,12,15,550,502,48,,
7090104479009,7090104479009,230,14,8,117,2,24,439,395,44,,
7090104479010,7090104479010,33,1,0,24,10,5,80,73,7,,
7090204489001,7090204489001,32,0,11,268,60,13,430,384,46,,
7090204489002,7090204489002,344,13,12,43,60,36,612,508,104,,
7090204489003,7090204489003,0,1,1,65,7,5,85,79,6,,
7090204489004,7090204489004,43,12,5,292,9,14,471,375,96,,
7090204489005,7090204489005,84,0,3,46,13,7,157,153,4,,
7090204489006,7090204489006,208,21,3,346,37,56,821,671,150,,
7090204489007,7090204489007,73,2,26,602,110,35,852,848,4,,
7090204496001,7090204496001,168,24,1,253,24,17,506,487,19,,
7090204496002,7090204496002,36,5,4,59,3,2,132,109,23,,
7090204496003,7090204496003,1,0,0,15,1,0,18,17,1,,
7090204496004,7090204496004,83,21,1,399,92,37,725,633,92,,
7090204496005,7090204496005,397,4,20,241,52,21,825,735,90,,
7090204501001,7090204501001,287,25,7,238,32,66,792,655,137,,
7090204501002,7090204501002,6,15,5,431,78,19,616,554,62,,
7090304503001,7090304503001,90,7,4,583,131,3,851,818,33,,
7090304503002,7090304503002,65,10,5,297,72,50,575,499,76,,
7090304503003,7090304503003,38,3,1,287,63,16,443,408,35,,
7090304503004,7090304503004,19,0,1,20,5,0,51,45,6,,
7090304503005,7090304503005,474,36,21,109,104,7,831,751,80,,
7090304503006,7090304503006,127,3,9,170,48,31,487,388,99,,
7090304503007,7090304503007,308,7,7,247,127,77,878,773,105,,
7090304503008,7090304503008,144,13,10,138,47,36,401,388,13,,
7090304503009,7090304503009,65,9,4,102,7,9,233,196,37,,
7090404512001,7090404512001,4,0,0,21,1,0,29,26,3,,
7090404512002,7090404512002,126,7,6,77,47,25,347,288,59,,
7090404512003,7090404512003,332,21,17,156,91,47,792,664,128,,
7090404512004,7090404512004,58,6,3,46,3,0,119,116,3,,
7090404512005,7090404512005,71,0,6,256,0,18,378,351,27,,
7090404512006,7090404512006,375,7,7,77,81,5,657,552,105,,
7090404512007,7090404512007,34,2,3,95,3,5,153,142,11,,
7090404512008,7090404512008,73,3,2,98,34,8,226,218,8,,
7090404512009,7090404512009,180,7,1,96,41,4,368,329,39,,
7090404512010,7090404512010,36,4,16,444,56,1,713,557,156,,
7090404512011,7090404512011,14,4,2,222,33,22,366,297,69,,
7100104523001,7100104523001,39,4,2,246,15,8,334,314,20,,
7100104523002,7100104523002,53,8,7,204,3,18,304,293,11,,
7100104523003,7100104523003,330,11,13,29,8,1,400,392,8,,
7100104523004,7100104523004,42,2,1,64,16,13,144,138,6,,
7100104523005,7100104523005,183,30,24,499,104,22,973,862,111,,
7100104523006,7100104523006,137,0,6,79,18,17,280,257,23,,
7100104523007,7100104523007,259,11,2,462,116,6,952,856,96,,
7100104523008,7100104523008,112,16,7,314,30,7,553,486,67,,
7100104523009,7100104523009,110,7,3,19,15,12,172,166,6,,
7100104523010,7100104523010,225,13,19,517,19,28,879,821,58,,
7100104523011,7100104523011,107,14,5,118,10,19,332,273,59,,
7100104523012,7100104523012,157,29,12,337,1,50,722,586,136,,
7100104523013,7100104523013,42,0,1,19,10,6,89,78,11,,
7100104523014,7100104523014,156,7,4,43,0,23,264,233,31,,
7100104523015,7100104523015,37,4,1,71,13,3,162,129,33,,
7100104523016,7100104523016,551,8,5,78,117,8,899,767,132,,
7100104523017,7100104523017,142,7,6,44,24,15,250,238,12,,
7100104523018,7100104523018,473,12,15,41,115,57,884,713,171,,
7100204541001,7100204541001,454,17,19,79,52,71,740,692,48,,
7100204541002,7100204541002,2,0,0,1,0,0,3,3,0,,
7100204541003,7100204541003,14,6,12,314,77,32,530,455,75,,
7100204541004,7100204541004,64,12,3,188,24,1,306,292,14,,
7100204541005,7100204541005,218,10,6,321,45,27,768,627,141,,
7100204541006,7100204541006,262,4,6,141,19,49,592,481,111,,
7100204541007,7100204541007,119,2,0,49,27,8,215,205,10,,
7100204541008,7100204541008,12,22,18,477,114,61,842,704,138,,
7100204541009,7100204541009,353,2,14,255,134,73,998,831,167,,
7100304550001,7100304550001,23,9,7,174,41,0,303,254,49,,
7100304550002,7100304550002,278,14,17,375,49,53,791,786,5,,
7100304550003,7100304550003,321,15,26,354,36,77,847,829,18,,
7100304550004,7100304550004,61,7,11,468,20,12,600,579,21,,
7100304550005,7100304550005,131,2,4,36,9,6,191,188,3,,
7100304550006,7100304550006,99,6,13,269,65,39,519,491,28,,
7100304550007,7100304550007,45,0,3,49,24,13,166,134,32,,
7100304550008,7100304550008,109,0,18,653,30,61,975,871,104,,
7100304550009,7100304550009,136,12,6,128,64,40,424,386,38,,
7100304550010,7100304550010,106,10,3,129,55,30,392,333,59,,
7100304550011,7100304550011,204,4,10,65,49,33,377,365,12,,
7100304561001,7100304561001,302,29,4,265,79,57,921,736,185,,
7100304561002,7100304561002,36,4,8,256,11,37,441,352,89,,
7100304561003,7100304561003,37,39,9,675,1,36,947,797,150,,
7100304561004,7100304561004,1,1,1,84,1,6,95,94,1,,
7100304561005,7100304561005,0,0,0,1,0,0,1,1,0,,
7100304561006,7100304561006,32,1,1,9,7,1,63,51,12,,
7100304561007,7100304561007,1,0,0,44,11,6,75,62,13,,
7100304561008,7100304561008,115,13,6,99,49,34,371,316,55,,
7100304561009,7100304561009,165,16,6,110,14,27,401,338,63,,
7100304561010,7100304561010,80,0,0,64,18,1,200,163,37,,
7100404571001,7100404571001,66,0,2,17,5,4,95,94,1,,
7100404571002,7100404571002,215,12,10,127,91,55,619,510,109,,
7100404571003,7100404571003,42,1,0,25,5,3,89,76,13,,
7100404571004,7100404571004,174,1,12,168,81,22,569,458,111,,
7100404571005,7100404571005,185,8,25,437,18,30,771,703,68,,
7100404571006,7100404571006,132,24,5,299,18,29,530,507,23,,
7100404571007,7100404571007,411,24,3,32,75,49,644,594,50,,
7100404571008,7100404571008,106,35,20,432,75,27,874,695,179,,
7100404571009,7100404571009,145,9,10,242,70,2,489,478,11,,
7100404571010,7100404571010,3,8,4,271,14,4,312,304,8,,
7100404571011,7100404571011,157,10,3,25,29,26,305,250,55,,
7100404571012,7100404571012,184,12,5,29,18,5,307,253,54,,
7100404571013,7100404571013,30,2,1,82,4,1,126,120,6,,
7100404571014,7100404571014,201,0,2,59,30,32,329,324,5,,
7100404571015,7100404571015,137,5,6,63,18,16,277,245,32,,
7100404571016,7100404571016,590,31,4,59,77,36,801,797,4,,
7100404571017,7100404571017,426,23,20,92,16,9,622,586,36,,
7100404571018,7100404571018,13,33,19,493,114,45,727,717,10,,
7100404571019,7100404571019,79,6,6,75,30,2,199,198,1,,
7100504590001,7100504590001,38,2,2,42,0,9,107,93,14,,
7100504590002,7100504590002,157,13,5,60,8,12,263,255,8,,
7100504590003,7100504590003,453,14,17,50,33,13,587,580,7,Inconsistencia aritmética: Suma de votos por candidatos que no coincide con el total de votos válidos o votos emitidos.,INCONSISTENCIA_ARITMETICA
7100504590004,7100504590004,36,0,0,36,0,1,74,73,1,,
7100504590005,7100504590005,97,6,16,507,76,77,807,779,28,,
7100504590006,7100504590006,302,3,5,57,27,13,432,407,25,,
7100504590007,7100504590007,100,11,6,192,43,37,422,389,33,,
7100504590008,7100504590008,43,3,2,21,14,2,106,85,21,,
7100504590009,7100504590009,69,0,2,62,20,10,177,163,14,,
7100504590010,7100504590010,97,0,0,364,56,35,555,552,3,,
7100504590011,7100504590011,156,1,9,476,96,45,872,783,89,,
7100504590012,7100504590012,166,19,3,159,34,1,472,382,90,,
7100504590013,7100504590013,140,4,5,381,109,23,814,662,152,,
7100504590014,7100504590014,205,34,25,462,4,52,814,782,32,,
7100504590015,7100504590015,13,17,2,528,13,28,745,601,144,,
7100504605001,7100504605001,14,0,2,52,6,5,83,79,4,,
7100504605002,7100504605002,147,14,2,196,43,10,493,412,81,,
7110104607001,7110104607001,540,28,15,128,130,35,895,876,19,,
7110104607002,7110104607002,13,0,0,4,2,0,22,19,3,,
7110104607003,7110104607003,138,1,14,305,26,45,655,529,126,,
7110104607004,7110104607004,45,2,0,5,4,3,72,59,13,,
7110104607005,7110104607005,49,3,0,51,23,10,173,136,37,,
7110104607006,7110104607006,15,0,0,11,0,1,31,27,4,,
7110104607007,7110104607007,360,13,2,311,68,7,809,761,48,,
7110104607008,7110104607008,337,6,4,52,49,18,564,466,98,,
7110104607009,7110104607009,185,4,8,264,60,58,598,579,19,,
7110104607010,7110104607010,15,15,15,383,77,28,542,533,9,,
7110104607011,7110104607011,182,11,5,174,24,25,532,421,111,,
7110104607012,7110104607012,505,23,16,71,113,60,798,788,10,,
7110104607013,7110104607013,246,17,26,410,10,28,788,737,51,,
7110104607014,7110104607014,86,2,0,134,11,12,251,245,6,,
7110104607015,7110104607015,54,0,11,241,36,17,457,359,98,,
7110104607016,7110104607016,25,0,1,62,20,2,131,110,21,,
7110104607017,7110104607017,304,7,6,166,14,51,626,548,78,,
7110104607018,7110104607018,529,14,10,117,37,41,846,748,98,,
7110104607019,7110104607019,326,11,6,33,70,38,555,484,71,,
7110104607020,7110104607020,119,1,7,170,57,42,482,396,86,,
7110104627001,7110104627001,59,0,2,12,1,0,87,74,13,,
7110104627002,7110104627002,1,0,0,69,7,4,89,81,8,,
7110104627003,7110104627003,62,2,3,508,60,35,687,670,17,,
7110104627004,7110104627004,232,21,9,247,25,5,602,539,63,,
7110104627005,7110104627005,33,0,5,204,17,24,288,283,5,,
7110104627006,7110104627006,87,21,8,284,53,2,457,455,2,,
7110104627007,7110104627007,13,4,1,108,3,3,150,132,18,,
7110104627008,7110104627008,56,1,3,61,3,10,148,134,14,,
7110104627009,7110104627009,213,22,9,251,36,1,548,532,16,,
7110104627010,7110104627010,75,15,4,186,50,10,344,340,4,,
7110104627011,7110104627011,1,9,20,636,52,80,857,798,59,,
7110104627012,7110104627012,285,20,0,459,74,86,930,924,6,,
7110104627013,7110104627013,132,0,6,263,47,10,503,458,45,,
7110104627014,7110104627014,103,5,2,57,15,15,221,197,24,,
7110204641001,7110204641001,44,2,0,8,5,4,75,63,12,,
7110204641002,7110204641002,77,24,9,345,92,9,650,556,94,,
7110204641003,7110204641003,376,25,18,225,40,33,840,717,123,,
7110204641004,7110204641004,40,18,3,271,33,19,389,384,5,,
7110204641005,7110204641005,82,18,11,439,87,17,779,654,125,,
7110204641006,7110204641006,15,1,0,12,5,2,37,35,2,,
7110204641007,7110204641007,127,6,4,335,100,34,729,606,123,,
7110204641008,7110204641008,13,4,5,151,0,22,235,195,40,,
7110204641009,7110204641009,6,0,0,40,3,3,52,52,0,,
7110204641010,7110204641010,232,4,9,311,110,67,744,733,11,,
7110204641011,7110204641011,322,21,13,446,13,32,899,847,52,,
7110204641012,7110204641012,76,23,12,429,61,61,689,662,27,,
7110204641013,7110204641013,71,35,2,613,47,58,967,826,141,,
7110304654001,7110304654001,119,13,22,660,29,55,973,898,75,,
7110304654002,7110304654002,44,13,8,173,55,15,355,308,47,,
7110304654003,7110304654003,127,4,4,121,13,15,326,284,42,,
7110304654004,7110304654004,33,6,7,250,49,30,394,375,19,,
7110304654005,7110304654005,645,1,22,156,63,49,959,936,23,,
7110304654006,7110304654006,311,3,15,68,53,41,518,491,27,,
7110304654007,7110304654007,55,33,10,662,148,36,952,944,8,,
7110304654008,7110304654008,15,34,6,575,48,83,892,761,131,,
7110304654009,7110304654009,360,23,8,15,77,16,587,499,88,,
7110304654010,7110304654010,63,4,0,18,2,0,95,87,8,,
7110304654011,7110304654011,505,4,13,106,51,31,800,710,90,,
7110304654012,7110304654012,56,1,3,192,45,17,334,314,20,,
7110304654013,7110304654013,131,7,14,374,91,22,797,639,158,,
7110304654014,7110304654014,76,7,0,172,25,26,347,306,41,,
7110404668001,7110404668001,128,5,4,185,36,0,387,358,29,,
7110404668002,7110404668002,17,4,1,147,14,4,202,187,15,,
7110504670001,7110504670001,31,0,3,161,34,8,270,237,33,,
7110504670002,7110504670002,53,5,4,258,65,29,430,414,16,,
7110504670003,7110504670003,297,20,5,171,64,36,607,593,14,,
7110504670004,7110504670004,183,19,17,369,89,41,911,718,193,,
7110504670005,7110504670005,35,10,7,373,64,5,624,494,130,,
7110504670006,7110504670006,572,31,14,34,52,83,844,786,58,,
7110504670007,7110504670007,191,25,6,330,71,75,762,698,64,,
7110504670008,7110504670008,14,2,0,36,7,4,75,63,12,,
7110504670009,7110504670009,9,3,2,96,18,0,132,128,4,,
7110504670010,7110504670010,94,1,4,28,19,13,184,159,25,,
7110504670011,7110504670011,129,9,3,307,37,9,577,494,83,,
7110504670012,7110504670012,159,28,13,285,54,54,677,593,84,,
7110504670013,7110504670013,4,1,0,20,2,2,32,29,3,,
7110504670014,7110504670014,59,11,9,171,31,7,317,288,29,,
7110504670015,7110504670015,192,7,13,195,79,40,655,526,129,,
7110504670016,7110504670016,143,37,8,496,34,65,988,783,205,,
7110504670017,7110504670017,191,32,22,358,4,56,664,663,1,,
7110504670018,7110504670018,51,4,1,63,18,14,161,151,10,,
7110604688001,7110604688001,124,5,5,40,32,14,278,220,58,,
7110604688002,7110604688002,336,8,7,258,133,61,881,803,78,,
7110604688003,7110604688003,275,6,18,170,81,66,765,616,149,,
7110604688004,7110604688004,189,26,17,447,72,39,993,790,203,,
7110604688005,7110604688005,194,16,25,453,11,77,827,776,51,,
7110604688006,7110604688006,199,4,10,87,13,34,376,347,29,,
7110604688007,7110604688007,66,0,10,443,96,29,787,644,143,,
7110604688008,7110604688008,262,9,13,263,125,31,830,703,127,,
7110604688009,7110604688009,9,0,0,10,3,1,27,23,4,,
7110604688010,7110604688010,405,10,4,93,21,12,547,545,2,Fecha incorrecta: Realización del escrutinio en un día distinto al fijado oficialmente para la elección.,FECHA_INCORRECTA
7110604688011,7110604688011,78,1,0,134,46,1,316,260,56,,
7110604688012,7110604688012,240,16,0,130,61,9,580,456,124,,
7110604688013,7110604688013,132,3,4,8,15,16,199,178,21,,
7110604688014,7110604688014,197,14,8,103,1,35,450,358,92,,
7110604702001,7110604702001,117,2,3,25,35,22,231,204,27,,
7110604702002,7110604702002,81,4,1,81,34,4,216,205,11,,
7110604702003,7110604702003,361,14,18,252,92,75,920,812,108,,
7110604702004,7110604702004,438,28,24,286,133,25,968,934,34,,
7110604702005,7110604702005,232,13,18,208,6,22,593,499,94,,
7110604702006,7110604702006,171,4,3,281,53,50,587,562,25,,
7110604702007,7110604702007,635,10,18,90,68,26,847,847,0,,
7110604702008,7110604702008,28,28,16,569,29,3,730,673,57,,
7110604702009,7110604702009,284,13,1,38,26,12,403,374,29,,
7110604702010,7110604702010,190,2,6,38,9,4,260,249,11,,
7110604702011,7110604702011,79,16,4,255,4,24,438,382,56,,
7110604702012,7110604702012,214,6,6,97,27,21,412,371,41,,
7110604702013,7110604702013,241,25,16,194,73,29,603,578,25,,
7110604702014,7110604702014,74,3,0,103,13,13,245,206,39,,
7110604702015,7110604702015,176,22,11,172,11,31,430,423,7,,
7130104717001,7130104717001,55,13,9,210,50,29,380,366,14,,
7130104717002,7130104717002,132,13,20,383,111,24,732,683,49,,
7130104717003,7130104717003,245,2,17,247,27,47,659,585,74,,
7130104717004,7130104717004,138,19,12,244,19,11,537,443,94,,
7130104717005,7130104717005,24,9,0,149,19,2,244,203,41,,
7130104717006,7130104717006,409,1,9,47,68,26,614,560,54,,
7130104717007,7130104717007,38,2,4,92,18,2,177,156,21,,
7130104717008,7130104717008,41,4,3,157,3,22,247,230,17,,
7130104717009,7130104717009,442,15,22,277,20,58,849,834,15,,
7130204726001,7130204726001,148,3,3,68,4,23,251,249,2,,
7130204726002,7130204726002,135,6,2,82,32,18,286,275,11,,
7130204726003,7130204726003,288,17,4,406,58,43,970,816,154,,
7130204726004,7130204726004,300,11,9,360,22,77,940,779,161,,
7130204726005,7130204726005,13,0,0,4,0,1,22,18,4,,
7130204726006,7130204726006,12,4,3,78,13,10,143,120,23,,
7130204726007,7130204726007,392,32,1,138,129,71,961,763,198,,
7130204726008,7130204726008,5,2,1,61,1,5,78,75,3,,
7130204726009,7130204726009,10,4,2,79,18,1,139,114,25,,
7130204726010,7130204726010,236,2,7,26,8,7,348,286,62,,
7130204726011,7130204726011,424,21,20,135,101,43,758,744,14,,
7130204726012,7130204726012,763,29,10,49,41,65,991,957,34,,
7130204726013,7130204726013,76,10,13,414,121,41,836,675,161,,
7130204726014,7130204726014,44,1,1,13,11,8,86,78,8,,
7130204726015,7130204726015,160,3,5,138,4,28,348,338,10,,
7130204726016,7130204726016,643,10,28,36,108,75,921,900,21,,
7130204726017,7130204726017,254,7,12,289,76,27,784,665,119,,
7130204726018,7130204726018,48,1,3,77,6,0,161,135,26,,
7130204726019,7130204726019,0,0,0,10,0,0,11,10,1,,
7130204745001,7130204745001,99,3,2,40,8,4,186,156,30,,
7130204745002,7130204745002,137,2,0,30,32,4,226,205,21,,
7130204745003,7130204745003,539,0,5,234,24,80,913,882,31,,
7130204745004,7130204745004,73,26,2,438,32,5,600,576,24,,
7130204745005,7130204745005,317,12,16,382,63,44,961,834,127,,
7130204745006,7130204745006,366,8,1,177,105,90,925,747,178,,
7130204745007,7130204745007,30,1,2,37,3,3,83,76,7,,
7130204745008,7130204745008,17,25,0,702,76,58,888,878,10,,
7130204745009,7130204745009,0,2,0,43,4,0,54,49,5,,
7130204745010,7130204745010,342,19,20,212,30,36,676,659,17,,
7130204755001,7130204755001,0,0,3,95,19,6,126,123,3,,
7130204755002,7130204755002,397,21,14,58,64,32,635,586,49,,
7130204755003,7130204755003,205,10,16,186,70,7,573,494,79,,
7130204755004,7130204755004,110,0,0,121,35,3,305,269,36,,
7130204755005,7130204755005,509,34,17,88,146,72,996,866,130,,
7130204755006,7130204755006,30,11,5,185,1,24,326,256,70,,
7130204755007,7130204755007,205,5,11,132,10,39,405,402,3,,
7130204755008,7130204755008,232,17,5,185,0,12,573,451,122,,
7130204755009,7130204755009,1,0,0,13,0,0,15,14,1,,
7130204755010,7130204755010,4,0,0,67,14,9,112,94,18,,
7130204755011,7130204755011,556,24,9,43,2,40,833,674,159,,
7130204755012,7130204755012,100,6,1,185,27,10,364,329,35,,
7130204755013,7130204755013,100,14,0,421,34,42,628,611,17,,
7130204755014,7130204755014,0,0,1,41,7,1,56,50,6,,
7130204755015,7130204755015,14,1,1,31,1,2,54,50,4,,
7130204755016,7130204755016,10,7,4,145,29,19,217,214,3,,
7140104771001,7140104771001,369,25,2,35,101,16,658,548,110,,
7140104771002,7140104771002,446,10,22,101,141,91,955,811,144,,
7140104771003,7140104771003,39,1,0,34,16,6,119,96,23,,
7140104771004,7140104771004,12,5,1,133,13,5,174,169,5,,
7140104771005,7140104771005,61,8,2,98,17,4,235,190,45,,
7140104771006,7140104771006,21,32,4,657,6,45,814,765,49,,
7140104771007,7140104771007,115,4,18,423,88,61,786,709,77,,
7140104771008,7140104771008,5,0,0,35,4,3,52,47,5,,
7140104771009,7140104771009,11,0,0,38,1,3,54,53,1,,
7140104780001,7140104780001,128,6,4,460,33,23,678,654,24,,
7140104780002,7140104780002,14,6,9,276,33,10,398,348,50,,
7140104780003,7140104780003,324,3,4,116,14,46,637,507,130,,
7140104780004,7140104780004,218,1,0,160,56,25,571,460,111,Mesa en lugar distinto: Funcionamiento de la mesa de sufragio en un recinto diferente al autorizado por la autoridad electoral.,MESA_LUGAR_DISTINTO
7140104780005,7140104780005,96,14,15,697,57,45,957,924,33,,
7140104780006,7140104780006,135,0,5,27,22,13,245,202,43,,
7140104780007,7140104780007,48,0,3,42,5,4,120,102,18,,
7140204787001,7140204787001,24,1,1,91,9,15,166,141,25,,
7140204787002,7140204787002,96,11,20,381,5,4,594,517,77,,
7140204787003,7140204787003,75,24,10,457,117,65,872,748,124,,
7140204787004,7140204787004,24,2,0,71,1,10,134,108,26,,
7140204787005,7140204787005,290,0,5,161,35,50,602,541,61,,
7140204787006,7140204787006,452,14,10,33,102,15,683,626,57,,
7140204787007,7140204787007,91,2,4,118,29,1,298,245,53,,
7140204787008,7140204787008,222,0,2,195,86,59,609,564,45,,
7140204787009,7140204787009,655,31,18,52,45,28,867,829,38,,
7140204787010,7140204787010,148,8,1,121,54,25,409,357,52,,
7140204787011,7140204787011,93,2,1,76,20,15,248,207,41,,
7140204787012,7140204787012,95,9,3,75,38,20,307,240,67,,
7140204787013,7140204787013,29,16,1,242,4,16,342,308,34,,
7140304800001,7140304800001,297,0,0,101,13,23,492,434,58,,
7150104801001,7150104801001,48,10,1,243,9,22,397,333,64,,
7150104801002,7150104801002,196,9,4,248,8,6,575,471,104,,
7150104801003,7150104801003,259,26,15,177,24,33,540,534,6,,
7150104801004,7150104801004,455,8,21,199,73,45,956,801,155,,
7150104801005,7150104801005,13,19,8,369,7,45,486,461,25,,
7150104801006,7150104801006,183,5,4,515,42,21,856,770,86,,
7150104801007,7150104801007,0,3,1,138,28,4,195,174,21,,
7150104801008,7150104801008,180,5,6,55,59,28,389,333,56,,
7150104801009,7150104801009,124,8,5,10,15,9,176,171,5,,
7150104801010,7150104801010,22,8,5,201,32,32,366,300,66,,
7150104801011,7150104801011,166,18,10,174,17,22,461,407,54,,
7150104801012,7150104801012,158,2,9,416,52,21,740,658,82,,
7150104801013,7150104801013,2,8,9,213,22,2,322,256,66,,
7150104801014,7150104801014,499,18,8,102,4,14,746,645,101,,
7150104801015,7150104801015,309,0,11,90,3,0,476,413,63,,
7150104801016,7150104801016,27,1,16,484,36,18,728,582,146,,
7150104817001,7150104817001,357,16,6,268,39,77,839,763,76,,
7150104817002,7150104817002,158,4,6,15,43,20,280,246,34,,
7150104817003,7150104817003,175,27,13,418,103,54,791,790,1,,
7150104817004,7150104817004,474,20,18,42,92,52,856,698,158,,
7150104817005,7150104817005,310,17,12,97,36,33,635,505,130,,
7150104817006,7150104817006,330,49,18,433,65,29,997,924,73,,
7150104817007,7150104817007,2,0,0,2,0,0,4,4,0,,
7150104817008,7150104817008,169,14,3,74,41,1,306,302,4,,
7150104817009,7150104817009,686,12,2,80,142,17,988,939,49,,
7150104817010,7150104817010,151,30,16,443,128,11,933,779,154,,
7150104817011,7150104817011,396,8,25,384,29,87,941,929,12,,
7150204828001,7150204828001,194,19,6,148,56,8,505,431,74,,
7150204828002,7150204828002,49,2,2,15,8,1,85,77,8,,
7150204828003,7150204828003,16,1,0,22,0,0,43,39,4,,
7150204828004,7150204828004,94,6,0,85,10,6,243,201,42,,
7150204828005,7150204828005,621,40,25,51,27,71,872,835,37,,
7150204828006,7150204828006,218,5,6,356,129,18,849,732,117,,
7150204828007,7150204828007,143,5,5,10,3,14,185,180,5,,
7150204828008,7150204828008,54,7,22,523,34,14,705,654,51,,
7150204828009,7150204828009,498,13,1,142,132,47,934,833,101,,
7150204828010,7150204828010,170,4,12,144,50,22,420,402,18,,
7150204828011,7150204828011,200,2,0,286,56,22,579,566,13,,
7150204828012,7150204828012,92,9,7,101,24,8,250,241,9,,
7150204828013,7150204828013,175,12,12,417,33,9,731,658,73,,
7150204828014,7150204828014,222,20,17,503,28,21,950,811,139,,
7150204828015,7150204828015,119,1,6,114,6,29,334,275,59,,
7150204828016,7150204828016,334,9,16,124,85,21,628,589,39,,
7150204828017,7150204828017,148,3,5,24,12,22,246,214,32,,
7150204845001,7150204845001,464,0,4,293,77,60,912,898,14,,
7150204845002,7150204845002,286,5,10,25,34,4,449,364,85,,
7150204845003,7150204845003,25,15,20,537,8,14,783,619,164,,
7150204845004,7150204845004,0,1,0,30,6,2,42,39,3,,
7150204845005,7150204845005,209,7,0,123,28,33,497,400,97,,
7150204845006,7150204845006,360,35,23,252,104,21,922,795,127,,
7150204845007,7150204845007,29,1,2,53,10,2,116,97,19,,
7150204845008,7150204845008,19,5,1,249,24,30,391,328,63,,
7150204845009,7150204845009,352,1,1,70,6,43,558,473,85,,
7150304854001,7150304854001,352,16,14,33,37,44,635,496,139,,
7150304854002,7150304854002,644,7,20,140,22,90,972,923,49,,
7150304854003,7150304854003,219,8,4,34,12,20,307,297,10,,
7150304854004,7150304854004,149,9,5,291,110,61,762,625,137,,
7150304854005,7150304854005,8,0,0,3,0,0,11,11,0,,
7150304854006,7150304854006,25,24,10,384,21,21,575,485,90,,
7150304854007,7150304854007,11,9,7,201,48,31,329,307,22,,
7150304854008,7150304854008,213,10,3,91,22,21,367,360,7,,
7150304854009,7150304854009,190,13,2,23,44,31,325,303,22,,
7150304854010,7150304854010,0,0,0,18,0,1,20,19,1,,
7150304854011,7150304854011,24,35,13,589,32,74,862,767,95,,
7150304854012,7150304854012,81,18,8,308,72,38,547,525,22,,
7150304854013,7150304854013,33,8,0,143,4,2,233,190,43,,
7150304854014,7150304854014,447,23,8,58,14,42,644,592,52,,
7150304854015,7150304854015,44,4,1,26,8,4,99,87,12,,
7150304854016,7150304854016,230,0,2,360,60,85,923,737,186,,
7150304854017,7150304854017,13,0,0,13,2,1,29,29,0,,
7150304854018,7150304854018,0,21,2,594,138,95,956,850,106,,
7150304872001,7150304872001,12,0,1,34,8,5,69,60,9,,
7150304872002,7150304872002,220,0,13,353,54,65,785,705,80,,
7150304872003,7150304872003,312,34,18,264,132,65,874,825,49,,
7150304872004,7150304872004,3,6,3,189,32,0,241,233,8,,
7150304872005,7150304872005,430,25,7,165,138,81,891,846,45,,
7150304872006,7150304872006,3,0,0,24,4,1,34,32,2,,
7150304872007,7150304872007,44,6,3,60,9,4,136,126,10,,
8010104879001,8010104879001,2,19,12,98,13,1,159,145,14,,
8010104879002,8010104879002,15,4,198,219,15,54,578,505,73,,
8010104879003,8010104879003,130,4,45,13,9,16,267,217,50,,
8010104879004,8010104879004,116,12,83,244,92,13,701,560,141,,
8010104879005,8010104879005,251,62,169,-59,64,33,549,520,29,,
8010104879006,8010104879006,169,20,52,15,6,7,312,269,43,,
8010104879007,8010104879007,13,54,337,312,122,62,937,900,37,,
8010104879008,8010104879008,215,48,64,-1,61,27,425,414,11,,
8010104879009,8010104879009,52,14,47,134,42,3,365,292,73,,
8010104879010,8010104879010,105,21,21,77,32,4,265,260,5,,
8010104879011,8010104879011,194,15,88,123,29,51,569,500,69,,
8010104890001,8010104890001,232,6,83,188,46,40,633,595,38,,
8010104890002,8010104890002,228,38,89,102,109,69,785,635,150,,
8010104890003,8010104890003,56,13,50,170,5,6,374,300,74,,
8010104890004,8010104890004,25,4,2,39,13,1,90,84,6,,
8010104890005,8010104890005,79,20,19,67,35,14,269,234,35,,
8010104890006,8010104890006,438,89,185,7,69,33,902,821,81,,
8010104890007,8010104890007,117,24,42,210,42,17,505,452,53,,
8010104890008,8010104890008,460,30,262,-41,140,50,922,901,21,,
8010104890009,8010104890009,168,42,72,1,6,22,329,311,18,,
8010104890010,8010104890010,5,1,1,5,0,0,12,12,0,,
8020104900001,8020104900001,216,38,198,69,76,41,764,638,126,,
8020104900002,8020104900002,263,27,139,73,44,11,683,557,126,,
8020104900003,8020104900003,20,14,25,44,4,0,112,107,5,,
8020104900004,8020104900004,206,54,255,105,20,5,821,645,176,,
8020104900005,8020104900005,16,0,4,61,1,0,82,82,0,,
8020104900006,8020104900006,16,21,84,129,14,11,304,275,29,,
8020104900007,8020104900007,83,47,6,305,57,48,658,546,112,,
8020104900008,8020104900008,251,35,104,-7,86,5,580,474,106,,
8020104900009,8020104900009,239,10,78,35,30,28,420,420,0,,
8020104900010,8020104900010,18,0,3,8,1,2,35,32,3,,
8020104900011,8020104900011,1,1,19,23,10,4,64,58,6,,
8020104900012,8020104900012,158,48,133,15,16,31,411,401,10,,
8020104900013,8020104900013,373,32,99,90,64,80,812,738,74,,
8020104900014,8020104900014,123,29,1,137,73,38,501,401,100,,
8020104900015,8020104900015,152,5,30,66,6,25,318,284,34,,
8020104900016,8020104900016,54,12,64,255,100,29,644,514,130,,
8020104900017,8020104900017,25,23,8,300,65,9,498,430,68,,
8020104900018,8020104900018,229,75,182,93,101,12,735,692,43,,
8020104918001,8020104918001,102,26,31,214,41,14,501,428,73,,
8020104918002,8020104918002,72,47,192,217,121,12,778,661,117,,
8020104918003,8020104918003,171,17,96,270,77,3,773,634,139,,
8020104918004,8020104918004,0,1,0,6,1,0,9,8,1,,
8020104918005,8020104918005,18,21,89,186,80,46,560,440,120,,
8020104918006,8020104918006,31,5,14,24,7,1,102,82,20,,
8020104918007,8020104918007,228,33,174,171,97,62,775,765,10,,
8020104918008,8020104918008,56,4,3,170,6,9,252,248,4,,
8030104926001,8030104926001,266,24,117,255,37,18,723,717,6,,
8030104926002,8030104926002,288,4,0,103,13,16,479,424,55,,
8030104926003,8030104926003,93,12,10,14,17,10,168,156,12,,
8030104926004,8030104926004,80,5,35,-7,7,0,127,120,7,Fecha incorrecta: Realización del escrutinio en un día distinto al fijado oficialmente para la elección.,FECHA_INCORRECTA
8030104926005,8030104926005,112,38,52,88,50,46,484,386,98,,
8030104926006,8030104926006,193,67,23,456,126,63,972,928,44,,
8030104926007,8030104926007,60,13,83,17,20,19,219,212,7,,
8030104933001,8030104933001,1,0,2,12,2,1,19,18,1,,
8030204934001,8030204934001,3,99,103,490,40,37,777,772,5,,
8030204934002,8030204934002,35,18,104,94,49,16,386,316,70,,
8030204934003,8030204934003,270,19,139,105,5,50,614,588,26,,
8030204934004,8030204934004,186,37,68,-5,13,18,342,317,25,,
8030204934005,8030204934005,88,74,19,331,28,67,685,607,78,,
8030204934006,8030204934006,200,40,135,-90,50,9,348,344,4,,
8030204934007,8030204934007,33,1,108,122,63,40,443,367,76,,
8030204934008,8030204934008,29,3,18,3,5,1,61,59,2,,
8030204934009,8030204934009,92,2,76,-10,9,15,231,184,47,,
8030204934010,8030204934010,34,43,61,185,10,19,363,352,11,,
8030204934011,8030204934011,258,3,136,271,119,74,915,861,54,,
8030204934012,8030204934012,223,11,87,-19,23,19,353,344,9,,
8030204934013,8030204934013,62,26,182,578,4,50,938,902,36,,
8030204934014,8030204934014,83,38,48,151,34,24,389,378,11,,
8030204934015,8030204934015,108,21,24,30,35,19,292,237,55,,
8030204934016,8030204934016,93,7,265,372,10,90,969,837,132,,
8030204934017,8030204934017,460,21,274,-122,112,61,879,806,73,,
8030204934018,8030204934018,265,56,160,-76,40,0,492,445,47,,
8030204952001,8030204952001,70,10,4,14,14,4,147,116,31,,
8030204952002,8030204952002,105,26,67,109,30,19,441,356,85,,
8030204952003,8030204952003,15,2,9,30,4,1,62,61,1,,
8030204952004,8030204952004,77,80,170,440,40,66,909,873,36,,
8030204952005,8030204952005,603,72,144,15,39,83,991,956,35,,
8030204952006,8030204952006,24,1,62,153,57,17,368,314,54,,
8030204952007,8030204952007,252,19,100,-18,11,36,484,400,84,,
8030204952008,8030204952008,55,32,36,335,24,42,617,524,93,,
8030204952009,8030204952009,233,18,150,24,32,14,489,471,18,,
8030204952010,8030204952010,35,13,89,253,49,14,533,453,80,,
8030204952011,8030204952011,234,27,56,-1,53,6,412,375,37,,
8030204952012,8030204952012,230,61,266,63,42,50,717,712,5,,
8030204964001,8030204964001,335,86,252,24,39,27,873,763,110,,
8030204964002,8030204964002,189,39,223,175,116,47,867,789,78,,
8030204964003,8030204964003,518,83,330,-166,20,51,875,836,39,,
8030204964004,8030204964004,4,0,0,4,1,0,11,9,2,,
8030204964005,8030204964005,233,4,69,87,81,34,593,508,85,,
8030204964006,8030204964006,5,2,2,7,0,1,18,17,1,,
8030204964007,8030204964007,41,26,120,281,86,33,626,587,39,,
8030204964008,8030204964008,210,97,272,186,73,45,988,883,105,,
8030204964009,8030204964009,100,52,301,262,9,81,860,805,55,,
8030204964010,8030204964010,7,10,8,77,3,9,126,114,12,,
8030204964011,8030204964011,499,16,218,47,84,32,911,896,15,,
8030204964012,8030204964012,5,8,28,22,12,5,94,80,14,,
8030204964013,8030204964013,34,10,33,-7,5,6,95,81,14,,
8030204964014,8030204964014,281,1,68,66,58,40,656,514,142,,
8030304978001,8030304978001,46,41,127,142,47,35,455,438,17,,
8030304978002,8030304978002,21,9,230,381,32,80,842,753,89,,
8030304980001,8030304980001,500,25,188,31,46,11,994,801,193,,
8030304980002,8030304980002,141,70,140,341,96,47,932,835,97,,
8030304980003,8030304980003,85,73,316,198,151,58,979,881,98,,
8030304980004,8030304980004,141,15,36,109,57,33,419,391,28,,
8030304980005,8030304980005,28,29,32,209,22,16,349,336,13,,
8030304980006,8030304980006,35,5,22,99,32,9,253,202,51,,
8030304980007,8030304980007,430,113,199,18,7,65,838,832,6,,
8030304980008,8030304980008,42,1,19,7,10,4,97,83,14,,
8030304980009,8030304980009,267,59,99,86,115,28,761,654,107,,
8030304980010,8030304980010,189,43,10,63,74,52,540,431,109,,
8030304980011,8030304980011,199,17,20,205,12,38,522,491,31,,
8030304980012,8030304980012,142,18,41,25,22,15,296,263,33,,
8030304980013,8030304980013,450,10,214,-56,63,81,920,762,158,,
8030304980014,8030304980014,51,15,168,128,71,36,556,469,87,,
8030404994001,8030404994001,17,41,25,466,129,56,808,734,74,,
8030404994002,8030404994002,137,53,84,205,8,7,586,494,92,,
8030404994003,8030404994003,299,49,5,114,57,36,646,560,86,,
8030404994004,8030404994004,3,2,7,4,0,0,18,16,2,,
8030404994005,8030404994005,70,9,59,-3,1,16,162,152,10,,
8030404994006,8030404994006,1,0,1,5,0,0,7,7,0,,
8030404994007,8030404994007,20,25,233,210,15,5,614,508,106,,
8030404994008,8030404994008,30,12,43,157,42,38,386,322,64,,
8030404994009,8030404994009,119,21,131,91,17,40,462,419,43,,
8030404994010,8030404994010,438,136,380,-32,11,21,959,954,5,,
8030404994011,8030404994011,256,61,115,275,62,37,922,806,116,,
8030404994012,8030404994012,7,19,322,350,45,73,823,816,7,,
8030404994013,8030404994013,45,43,25,370,98,29,775,610,165,,
8030404994014,8030404994014,45,5,104,381,80,66,859,681,178,,
8030404994015,8030404994015,336,40,94,-2,88,71,781,627,154,,
8030404994016,8030404994016,104,51,274,247,56,1,776,733,43,,
8030404994017,8030404994017,66,7,25,9,20,1,158,128,30,,
8030404994018,8030404994018,159,1,57,94,28,35,384,374,10,,
8040105012001,8040105012001,135,3,25,310,38,1,621,512,109,,
8040105012002,8040105012002,387,80,201,42,55,24,943,789,154,,
8040105012003,8040105012003,260,20,313,134,84,28,941,839,102,,
8040105012004,8040105012004,305,37,74,16,58,6,540,496,44,,
8040105012005,8040105012005,19,8,15,35,17,6,123,100,23,,
8040105012006,8040105012006,110,2,96,406,96,14,767,724,43,,
8040105012007,8040105012007,45,39,132,111,25,28,430,380,50,,
8040105012008,8040105012008,45,62,156,249,42,10,653,564,89,,
8040105012009,8040105012009,122,29,99,15,16,24,307,305,2,,
8040105012010,8040105012010,190,41,122,-26,48,29,428,404,24,,
8040105022001,8040105022001,14,10,25,67,5,4,139,125,14,,
8040105022002,8040105022002,178,14,0,288,66,30,652,576,76,,
8040105022003,8040105022003,252,26,42,207,10,28,568,565,3,,
8040105022004,8040105022004,84,27,84,2,1,20,219,218,1,,
8040105022005,8040105022005,200,5,173,8,27,10,510,423,87,,
8040105022006,8040105022006,11,1,13,3,4,2,36,34,2,,
8040105022007,8040105022007,98,76,311,182,36,89,950,792,158,,
8040105022008,8040105022008,128,24,255,169,108,33,917,717,200,,
8040105022009,8040105022009,106,34,144,153,5,43,504,485,19,,
8040105022010,8040105022010,357,64,340,5,31,2,838,799,39,,
8040105022011,8040105022011,40,64,72,380,99,85,907,740,167,,
8040105022012,8040105022012,6,39,110,457,36,2,711,650,61,,
8040205034001,8040205034001,12,1,1,4,2,1,24,21,3,,
8040205034002,8040205034002,133,30,49,75,52,27,425,366,59,,
8040205034003,8040205034003,97,9,91,103,32,23,376,355,21,,
8040205034004,8040205034004,142,87,20,533,39,48,925,869,56,,
8040205034005,8040205034005,119,14,49,4,27,13,262,226,36,,
8040205034006,8040205034006,92,0,82,258,46,12,519,490,29,,
8040205034007,8040205034007,153,27,74,-48,7,5,268,218,50,,
8040205034008,8040205034008,367,78,188,-99,35,42,672,611,61,,
8040205034009,8040205034009,297,1,183,181,14,65,789,741,48,,
8040205034010,8040205034010,31,6,7,46,6,4,119,100,19,,
8040205034011,8040205034011,529,98,280,-122,44,8,840,837,3,,
8040205034012,8040205034012,117,43,194,60,30,32,526,476,50,,
8050105046001,8050105046001,333,34,221,87,32,30,900,737,163,,
8050105046002,8050105046002,119,7,30,464,94,66,847,780,67,,
8050105046003,8050105046003,103,40,125,234,86,62,761,650,111,,
8050105046004,8050105046004,231,13,262,232,38,94,964,870,94,,
8050105046005,8050105046005,21,5,26,14,11,6,89,83,6,,
8050105046006,8050105046006,162,12,192,211,42,71,718,690,28,,
8050105046007,8050105046007,262,35,57,217,119,78,825,768,57,,
8050105046008,8050105046008,11,1,15,9,3,3,50,42,8,,
8050105054001,8050105054001,245,65,12,121,42,57,576,542,34,,
8050105054002,8050105054002,162,3,48,23,11,16,308,263,45,,
8050105054003,8050105054003,414,87,9,82,66,2,821,660,161,,
8050105054004,8050105054004,321,110,77,313,46,65,945,932,13,,
8050105054005,8050105054005,485,13,328,-130,23,16,825,735,90,,
8050105054006,8050105054006,81,6,7,39,22,17,194,172,22,,
8050105054007,8050105054007,92,27,36,347,88,4,595,594,1,,
8050105054008,8050105054008,82,13,33,8,18,1,184,155,29,,
8050105054009,8050105054009,435,45,84,155,45,55,973,819,154,,
8050105054010,8050105054010,224,14,161,46,16,38,609,499,110,,
8050105054011,8050105054011,7,12,22,65,2,9,146,117,29,,
8050105054012,8050105054012,5,0,1,3,1,0,11,10,1,,
8050105054013,8050105054013,15,3,17,3,6,1,52,45,7,,
8060105067001,8060105067001,186,23,26,216,86,45,624,582,42,,
8060105067002,8060105067002,266,29,168,195,24,41,762,723,39,,
8060105067003,8060105067003,223,48,193,-52,93,55,597,560,37,,
8060105067004,8060105067004,74,13,32,-18,22,5,158,128,30,,
8060105067005,8060105067005,62,5,78,113,12,2,335,272,63,,
8060105067006,8060105067006,18,11,25,193,15,9,334,271,63,,
8060105067007,8060105067007,200,35,209,10,66,43,654,563,91,,
8060105067008,8060105067008,252,16,62,187,25,56,686,598,88,,
8060105067009,8060105067009,23,1,14,-2,7,4,51,47,4,,
8060105067010,8060105067010,43,33,59,230,22,47,547,434,113,,
8060105067011,8060105067011,73,47,2,260,61,23,584,466,118,,
8060105067012,8060105067012,74,77,109,423,15,77,843,775,68,,
8060105067013,8060105067013,253,64,8,264,1,66,682,656,26,,
8060105067014,8060105067014,172,2,65,11,2,20,274,272,2,,
8060105067015,8060105067015,227,50,154,141,11,58,655,641,14,,
8060205082001,8060205082001,12,12,24,83,2,8,155,141,14,,
8060205082002,8060205082002,218,19,138,-72,12,15,351,330,21,,
8060205082003,8060205082003,321,40,360,37,60,69,959,887,72,,
8070105085001,8070105085001,277,20,188,7,85,27,635,604,31,,
8070105085002,8070105085002,49,6,104,139,61,4,424,363,61,,
8070105085003,8070105085003,207,30,25,18,32,42,428,354,74,,
8070105085004,8070105085004,33,50,3,364,110,50,754,610,144,,
8070105085005,8070105085005,3,10,18,70,0,5,110,106,4,,
8070105085006,8070105085006,84,11,35,63,1,20,267,214,53,,
8070105085007,8070105085007,133,80,191,139,63,50,715,656,59,,
8070105085008,8070105085008,328,4,26,101,123,83,840,665,175,,
8070105085009,8070105085009,245,48,33,66,0,24,464,416,48,,
8070105085010,8070105085010,107,5,38,345,39,27,592,561,31,,
8070105085011,8070105085011,117,13,177,380,138,50,959,875,84,,
8070105085012,8070105085012,28,5,15,-8,5,3,50,48,2,,
8070205097001,8070205097001,6,0,0,10,3,0,21,19,2,,
8070205097002,8070205097002,2,0,0,4,0,0,6,6,0,,
8070205097003,8070205097003,193,27,90,74,84,27,628,495,133,,
8070205097004,8070205097004,35,8,44,97,28,19,248,231,17,,
8070205097005,8070205097005,215,7,118,382,13,9,914,744,170,,
8070205097006,8070205097006,84,6,16,25,24,18,200,173,27,,
8070205097007,8070205097007,132,4,8,108,3,13,323,268,55,,
8070205097008,8070205097008,41,3,74,75,34,19,273,246,27,,
8070205097009,8070205097009,111,43,142,213,35,36,589,580,9,,
8070205097010,8070205097010,170,5,54,63,39,24,402,355,47,,
8070205097011,8070205097011,45,21,151,108,78,23,491,426,65,,
8070305108001,8070305108001,3,21,44,136,3,25,269,232,37,,
8070305108002,8070305108002,199,21,50,26,13,36,435,345,90,,
8070305108003,8070305108003,237,2,335,121,125,67,903,887,16,,
8070305108004,8070305108004,101,38,107,64,21,36,427,367,60,,
8070305108005,8070305108005,273,15,150,7,32,5,507,482,25,,
8070305108006,8070305108006,411,52,32,117,48,35,709,695,14,,
8070305108007,8070305108007,78,2,3,53,1,8,147,145,2,,
8070305108008,8070305108008,41,9,7,38,14,1,138,110,28,,
8070305108009,8070305108009,11,41,239,219,52,15,698,577,121,,
8070305108010,8070305108010,347,66,295,16,13,36,788,773,15,,
8070305108011,8070305108011,236,1,168,20,19,39,495,483,12,,
8070305108012,8070305108012,106,54,101,258,5,18,669,542,127,,
8070305108013,8070305108013,196,40,107,124,17,55,594,539,55,,
8070305108014,8070305108014,150,7,186,306,32,68,756,749,7,,
8070305108015,8070305108015,510,100,98,-24,66,48,904,798,106,,
8070305108016,8070305108016,196,55,235,71,72,36,705,665,40,,
8070305108017,8070305108017,340,2,168,-36,84,23,598,581,17,,
8070305108018,8070305108018,438,72,161,-51,82,7,722,709,13,,
8070305126001,8070305126001,308,17,236,-62,64,51,616,614,2,Papeletas no autorizadas: Cómputo de votos realizados en papeletas que no cuentan con las medidas de seguridad o el diseño oficial del OEP.,PAPELETAS_NO_AUTORIZADAS
8070305126002,8070305126002,81,12,40,435,114,20,810,702,108,,
8070305126003,8070305126003,128,17,91,-5,55,29,382,315,67,,
8070305126004,8070305126004,16,40,99,154,30,10,361,349,12,,
8070305126005,8070305126005,102,16,110,287,23,29,588,567,21,,
8070305126006,8070305126006,81,38,127,16,36,25,412,323,89,,
8070305132001,8070305132001,134,81,45,361,112,35,779,768,11,,
8070305132002,8070305132002,100,7,37,5,24,17,225,190,35,,
8080105134001,8080105134001,286,44,139,-49,71,60,679,551,128,,
8080105134002,8080105134002,192,36,58,0,51,12,417,349,68,,
8080105134003,8080105134003,287,52,166,4,116,56,856,681,175,Papeletas no autorizadas: Cómputo de votos realizados en papeletas que no cuentan con las medidas de seguridad o el diseño oficial del OEP.,PAPELETAS_NO_AUTORIZADAS
8080105134004,8080105134004,58,21,37,108,7,21,274,252,22,,
8080105134005,8080105134005,289,26,262,36,2,87,893,702,191,,
8080105134006,8080105134006,26,1,41,56,18,16,175,158,17,,
8080105134007,8080105134007,52,10,61,163,45,16,367,347,20,,
8080105134008,8080105134008,10,1,6,2,1,0,20,20,0,,
8080105134009,8080105134009,15,13,33,70,22,17,216,170,46,,
8080105134010,8080105134010,25,5,17,16,7,4,86,74,12,,
8080105134011,8080105134011,180,46,157,138,112,84,899,717,182,,
8080105145001,8080105145001,7,1,8,25,1,5,52,47,5,,
8080105145002,8080105145002,343,28,14,177,31,6,764,599,165,,
8080105145003,8080105145003,30,26,32,193,11,16,308,308,0,,
8080105145004,8080105145004,105,68,173,117,19,26,525,508,17,,
8080105145005,8080105145005,114,63,32,252,81,38,663,580,83,,
8080105145006,8080105145006,68,15,12,155,50,3,378,303,75,,
8080105145007,8080105145007,41,0,11,21,7,1,99,81,18,,
8080105145008,8080105145008,34,0,73,88,38,5,261,238,23,,
8080105145009,8080105145009,60,3,35,-10,0,9,118,97,21,,
8080105145010,8080105145010,221,13,123,99,43,63,700,562,138,,
8080305155001,8080305155001,341,59,240,132,66,43,981,881,100,,
8080305155002,8080305155002,618,76,396,-220,37,60,985,967,18,,
8080305155003,8080305155003,112,29,35,149,75,5,475,405,70,,
8080305155004,8080305155004,346,99,44,193,20,35,797,737,60,,
8080305155005,8080305155005,154,91,177,226,85,64,931,797,134,,
8080305155006,8080305155006,364,1,185,110,146,66,956,872,84,,
8080305155007,8080305155007,342,89,5,231,108,59,890,834,56,,
8080305155008,8080305155008,273,64,69,192,84,8,746,690,56,,
8080305155009,8080305155009,445,20,71,97,18,65,858,716,142,,
8080305155010,8080305155010,174,14,58,-1,46,17,394,308,86,,
8080305155011,8080305155011,66,32,50,85,42,26,316,301,15,,
8080305155012,8080305155012,6,1,10,81,6,5,136,109,27,,
8080305155013,8080305155013,285,3,94,79,8,8,571,477,94,,
8080305155014,8080305155014,116,31,155,104,98,29,635,533,102,,
8080305155015,8080305155015,115,0,47,4,31,8,210,205,5,,
8080305155016,8080305155016,113,38,61,54,0,18,301,284,17,,
8080305155017,8080305155017,235,41,34,27,12,37,409,386,23,,
8080305155018,8080305155018,214,6,7,81,37,23,466,368,98,Inconsistencia aritmética: Suma de votos por candidatos que no coincide con el total de votos válidos o votos emitidos.,INCONSISTENCIA_ARITMETICA
8080305155019,8080305155019,34,10,44,78,16,10,222,192,30,,
8080305155020,8080305155020,32,35,25,158,30,35,401,315,86,,
9010105175001,9010105175001,249,0,283,140,2,34,724,708,16,,
9010105175002,9010105175002,145,4,57,74,2,28,341,310,31,,
9010105175003,9010105175003,154,41,176,151,75,63,704,660,44,,
9010105175004,9010105175004,105,14,38,-15,18,15,188,175,13,,
9010105175005,9010105175005,23,1,12,143,6,10,211,195,16,,
9010105175006,9010105175006,113,18,13,161,42,20,375,367,8,,
9010105175007,9010105175007,253,50,182,-99,9,22,525,417,108,,
9010105175008,9010105175008,91,20,1,24,29,6,191,171,20,,
9010105175009,9010105175009,164,4,34,25,32,26,363,285,78,,
9010105175010,9010105175010,41,8,3,12,1,3,69,68,1,,
9010105175011,9010105175011,174,10,111,1,12,3,357,311,46,,
9010105175012,9010105175012,283,40,57,46,20,7,578,453,125,,
9010105175013,9010105175013,252,17,127,260,28,37,770,721,49,,
9010105175014,9010105175014,465,0,205,-11,122,15,821,796,25,,
9010105175015,9010105175015,172,44,86,203,92,21,652,618,34,,
9010105190001,9010105190001,206,24,115,113,75,35,661,568,93,,
9010105190002,9010105190002,172,46,99,29,72,40,566,458,108,,
9010105190003,9010105190003,63,88,67,576,110,39,965,943,22,,
9010205193001,9010205193001,342,45,384,6,72,39,915,888,27,,
9010205193002,9010205193002,444,19,143,113,6,3,912,728,184,,
9010205193003,9010205193003,144,21,85,-48,41,11,268,254,14,,
9020105196001,9020105196001,63,1,70,124,41,18,328,317,11,,
9020105196002,9020105196002,269,61,35,71,34,28,562,498,64,,
9020105196003,9020105196003,23,21,123,323,3,38,669,531,138,,
9020105196004,9020105196004,230,52,193,13,44,22,648,554,94,,
9020105196005,9020105196005,330,28,36,78,14,4,530,490,40,,
9020105196006,9020105196006,291,92,201,66,11,17,762,678,84,,
9020105196007,9020105196007,14,11,3,47,12,2,95,89,6,,
9020105203001,9020105203001,68,19,23,53,14,5,186,182,4,,
9020105203002,9020105203002,66,45,142,81,1,39,432,374,58,,
9020105205001,9020105205001,27,1,25,-1,3,1,62,56,6,,
9020105205002,9020105205002,47,18,112,189,25,30,521,421,100,,
9020105205003,9020105205003,74,8,30,25,18,16,201,171,30,,
9020105205004,9020105205004,54,7,97,285,6,47,560,496,64,,
9020105205005,9020105205005,322,25,165,79,107,42,749,740,9,,
9020105205006,9020105205006,55,15,19,61,5,11,202,166,36,,
9020105205007,9020105205007,546,38,164,42,20,81,963,891,72,,
9020205212001,9020205212001,18,11,7,214,48,26,377,324,53,,
9020205212002,9020205212002,16,6,1,30,5,5,71,63,8,,
9020205212003,9020205212003,21,33,22,155,35,1,284,267,17,,
9020205212004,9020205212004,46,12,41,2,3,9,131,113,18,,
9020205212005,9020205212005,142,47,22,245,12,34,598,502,96,,
9020205212006,9020205212006,238,36,157,-102,7,21,425,357,68,,
9030105218001,9030105218001,107,29,130,9,1,25,374,301,73,,
9030105218002,9030105218002,4,8,4,57,9,9,99,91,8,,
9030105218003,9030105218003,0,56,3,402,64,25,637,550,87,,
9030105218004,9030105218004,351,64,85,0,106,46,822,652,170,,
9030105218005,9030105218005,172,5,70,-5,41,11,329,294,35,,
9030105218006,9030105218006,196,32,149,-49,57,7,493,392,101,,
9030105218007,9030105218007,3,6,79,78,5,7,178,178,0,,
9030105218008,9030105218008,10,2,4,8,0,0,24,24,0,,
9030105218009,9030105218009,1,28,29,151,13,18,294,240,54,,
9030105218010,9030105218010,195,12,73,342,107,31,850,760,90,,
9030105218011,9030105218011,358,69,221,-117,72,1,617,604,13,,
9030105218012,9030105218012,70,2,112,188,73,7,544,452,92,,
9030105218013,9030105218013,91,17,57,-36,25,13,211,167,44,,
9030105218014,9030105218014,60,5,37,31,9,4,177,146,31,,
9030305232001,9030305232001,6,0,4,1,1,0,12,12,0,,
9030305232002,9030305232002,82,0,42,502,88,66,812,780,32,,
9030305232003,9030305232003,438,51,328,-160,13,43,715,713,2,,
9030305232004,9030305232004,99,71,29,347,25,2,621,573,48,,
9030305232005,9030305232005,123,1,11,85,13,26,312,259,53,,
9030305232006,9030305232006,55,19,30,106,40,3,271,253,18,,
9030305232007,9030305232007,92,4,22,64,25,4,217,211,6,,
9030305232008,9030305232008,167,54,307,120,109,67,875,824,51,,
9030305232009,9030305232009,369,52,174,-59,90,59,735,685,50,,
9030305232010,9030305232010,30,10,16,16,7,3,83,82,1,,
9030305232011,9030305232011,329,61,48,127,97,56,760,718,42,,
9030305232012,9030305232012,309,33,207,-57,47,10,621,549,72,,
9030305232013,9030305232013,24,0,17,2,8,5,56,56,0,,
9030305245001,9030305245001,154,128,184,397,7,39,940,909,31,,
9030305245002,9030305245002,217,13,142,-46,24,20,425,370,55,,
9030305245003,9030305245003,77,42,117,145,24,11,473,416,57,,
9030305245004,9030305245004,239,33,155,36,7,45,590,515,75,,
9030305245005,9030305245005,36,1,27,10,15,7,102,96,6,,
9030305245006,9030305245006,354,22,95,27,72,4,616,574,42,,
9030305245007,9030305245007,268,2,185,-21,2,16,576,452,124,,
9030305245008,9030305245008,113,19,82,-4,35,17,293,262,31,,
9030305245009,9030305245009,95,11,106,161,32,18,530,423,107,,
9030305245010,9030305245010,23,3,24,8,10,7,81,75,6,,
9030305245011,9030305245011,55,16,82,238,74,0,511,465,46,,
9030305245012,9030305245012,303,71,77,63,83,5,674,602,72,,
9030305245013,9030305245013,47,90,74,405,24,64,714,704,10,,
9030305245014,9030305245014,26,2,13,188,23,15,318,267,51,,
9030305245015,9030305245015,244,31,246,62,111,46,930,740,190,,
9030305245016,9030305245016,357,49,181,131,99,56,878,873,5,,
9030305245017,9030305245017,166,31,286,222,125,39,965,869,96,,
9030305245018,9030305245018,298,8,125,225,39,27,769,722,47,,
9030305245019,9030305245019,51,4,73,50,46,11,294,235,59,,
9030305245020,9030305245020,115,56,130,90,20,33,473,444,29,,
9030305265001,9030305265001,239,42,28,162,91,17,729,579,150,,
9030305265002,9030305265002,145,13,62,-17,5,22,257,230,27,,
9030305265003,9030305265003,86,50,309,325,107,7,980,884,96,,
9040105268001,9040105268001,340,16,134,54,64,63,821,671,150,,
9040105268002,9040105268002,363,79,135,1,39,61,728,678,50,,
9040105268003,9040105268003,125,17,58,242,22,43,558,507,51,,
9040105268004,9040105268004,341,51,48,31,49,34,574,554,20,,
9040105268005,9040105268005,101,92,281,273,60,39,846,846,0,,
9040105268006,9040105268006,62,19,58,122,41,28,369,330,39,,
9040105268007,9040105268007,559,99,180,-78,22,43,858,825,33,,
9040105268008,9040105268008,75,109,276,322,78,4,980,864,116,,
9040105268009,9040105268009,7,12,104,138,25,4,344,290,54,,
9040105277001,9040105277001,127,16,38,116,11,31,347,339,8,,
9040105277002,9040105277002,20,11,52,30,6,3,135,122,13,,
9040105277003,9040105277003,62,6,13,13,15,2,116,111,5,,
9040105277004,9040105277004,421,26,232,-56,108,0,741,731,10,,
9040105277005,9040105277005,18,22,39,170,19,7,288,275,13,,
9040105277006,9040105277006,19,43,65,311,49,28,622,515,107,,
9040105277007,9040105277007,69,75,217,237,85,3,843,686,157,,
9040105277008,9040105277008,9,4,17,43,1,5,85,79,6,,
9040105277009,9040105277009,29,17,49,377,32,27,541,531,10,,
9040105277010,9040105277010,74,11,95,156,80,44,514,460,54,,
9040105277011,9040105277011,21,59,177,185,75,14,609,531,78,,
9040105277012,9040105277012,108,25,3,88,29,10,268,263,5,,
9040105277013,9040105277013,137,16,192,87,4,34,515,470,45,,
9040105277014,9040105277014,65,8,77,36,40,12,267,238,29,,
9040105277015,9040105277015,245,37,63,128,42,9,543,524,19,,
9040105277016,9040105277016,205,1,81,45,8,6,357,346,11,,
9040205293001,9040205293001,68,40,29,266,62,13,501,478,23,,
9040205293002,9040205293002,189,20,40,107,64,25,538,445,93,,
9040205293003,9040205293003,382,49,129,-40,29,44,665,593,72,,
9040205293004,9040205293004,99,18,137,303,99,19,679,675,4,,
9040205293005,9040205293005,180,41,102,-44,48,0,365,327,38,,
9040205293006,9040205293006,217,23,89,72,44,10,456,455,1,,
9040205293007,9040205293007,309,66,51,193,93,40,828,752,76,,
9040205293008,9040205293008,108,11,74,61,0,9,282,263,19,,
9040205293009,9040205293009,248,30,276,107,20,39,789,720,69,,
9040205293010,9040205293010,256,40,130,180,38,18,759,662,97,,
9040205293011,9040205293011,109,11,284,280,57,77,830,818,12,,
9040205293012,9040205293012,138,46,7,466,20,83,861,760,101,,
9040205293013,9040205293013,282,11,80,62,30,30,574,495,79,,
9040205293014,9040205293014,13,31,3,176,12,15,283,250,33,,
9040205293015,9040205293015,6,0,7,33,2,0,60,48,12,,
9040205293016,9040205293016,309,24,101,240,22,30,867,726,141,,
9040205293017,9040205293017,274,61,60,34,70,27,655,526,129,,
9050105310001,9050105310001,8,0,34,40,2,11,118,95,23,,
9050105310002,9050105310002,225,48,107,-30,32,47,497,429,68,,
9050105310003,9050105310003,11,3,12,94,24,6,160,150,10,,
9050105310004,9050105310004,46,38,263,259,94,15,737,715,22,,
9050105310005,9050105310005,300,45,39,85,50,4,643,523,120,,
9050105310006,9050105310006,211,46,90,65,52,44,650,508,142,,
9050105310007,9050105310007,206,17,280,160,76,9,871,748,123,,
9050105310008,9050105310008,24,30,80,401,72,5,737,612,125,,
9050105310009,9050105310009,183,51,47,143,21,24,554,469,85,,
9050105319001,9050105319001,61,18,44,56,31,20,232,230,2,,
9050105319002,9050105319002,220,19,214,-9,19,62,638,525,113,,
9050105319003,9050105319003,15,49,109,164,4,3,392,344,48,,
9050105319004,9050105319004,151,45,170,17,18,5,471,406,65,,
9050105319005,9050105319005,263,55,89,97,26,1,636,531,105,,
9050205324001,9050205324001,238,35,194,-12,55,41,677,551,126,,
9050205324002,9050205324002,94,10,74,-25,18,7,200,178,22,,
9050205324003,9050205324003,33,6,6,7,8,2,64,62,2,,
9050205324004,9050205324004,65,5,157,397,19,1,794,644,150,,
9050205324005,9050205324005,158,34,91,-24,56,28,433,343,90,,
9050205324006,9050205324006,9,20,170,193,50,2,499,444,55,,
9050205324007,9050205324007,421,63,382,-100,57,3,940,826,114,,
9050205324008,9050205324008,255,19,44,58,32,1,439,409,30,,
9050205324009,9050205324009,2,0,1,0,0,0,3,3,0,,
9050205324010,9050205324010,33,2,22,-7,0,4,56,54,2,,
9050205324011,9050205324011,81,55,103,179,76,29,614,523,91,,
9050305335001,9050305335001,109,10,91,377,111,87,917,785,132,,
9050305335002,9050305335002,1,1,1,7,0,0,11,10,1,,
9050305335003,9050305335003,12,2,16,7,4,1,42,42,0,,
9050305335004,9050305335004,270,17,67,326,1,22,769,703,66,,
9050305335005,9050305335005,164,3,83,533,63,48,973,894,79,,
9050305335006,9050305335006,215,31,35,14,20,14,390,329,61,,
9050305335007,9050305335007,4,8,9,34,11,3,82,69,13,,
9050305335008,9050305335008,42,11,75,179,30,23,449,360,89,,
9050305335009,9050305335009,257,37,155,-104,0,4,387,349,38,,
9050305335010,9050305335010,46,10,11,22,16,5,120,110,10,,
9050305335011,9050305335011,126,17,34,267,87,26,637,557,80,,
9050305335012,9050305335012,9,2,15,24,7,2,66,59,7,,
9050305335013,9050305335013,99,52,220,123,100,25,645,619,26,,
9050305335014,9050305335014,419,77,81,131,116,58,943,882,61,,
9050305335015,9050305335015,136,12,223,371,18,14,791,774,17,,
9050305335016,9050305335016,14,2,9,6,0,1,33,32,1,,
9050305335017,9050305335017,35,5,16,5,7,5,73,73,0,,
